{"name": "Road26", "members_distance": null, "m1": {"control_nodes": [[125.0, 0.0, -28.0, 8.0], [125.0, 25.0, -28.0, 8.0], [125.0, 50.0, -28.0, 8.0], [116.69070738193159, 68.90761889907589, -28.0, 8.0], [110.51181381324014, 104.81248635136953, -28.0, 8.0], [103.46508022811146, 116.62614014240258, -28.0, 8.0], [89.77044892079964, 143.85156500177627, -28.0, 8.0], [74.4309382583696, 152.81076374040876, -28.0, 8.0], [49.4461675828922, 151.93827632284624, -28.0, 8.0], [28.967366475667408, 166.2776872316224, -28.0, 8.0], [8.488565368442611, 180.61709814039855, -28.0, 8.0]], "sample_nodes": [[125.0, 25.0, -28.0, 8.0], [125.05255580245421, 27.801908153836344, -28.0, 8.0], [125.18394530858976, 30.640011871760517, -28.0, 8.0], [125.35475166656595, 33.49621337172862, -28.0, 8.0], [125.52555802454214, 36.35241487169674, -28.0, 8.0], [125.65694753067766, 39.190518589620915, -28.0, 8.0], [125.70950333313186, 41.992426743457244, -28.0, 8.0], [125.64380858006412, 44.74004155116182, -28.0, 8.0], [125.42044641963369, 47.41526523069072, -28.0, 8.0], [125.0, 50.0, -28.0, 8.0], [124.40684485190623, 52.22202194241923, -28.0, 8.0], [123.62501825874884, 54.31183872505576, -28.0, 8.0], [122.70001159835005, 56.31312662373669, -28.0, 8.0], [121.67731624853204, 58.26956191428924, -28.0, 8.0], [120.60242358711704, 60.22482087254052, -28.0, 8.0], [119.5208249919273, 62.222579774317666, -28.0, 8.0], [118.478011840785, 64.30651489544783, -28.0, 8.0], [117.51947551151237, 66.5203025117582, -28.0, 8.0], [116.6907073819316, 68.90761889907589, -28.0, 8.0], [115.79684739116036, 72.46990837958208, -28.0, 8.0], [115.07094793382493, 76.45561870597004, -28.0, 8.0], [114.46323838069385, 80.72904882676343, -28.0, 8.0], [113.92394810253577, 85.1544976904861, -28.0, 8.0], [113.40330647011922, 89.59626424566174, -28.0, 8.0], [112.8515428542128, 93.91864744081417, -28.0, 8.0], [112.21888662558509, 97.98594622446709, -28.0, 8.0], [111.45556715500467, 101.6624595451443, -28.0, 8.0], [110.51181381324014, 104.81248635136953, -28.0, 8.0], [109.8469361926325, 106.438988201973, -28.0, 8.0], [109.14540235513064, 107.86212438770752, -28.0, 8.0], [108.41026931035991, 109.13542230227408, -28.0, 8.0], [107.64459406794577, 110.31240933937367, -28.0, 8.0], [106.85143363751354, 111.44661289270735, -28.0, 8.0], [106.03384502868862, 112.59156035597604, -28.0, 8.0], [105.1948852510964, 113.80077912288083, -28.0, 8.0], [104.33761131436222, 115.12779658712267, -28.0, 8.0], [103.46508022811147, 116.62614014240259, -28.0, 8.0], [102.15160988189771, 119.24129866949673, -28.0, 8.0], [100.81893830218608, 122.23837416974837, -28.0, 8.0], [99.45299222962578, 125.49760458460813, -28.0, 8.0], [98.03969840486609, 128.89922785552676, -28.0, 8.0], [96.5649835685562, 132.32348192395486, -28.0, 8.0], [95.01477446134538, 135.6506047313432, -28.0, 8.0], [93.37499782388284, 138.76083421914242, -28.0, 8.0], [91.63158039681785, 141.5344083288032, -28.0, 8.0], [89.77044892079964, 143.85156500177627, -28.0, 8.0], [88.28040842067087, 145.34521047823648, -28.0, 8.0], [86.74643073574595, 146.70113662282188, -28.0, 8.0], [85.164380062351, 147.92498969027045, -28.0, 8.0], [83.53012059681205, 149.02241593532, -28.0, 8.0], [81.83951653545518, 149.9990616127085, -28.0, 8.0], [80.08843207460644, 150.86057297717372, -28.0, 8.0], [78.27273141059189, 151.6125962834536, -28.0, 8.0], [76.38827873973757, 152.26077778628596, -28.0, 8.0], [74.4309382583696, 152.81076374040876, -28.0, 8.0], [71.95345594594245, 153.17821131370434, -28.0, 8.0], [69.28732773092985, 153.16364972185235, -28.0, 8.0], [66.48140864463466, 152.88104104066332, -28.0, 8.0], [63.584553718359814, 152.44434734594796, -28.0, 8.0], [60.64561798340819, 151.96753071351674, -28.0, 8.0], [57.71345647108273, 151.5645532191804, -28.0, 8.0], [54.8369242126863, 151.34937693874946, -28.0, 8.0], [52.06487623952182, 151.43596394803455, -28.0, 8.0], [49.446167582892194, 151.9382763228462, -28.0, 8.0], [46.972952334786186, 152.86380655215768, -28.0, 8.0], [44.59245250989524, 154.1023388046448, -28.0, 8.0], [42.286125023576346, 155.59127267567246, -28.0, 8.0], [40.035426791186495, 157.2680077606056, -28.0, 8.0], [37.82181472808268, 159.06994365480892, -28.0, 8.0], [35.62674574962186, 160.93447995364744, -28.0, 8.0], [33.43167677116107, 162.79901625248596, -28.0, 8.0], [31.218064708057256, 164.60095214668934, -28.0, 8.0], [28.967366475667408, 166.2776872316224, -28.0, 8.0]], "num_spline_nodes": 10, "road_bbox_size": [0.0, 0.0, 250.0, 250.0], "distance_to_boundary": -0.3329178245067501}, "seed": {"control_nodes": [[125.0, 0.0, -28.0, 8.0], [125.0, 25.0, -28.0, 8.0], [125.0, 50.0, -28.0, 8.0], [116.69070738193159, 68.90761889907589, -28.0, 8.0], [112.51181381324014, 104.81248635136953, -28.0, 8.0], [108.46508022811146, 116.62614014240258, -28.0, 8.0], [89.77044892079964, 143.85156500177627, -28.0, 8.0], [74.4309382583696, 152.81076374040876, -28.0, 8.0], [49.4461675828922, 151.93827632284624, -28.0, 8.0], [28.967366475667408, 166.2776872316224, -28.0, 8.0], [8.488565368442611, 180.61709814039855, -28.0, 8.0]],