{"name": "Road23", "members_distance": null, "m1": {"control_nodes": [[125.0, 0.0, -28.0, 8.0], [125.0, 25.0, -28.0, 8.0], [125.0, 50.0, -28.0, 8.0], [126.69070738193159, 76.90761889907589, -28.0, 8.0], [108.51181381324014, 101.81248635136953, -28.0, 8.0], [105.46508022811146, 121.62614014240258, -28.0, 8.0], [91.77044892079964, 143.85156500177627, -28.0, 8.0], [74.4309382583696, 152.81076374040876, -28.0, 8.0], [49.4461675828922, 151.93827632284624, -28.0, 8.0], [28.967366475667408, 166.2776872316224, -28.0, 8.0], [8.488565368442611, 180.61709814039855, -28.0, 8.0]], "sample_nodes": [[125.0, 25.0, -28.0, 8.0], [124.99123543469341, 27.7728748892592, -28.0, 8.0], [124.96932402142694, 30.538395445740512, -28.0, 8.0], [124.94083918418053, 33.3002388358329, -28.0, 8.0], [124.91235434693408, 36.062082225925295, -28.0, 8.0], [124.8904429336676, 38.827602782406615, -28.0, 8.0], [124.88167836836101, 41.6004776716658, -28.0, 8.0], [124.89263407499426, 44.384384060091804, -28.0, 8.0], [124.92988347754726, 47.18299911407357, -28.0, 8.0], [125.0, 50.0, -28.0, 8.0], [125.21134968145392, 52.96662957386338, -28.0, 8.0], [125.60680748344635, 55.98187705030667, -28.0, 8.0], [126.10495278585168, 59.027381813156374, -28.0, 8.0], [126.6243649685446, 62.084783246239056, -28.0, 8.0], [127.0836234113996, 65.13572073338125, -28.0, 8.0], [127.40130749429125, 68.16183365840949, -28.0, 8.0], [127.49599659709409, 71.14476140515032, -28.0, 8.0], [127.28627009968268, 74.06614335743028, -28.0, 8.0], [126.69070738193159, 76.90761889907589, -28.0, 8.0], [125.49011787494021, 79.8524481582411, -28.0, 8.0], [123.73324853264772, 82.71798630561982, -28.0, 8.0], [121.57072418916208, 85.51918434292773, -28.0, 8.0], [119.1531696785913, 88.2709932718806, -28.0, 8.0], [116.63120983504336, 90.98836409419413, -28.0, 8.0], [114.15546949262628, 93.68624781158402, -28.0, 8.0], [111.87657348544803, 96.3795954257661, -28.0, 8.0], [109.94514664761665, 99.08335793845599, -28.0, 8.0], [108.51181381324014, 101.81248635136953, -28.0, 8.0], [107.7641457871636, 104.0262194627218, -28.0, 8.0], [107.29860961873152, 106.23763265616908, -28.0, 8.0], [107.03812830525766, 108.44641132258572, -28.0, 8.0], [106.90562484405592, 110.65224085284603, -28.0, 8.0], [106.82402223244006, 112.85480663782425, -28.0, 8.0], [106.71624346772386, 115.05379406839471, -28.0, 8.0], [106.50521154722114, 117.24888853543175, -28.0, 8.0], [106.11384946824576, 119.43977542980959, -28.0, 8.0], [105.46508022811147, 121.62614014240259, -28.0, 8.0], [104.45896803108518, 124.18347863162438, -28.0, 8.0], [103.28488905657052, 126.83709982891233, -28.0, 8.0], [101.95959547665687, 129.53632755529026, -28.0, 8.0], [100.49983946343357, 132.23048563178187, -28.0, 8.0], [98.92237318898995, 134.86889787941095, -28.0, 8.0], [97.2439488254154, 137.40088811920117, -28.0, 8.0], [95.48131854479924, 139.77578017217627, -28.0, 8.0], [93.65123451923088, 141.94289785936007, -28.0, 8.0], [91.77044892079965, 143.8515650017763, -28.0, 8.0], [90.0920556117065, 145.3147215252592, -28.0, 8.0], [88.34531012157643, 146.6572602162087, -28.0, 8.0], [86.53291135084682, 147.88076478889258, -28.0, 8.0], [84.65755819995496, 148.98681895757846, -28.0, 8.0], [82.72194956933822, 149.97700643653408, -28.0, 8.0], [80.72878435943399, 150.8529109400272, -28.0, 8.0], [78.68076147067954, 151.61611618232547, -28.0, 8.0], [76.5805798035123, 152.26820587769677, -28.0, 8.0], [74.4309382583696, 152.81076374040873, -28.0, 8.0], [71.87997006746981, 153.14362636011134, -28.0, 8.0], [69.17480247951859, 153.11069151166308, -28.0, 8.0], [66.35740122471205, 152.82267893147514, -28.0, 8.0], [63.46973203324629, 152.3903083559589, -28.0, 8.0], [60.55376063531739, 151.92429952152554, -28.0, 8.0], [57.65145276112143, 151.5353721645863, -28.0, 8.0], [54.80477414085451, 151.33424602155256, -28.0, 8.0], [52.05569050471275, 151.43164082883544, -28.0, 8.0], [49.4461675828922, 151.93827632284624, -28.0, 8.0], [46.972952334786186, 152.86380655215768, -28.0, 8.0], [44.59245250989524, 154.1023388046448, -28.0, 8.0], [42.286125023576346, 155.59127267567246, -28.0, 8.0], [40.035426791186495, 157.2680077606056, -28.0, 8.0], [37.82181472808268, 159.06994365480892, -28.0, 8.0], [35.62674574962186, 160.93447995364744, -28.0, 8.0], [33.43167677116107, 162.79901625248596, -28.0, 8.0], [31.218064708057256, 164.60095214668934, -28.0, 8.0], [28.967366475667408, 166.2776872316224, -28.0, 8.0]], "num_spline_nodes": 10, "road_bbox_size": [0.0, 0.0, 250.0, 250.0], "distance_to_boundary": -0.5473993293603363}, "seed": {"control_nodes": [[125.0, 0.0, -28.0, 8.0], [125.0, 25.0, -28.0, 8.0], [125.0, 50.0, -28.0, 8.0], [126.69070738193159, 76.90761889907589, -28.0, 8.0], [114.51181381324014, 101.81248635136953, -28.0, 8.0], [105.46508022811146, 121.62614014240258, -28.0, 8.0], [91.77044892079964, 143.85156500177627, -28.0, 8.0], [74.4309382583696, 152.81076374040876, -28.0, 8.0], [49.4461675828922, 151.93827632284624, -28.0, 8.0], [28.967366475667408, 166.2776872316224, -28.0, 8.0], [8.488565368442611, 180.61709814039855, -28.0, 8.0]],