{"name": "Road340", "members_distance": null, "m1": {"control_nodes": [[125.0, 0.0, -28.0, 8.0], [125.0, 25.0, -28.0, 8.0], [125.0, 50.0, -28.0, 8.0], [116.69070738193159, 68.90761889907589, -28.0, 8.0], [112.51181381324014, 104.81248635136953, -28.0, 8.0], [108.46508022811146, 116.62614014240258, -28.0, 8.0], [89.77044892079964, 143.85156500177627, -28.0, 8.0], [74.4309382583696, 152.81076374040876, -28.0, 8.0], [49.4461675828922, 151.93827632284624, -28.0, 8.0], [28.967366475667408, 166.2776872316224, -28.0, 8.0], [8.488565368442611, 180.61709814039855, -28.0, 8.0]], "sample_nodes": [[125.0, 25.0, -28.0, 8.0], [125.05255580245421, 27.801908153836344, -28.0, 8.0], [125.18394530858976, 30.640011871760517, -28.0, 8.0], [125.35475166656595, 33.49621337172862, -28.0, 8.0], [125.52555802454214, 36.35241487169674, -28.0, 8.0], [125.65694753067766, 39.190518589620915, -28.0, 8.0], [125.70950333313186, 41.992426743457244, -28.0, 8.0], [125.64380858006412, 44.74004155116182, -28.0, 8.0], [125.42044641963369, 47.41526523069072, -28.0, 8.0], [125.0, 50.0, -28.0, 8.0], [124.39975103320045, 52.221432796283494, -28.0, 8.0], [123.60018989327858, 54.30977671358067, -28.0, 8.0], [122.652128322086, 56.309149887320444, -28.0, 8.0], [121.60637806147419, 58.26367045293184, -28.0, 8.0], [120.51375085329472, 60.21745654584376, -28.0, 8.0], [119.42505843939922, 62.21462630148517, -28.0, 8.0], [118.39111256163913, 64.29929785528502, -28.0, 8.0], [117.46272496186609, 66.51558934267229, -28.0, 8.0], [116.69070738193159, 68.90761889907589, -28.0, 8.0], [115.9044003386315, 72.46176347626772, -28.0, 8.0], [115.30584645108817, 76.4350154516447, -28.0, 8.0], [114.84907853137018, 80.69439506238419, -28.0, 8.0], [114.48812939154627, 85.10692254566362, -28.0, 8.0], [114.17703184368506, 89.53961813866046, -28.0, 8.0], [113.86981869985522, 93.85950207855205, -28.0, 8.0], [113.52052277212532, 97.93359460251581, -28.0, 8.0], [113.08317687256407, 101.62891594772918, -28.0, 8.0], [112.51181381324015, 104.81248635136953, -28.0, 8.0], [112.14499255543004, 106.40643353466719, -28.0, 8.0], [111.80062869504822, 107.82797631521251, -28.0, 8.0], [111.46022451099634, 109.12086097443927, -28.0, 8.0], [111.10528228217615, 110.32883379378124, -28.0, 8.0], [110.71730428748941, 111.49564105467228, -28.0, 8.0], [110.27779280583783, 112.66502903854612, -28.0, 8.0], [109.76825011612314, 113.88074402683655, -28.0, 8.0], [109.17017849724711, 115.18653230097746, -28.0, 8.0], [108.46508022811145, 116.62614014240258, -28.0, 8.0], [107.06049148192399, 119.31057813147308, -28.0, 8.0], [105.36830419140385, 122.34175383246482, -28.0, 8.0], [103.43971139231712, 125.60755921357514, -28.0, 8.0], [101.3259061204299, 128.9958862430013, -28.0, 8.0], [99.07808141150826, 132.39462688894068, -28.0, 8.0], [96.74743030131833, 135.69167311959052, -28.0, 8.0], [94.38514582562618, 138.7749169031482, -28.0, 8.0], [92.0424210201979, 141.532250207811, -28.0, 8.0], [89.77044892079964, 143.85156500177627, -28.0, 8.0], [88.15527557309944, 145.30458737662767, -28.0, 8.0], [86.5548210629022, 146.63893249848343, -28.0, 8.0], [84.95321838207423, 147.8564382063056, -28.0, 8.0], [83.33460052248171, 148.95894233905625, -28.0, 8.0], [81.6831004759909, 149.9482827356975, -28.0, 8.0], [79.98285123446804, 150.8262972351913, -28.0, 8.0], [78.21798578977938, 151.59482367649971, -28.0, 8.0], [76.37263713379116, 152.25569989858485, -28.0, 8.0], [74.4309382583696, 152.81076374040876, -28.0, 8.0], [71.95345594594245, 153.17821131370434, -28.0, 8.0], [69.28732773092985, 153.16364972185235, -28.0, 8.0], [66.48140864463466, 152.88104104066332, -28.0, 8.0], [63.584553718359814, 152.44434734594796, -28.0, 8.0], [60.64561798340819, 151.96753071351674, -28.0, 8.0], [57.71345647108273, 151.5645532191804, -28.0, 8.0], [54.8369242126863, 151.34937693874946, -28.0, 8.0], [52.06487623952182, 151.43596394803455, -28.0, 8.0], [49.446167582892194, 151.9382763228462, -28.0, 8.0], [46.972952334786186, 152.86380655215768, -28.0, 8.0], [44.59245250989524, 154.1023388046448, -28.0, 8.0], [42.286125023576346, 155.59127267567246, -28.0, 8.0], [40.035426791186495, 157.2680077606056, -28.0, 8.0], [37.82181472808268, 159.06994365480892, -28.0, 8.0], [35.62674574962186, 160.93447995364744, -28.0, 8.0], [33.43167677116107, 162.79901625248596, -28.0, 8.0], [31.218064708057256, 164.60095214668934, -28.0, 8.0], [28.967366475667408, 166.2776872316224, -28.0, 8.0]], "num_spline_nodes": 10, "road_bbox_size": [0.0, 0.0, 250.0, 250.0], "distance_to_boundary": -0.5639631629819761}, "seed": {"control_nodes": [[125.0, 0.0, -28.0, 8.0], [125.0, 25.0, -28.0, 8.0], [125.0, 50.0, -28.0, 8.0], [116.69070738193159, 72.90761889907589, -28.0, 8.0], [116.51181381324014, 100.81248635136953, -28.0, 8.0], [108.46508022811146, 116.62614014240258, -28.0, 8.0], [88.77044892079964, 143.85156500177627, -28.0, 8.0], [74.4309382583696, 152.81076374040876, -28.0, 8.0], [49.4461675828922, 151.93827632284624, -28.0, 8.0], [28.967366475667408, 166.2776872316224, -28.0, 8.0], [8.488565368442611, 180.61709814039855, -28.0, 8.0]],