{"name": "Road18", "members_distance": null, "m1": {"control_nodes": [[125.0, 0.0, -28.0, 8.0], [125.0, 25.0, -28.0, 8.0], [125.0, 50.0, -28.0, 8.0], [113.69070738193159, 73.90761889907589, -28.0, 8.0], [113.51181381324014, 100.81248635136953, -28.0, 8.0], [112.46508022811146, 123.62614014240258, -28.0, 8.0], [90.77044892079964, 143.85156500177627, -28.0, 8.0], [74.4309382583696, 152.81076374040876, -28.0, 8.0], [49.4461675828922, 151.93827632284624, -28.0, 8.0], [28.967366475667408, 166.2776872316224, -28.0, 8.0], [8.488565368442611, 180.61709814039855, -28.0, 8.0]], "sample_nodes": [[125.0, 25.0, -28.0, 8.0], [125.05948267498391, 27.78727658802979, -28.0, 8.0], [125.20818936244369, 30.588801391437592, -28.0, 8.0], [125.4015080561414, 33.39745030253441, -28.0, 8.0], [125.59482674983909, 36.206099213631234, -28.0, 8.0], [125.74353343729888, 39.00762401703904, -28.0, 8.0], [125.80301611228276, 41.79490060506882, -28.0, 8.0], [125.7286627685529, 44.56080487003159, -28.0, 8.0], [125.47586139987128, 47.298212704238324, -28.0, 8.0], [125.0, 50.0, -28.0, 8.0], [124.18600874610799, 52.72167357825851, -28.0, 8.0], [123.04481395116241, 55.38298544793127, -28.0, 8.0], [121.66922461688812, 58.00281154001634, -28.0, 8.0], [120.15204974501, 60.60002778551174, -28.0, 8.0], [118.58609833725285, 63.19351011541556, -28.0, 8.0], [117.0641793953416, 65.80213446072584, -28.0, 8.0], [115.67910192100105, 68.44477675244062, -28.0, 8.0], [114.52367491595612, 71.14031292155794, -28.0, 8.0], [113.69070738193159, 73.90761889907589, -28.0, 8.0], [113.18132680162059, 76.78624010621675, -28.0, 8.0], [112.91216510267704, 79.74089682499978, -28.0, 8.0], [112.83271814134949, 82.750874747912, -28.0, 8.0], [112.89248177388654, 85.79545956744037, -28.0, 8.0], [113.04095185653674, 88.85393697607194, -28.0, 8.0], [113.22762424554863, 91.90559266629364, -28.0, 8.0], [113.40199479717077, 94.92971233059247, -28.0, 8.0], [113.51355936765175, 97.90558166145541, -28.0, 8.0], [113.51181381324014, 100.81248635136951, -28.0, 8.0], [113.5249058553878, 103.45642432537295, -28.0, 8.0], [113.65899800772938, 106.10038344260474, -28.0, 8.0], [113.84836924727153, 108.73266668959803, -28.0, 8.0], [114.02729855102102, 111.34157705288592, -28.0, 8.0], [114.13006489598445, 113.9154175190015, -28.0, 8.0], [114.09094725916852, 116.44249107447786, -28.0, 8.0], [113.8442246175799, 118.91110070584807, -28.0, 8.0], [113.32417594822533, 121.30954939964528, -28.0, 8.0], [112.46508022811145, 123.62614014240256, -28.0, 8.0], [111.00661726507658, 126.19800056193752, -28.0, 8.0], [109.08885850361987, 128.72524175605386, -28.0, 8.0], [106.80663946877934, 131.19220864378286, -28.0, 8.0], [104.25479568559288, 133.58324614415594, -28.0, 8.0], [101.52816267909841, 135.88269917620426, -28.0, 8.0], [98.72157597433392, 138.0749126589592, -28.0, 8.0], [95.92987109633734, 140.14423151145195, -28.0, 8.0], [93.24788357014658, 142.0750006527139, -28.0, 8.0], [90.77044892079962, 143.85156500177624, -28.0, 8.0], [88.94830268519084, 145.17094313903786, -28.0, 8.0], [87.18163742118422, 146.43571236339275, -28.0, 8.0], [85.44738753926036, 147.63457167922093, -28.0, 8.0], [83.72248744989989, 148.75622009090233, -28.0, 8.0], [81.98387156358343, 149.78935660281707, -28.0, 8.0], [80.20847429079154, 150.72268021934502, -28.0, 8.0], [78.37323004200488, 151.54488994486627, -28.0, 8.0], [76.455073227704, 152.24468478376085, -28.0, 8.0], [74.4309382583696, 152.81076374040873, -28.0, 8.0], [71.91560512466283, 153.1603788796672, -28.0, 8.0], [69.22936866084542, 153.13634380723303, -28.0, 8.0], [66.4175353837253, 152.85094880822567, -28.0, 8.0], [63.5254118101104, 152.41648416776496, -28.0, 8.0], [60.59830445680868, 151.9452401709704, -28.0, 8.0], [57.681519840628056, 151.54950710296157, -28.0, 8.0], [54.82036447837647, 151.34157524885825, -28.0, 8.0], [52.06014488686188, 151.43373489377993, -28.0, 8.0], [49.4461675828922, 151.93827632284624, -28.0, 8.0], [46.972952334786186, 152.86380655215768, -28.0, 8.0], [44.59245250989524, 154.1023388046448, -28.0, 8.0], [42.286125023576346, 155.59127267567246, -28.0, 8.0], [40.035426791186495, 157.2680077606056, -28.0, 8.0], [37.82181472808268, 159.06994365480892, -28.0, 8.0], [35.62674574962186, 160.93447995364744, -28.0, 8.0], [33.43167677116107, 162.79901625248596, -28.0, 8.0], [31.218064708057256, 164.60095214668934, -28.0, 8.0], [28.967366475667408, 166.2776872316224, -28.0, 8.0]], "num_spline_nodes": 10, "road_bbox_size": [0.0, 0.0, 250.0, 250.0], "distance_to_boundary": -0.5389840906446559}, "seed": {"control_nodes": [[125.0, 0.0, -28.0, 8.0], [125.0, 25.0, -28.0, 8.0], [125.0, 50.0, -28.0, 8.0], [113.69070738193159, 73.90761889907589, -28.0, 8.0], [113.51181381324014, 100.81248635136953, -28.0, 8.0], [112.46508022811146, 118.62614014240258, -28.0, 8.0], [90.77044892079964, 143.85156500177627, -28.0, 8.0], [74.4309382583696, 152.81076374040876, -28.0, 8.0], [49.4461675828922, 151.93827632284624, -28.0, 8.0], [28.967366475667408, 166.2776872316224, -28.0, 8.0], [8.488565368442611, 180.61709814039855, -28.0, 8.0]],