{"name": "Road162", "members_distance": null, "m1": {"control_nodes": [[125.0, 0.0, -28.0, 8.0], [125.0, 25.0, -28.0, 8.0], [125.0, 50.0, -28.0, 8.0], [110.69070738193159, 73.90761889907589, -28.0, 8.0], [111.51181381324014, 100.81248635136953, -28.0, 8.0], [108.46508022811146, 112.62614014240258, -28.0, 8.0], [88.77044892079964, 143.85156500177627, -28.0, 8.0], [74.4309382583696, 152.81076374040876, -28.0, 8.0], [49.4461675828922, 151.93827632284624, -28.0, 8.0], [28.967366475667408, 166.2776872316224, -28.0, 8.0], [8.488565368442611, 180.61709814039855, -28.0, 8.0]], "sample_nodes": [[125.0, 25.0, -28.0, 8.0], [125.072356696674, 27.790343216294495, -28.0, 8.0], [125.25324843835905, 30.59953459036406, -28.0, 8.0], [125.4884077025496, 33.41815004332117, -28.0, 8.0], [125.72356696674011, 36.23676549627828, -28.0, 8.0], [125.90445870842515, 39.04595687034785, -28.0, 8.0], [125.97681540509916, 41.83630008664234, -28.0, 8.0], [125.88636953425664, 44.598371066274225, -28.0, 8.0], [125.57885357339211, 47.32274573035596, -28.0, 8.0], [125.0, 50.0, -28.0, 8.0], [123.97140006076927, 52.74925660676359, -28.0, 8.0], [122.51466893117197, 55.41722752981378, -28.0, 8.0], [120.75314982178185, 58.02880079357776, -28.0, 8.0], [118.81018594317294, 60.608864422482796, -28.0, 8.0], [116.80912050591905, 63.18230644095606, -28.0, 8.0], [114.87329672059411, 65.77401487342479, -28.0, 8.0], [113.12605779777195, 68.40887774431619, -28.0, 8.0], [111.69074694802646, 71.11178307805748, -28.0, 8.0], [110.69070738193159, 73.90761889907589, -28.0, 8.0], [110.16923239735503, 76.81018625447322, -28.0, 8.0], [110.0040006540677, 79.87429233667709, -28.0, 8.0], [110.10798387357066, 83.0400129443623, -28.0, 8.0], [110.39415377736486, 86.24742387620361, -28.0, 8.0], [110.77548208695137, 89.43660093087584, -28.0, 8.0], [111.16494052383112, 92.54761990705373, -28.0, 8.0], [111.47550080950519, 95.52055660341216, -28.0, 8.0], [111.62013466547452, 98.29548681862582, -28.0, 8.0], [111.51181381324014, 100.81248635136953, -28.0, 8.0], [111.33358347277817, 102.32305731675928, -28.0, 8.0], [111.14547457562426, 103.69244561038728, -28.0, 8.0], [110.93454625892053, 104.95994993803859, -28.0, 8.0], [110.68785765980908, 106.16486900549833, -28.0, 8.0], [110.39246791543209, 107.34650151855163, -28.0, 8.0], [110.03543616293173, 108.54414618298362, -28.0, 8.0], [109.60382153945004, 109.79710170457936, -28.0, 8.0], [109.08468318212925, 111.14466678912395, -28.0, 8.0], [108.46508022811146, 112.62614014240258, -28.0, 8.0], [107.08900481817064, 115.61826066432444, -28.0, 8.0], [105.35145194246259, 119.06591056204793, -28.0, 8.0], [103.32031726943697, 122.82500986692085, -28.0, 8.0], [101.06349646754354, 126.75147861029107, -28.0, 8.0], [98.64888520523203, 130.7012368235064, -28.0, 8.0], [96.14437915095215, 134.53020453791476, -28.0, 8.0], [93.61787397315364, 138.09430178486394, -28.0, 8.0], [91.13726534028623, 141.24944859570184, -28.0, 8.0], [88.77044892079964, 143.85156500177627, -28.0, 8.0], [87.2437366260145, 145.32627982717594, -28.0, 8.0], [85.74634511007454, 146.67069198834292, -28.0, 8.0], [84.25857618193476, 147.8892974522108, -28.0, 8.0], [82.76073165054984, 148.98659218571288, -28.0, 8.0], [81.23311332487475, 149.96707215578272, -28.0, 8.0], [79.65602301386431, 150.83523332935383, -28.0, 8.0], [78.0097625264734, 151.5955716733595, -28.0, 8.0], [76.27463367165687, 152.25258315473334, -28.0, 8.0], [74.43093825836958, 152.81076374040873, -28.0, 8.0], [71.99376527834265, 153.19719236001234, -28.0, 8.0], [69.34905139616761, 153.19271444901142, -28.0, 8.0], [66.54943064305996, 152.91307155630807, -28.0, 8.0], [63.64753705023509, 152.47400523080418, -28.0, 8.0], [60.69600464890842, 151.99125702140174, -28.0, 8.0], [57.74746747029538, 151.58056847700277, -28.0, 8.0], [54.85455954561138, 151.3576811465092, -28.0, 8.0], [52.06991490607185, 151.43833657882305, -28.0, 8.0], [49.44616758289221, 151.93827632284626, -28.0, 8.0], [46.972952334786186, 152.86380655215768, -28.0, 8.0], [44.59245250989524, 154.1023388046448, -28.0, 8.0], [42.286125023576346, 155.59127267567246, -28.0, 8.0], [40.035426791186495, 157.2680077606056, -28.0, 8.0], [37.82181472808268, 159.06994365480892, -28.0, 8.0], [35.62674574962186, 160.93447995364744, -28.0, 8.0], [33.43167677116107, 162.79901625248596, -28.0, 8.0], [31.218064708057256, 164.60095214668934, -28.0, 8.0], [28.967366475667408, 166.2776872316224, -28.0, 8.0]], "num_spline_nodes": 10, "road_bbox_size": [0.0, 0.0, 250.0, 250.0], "distance_to_boundary": -0.535329255486277}, "seed": {"control_nodes": [[125.0, 0.0, -28.0, 8.0], [125.0, 25.0, -28.0, 8.0], [125.0, 50.0, -28.0, 8.0], [116.69070738193159, 73.90761889907589, -28.0, 8.0], [115.51181381324014, 100.81248635136953, -28.0, 8.0], [108.46508022811146, 116.62614014240258, -28.0, 8.0], [88.77044892079964, 143.85156500177627, -28.0, 8.0], [74.4309382583696, 152.81076374040876, -28.0, 8.0], [49.4461675828922, 151.93827632284624, -28.0, 8.0], [28.967366475667408, 166.2776872316224, -28.0, 8.0], [8.488565368442611, 180.61709814039855, -28.0, 8.0]],