{"name": "Road409", "members_distance": null, "m1": {"control_nodes": [[125.0, 0.0, -28.0, 8.0], [125.0, 25.0, -28.0, 8.0], [125.0, 50.0, -28.0, 8.0], [116.69070738193159, 81.90761889907589, -28.0, 8.0], [113.51181381324014, 95.81248635136953, -28.0, 8.0], [108.46508022811146, 114.62614014240258, -28.0, 8.0], [89.77044892079964, 143.85156500177627, -28.0, 8.0], [74.4309382583696, 152.81076374040876, -28.0, 8.0], [49.4461675828922, 151.93827632284624, -28.0, 8.0], [28.967366475667408, 166.2776872316224, -28.0, 8.0], [8.488565368442611, 180.61709814039855, -28.0, 8.0]], "sample_nodes": [[125.0, 25.0, -28.0, 8.0], [125.03695775278433, 27.763557950868893, -28.0, 8.0], [125.12935213474518, 30.505786161374452, -28.0, 8.0], [125.24946483129426, 33.237349501698354, -28.0, 8.0], [125.36957752784332, 35.968912842022256, -28.0, 8.0], [125.46197190980416, 38.71114105252782, -28.0, 8.0], [125.49892966258847, 41.47469900339671, -28.0, 8.0], [125.45273247160809, 44.27025156481059, -28.0, 8.0], [125.29566202227468, 47.10846360695114, -28.0, 8.0], [124.99999999999999, 50.0, -28.0, 8.0], [124.4436742995289, 53.466532301034405, -28.0, 8.0], [123.67004674732999, 57.11030426366266, -28.0, 8.0], [122.73293288326487, 60.863794463746515, -28.0, 8.0], [121.68614824719512, 64.65948147714776, -28.0, 8.0], [120.58350837898227, 68.42984387972812, -28.0, 8.0], [119.47882881848795, 72.10736024734933, -28.0, 8.0], [118.42592510557368, 75.62450915587323, -28.0, 8.0], [117.47861278010105, 78.9137691811615, -28.0, 8.0], [116.69070738193159, 81.90761889907589, -28.0, 8.0], [116.26362619047026, 83.68816618795103, -28.0, 8.0], [115.88252651756818, 85.33643148510727, -28.0, 8.0], [115.53561672615777, 86.8838682852386, -28.0, 8.0], [115.2111051791716, 88.36193008303911, -28.0, 8.0], [114.89720023954206, 89.80207037320278, -28.0, 8.0], [114.58211027020167, 91.23574265042363, -28.0, 8.0], [114.2540436340829, 92.69440040939571, -28.0, 8.0], [113.90120869411824, 94.20949714481297, -28.0, 8.0], [113.51181381324014, 95.81248635136953, -28.0, 8.0], [113.05619823037524, 97.7670716805658, -28.0, 8.0], [112.63423247880868, 99.75677207971768, -28.0, 8.0], [112.22023099584895, 101.78109044537112, -28.0, 8.0], [111.78850821880457, 103.8395296740722, -28.0, 8.0], [111.31337858498406, 105.93159266236691, -28.0, 8.0], [110.76915653169597, 108.0567823068013, -28.0, 8.0], [110.13015649624882, 110.21460150392134, -28.0, 8.0], [109.37069291595115, 112.40455315027309, -28.0, 8.0], [108.46508022811147, 114.62614014240259, -28.0, 8.0], [107.00564091721904, 117.77363289942622, -28.0, 8.0], [105.29116859882014, 121.17827009026144, -28.0, 8.0], [103.36477649625945, 124.74053731525282, -28.0, 8.0], [101.26957783288162, 128.36092017474488, -28.0, 8.0], [99.04868583203137, 131.93990426908226, -28.0, 8.0], [96.74521371705335, 135.37797519860953, -28.0, 8.0], [94.40227471129226, 138.5756185636712, -28.0, 8.0], [92.0629820380928, 141.4333199646119, -28.0, 8.0], [89.77044892079962, 143.85156500177624, -28.0, 8.0], [88.16662984492095, 145.33341082679382, -28.0, 8.0], [86.57220729162893, 146.68306840655035, -28.0, 8.0], [84.97237871577303, 147.90507777846096, -28.0, 8.0], [83.35234157220285, 149.00397897994088, -28.0, 8.0], [81.69729331576781, 149.98431204840517, -28.0, 8.0], [79.99243140131748, 150.850617021269, -28.0, 8.0], [78.2229532837013, 151.60743393594743, -28.0, 8.0], [76.37405641776883, 152.2593028298556, -28.0, 8.0], [74.4309382583696, 152.81076374040876, -28.0, 8.0], [71.95345594594245, 153.17821131370434, -28.0, 8.0], [69.28732773092985, 153.16364972185235, -28.0, 8.0], [66.48140864463466, 152.88104104066332, -28.0, 8.0], [63.584553718359814, 152.44434734594796, -28.0, 8.0], [60.64561798340819, 151.96753071351674, -28.0, 8.0], [57.71345647108273, 151.5645532191804, -28.0, 8.0], [54.8369242126863, 151.34937693874946, -28.0, 8.0], [52.06487623952182, 151.43596394803455, -28.0, 8.0], [49.446167582892194, 151.9382763228462, -28.0, 8.0], [46.972952334786186, 152.86380655215768, -28.0, 8.0], [44.59245250989524, 154.1023388046448, -28.0, 8.0], [42.286125023576346, 155.59127267567246, -28.0, 8.0], [40.035426791186495, 157.2680077606056, -28.0, 8.0], [37.82181472808268, 159.06994365480892, -28.0, 8.0], [35.62674574962186, 160.93447995364744, -28.0, 8.0], [33.43167677116107, 162.79901625248596, -28.0, 8.0], [31.218064708057256, 164.60095214668934, -28.0, 8.0], [28.967366475667408, 166.2776872316224, -28.0, 8.0]], "num_spline_nodes": 10, "road_bbox_size": [0.0, 0.0, 250.0, 250.0], "distance_to_boundary": -0.5440662733633577}, "seed": {"control_nodes": [[125.0, 0.0, -28.0, 8.0], [125.0, 25.0, -28.0, 8.0], [125.0, 50.0, -28.0, 8.0], [116.69070738193159, 81.90761889907589, -28.0, 8.0], [115.51181381324014, 97.81248635136953, -28.0, 8.0], [108.46508022811146, 116.62614014240258, -28.0, 8.0], [89.77044892079964, 143.85156500177627, -28.0, 8.0], [74.4309382583696, 152.81076374040876, -28.0, 8.0], [49.4461675828922, 151.93827632284624, -28.0, 8.0], [28.967366475667408, 166.2776872316224, -28.0, 8.0], [8.488565368442611, 180.61709814039855, -28.0, 8.0]],