{"name": "Road283", "members_distance": null, "m1": {"control_nodes": [[125.0, 0.0, -28.0, 8.0], [125.0, 25.0, -28.0, 8.0], [125.0, 50.0, -28.0, 8.0], [113.69070738193159, 73.90761889907589, -28.0, 8.0], [113.51181381324014, 94.81248635136953, -28.0, 8.0], [112.46508022811146, 118.62614014240258, -28.0, 8.0], [91.77044892079964, 143.85156500177627, -28.0, 8.0], [74.4309382583696, 152.81076374040876, -28.0, 8.0], [49.4461675828922, 151.93827632284624, -28.0, 8.0], [28.967366475667408, 166.2776872316224, -28.0, 8.0], [8.488565368442611, 180.61709814039855, -28.0, 8.0]], "sample_nodes": [[125.0, 25.0, -28.0, 8.0], [125.05948267498391, 27.78727658802979, -28.0, 8.0], [125.20818936244369, 30.588801391437592, -28.0, 8.0], [125.4015080561414, 33.39745030253441, -28.0, 8.0], [125.59482674983909, 36.206099213631234, -28.0, 8.0], [125.74353343729888, 39.00762401703904, -28.0, 8.0], [125.80301611228276, 41.79490060506882, -28.0, 8.0], [125.7286627685529, 44.56080487003159, -28.0, 8.0], [125.47586139987128, 47.298212704238324, -28.0, 8.0], [125.0, 50.0, -28.0, 8.0], [124.18229859819346, 52.73908486060481, -28.0, 8.0], [123.03182843346158, 55.44392493614334, -28.0, 8.0], [121.64418111846508, 58.120337695853905, -28.0, 8.0], [120.11494826586477, 60.774140608974804, -28.0, 8.0], [118.53972148832132, 63.411151144744395, -28.0, 8.0], [117.01409239849554, 66.03718677240097, -28.0, 8.0], [115.63365260904817, 68.65806496118287, -28.0, 8.0], [114.49399373263992, 71.27960318032838, -28.0, 8.0], [113.69070738193159, 73.90761889907589, -28.0, 8.0], [113.2670275052129, 76.23746469024813, -28.0, 8.0], [113.04100317547403, 78.54939751132211, -28.0, 8.0], [112.97118945974475, 80.8503354843845, -28.0, 8.0], [113.01614142505494, 83.14719673152197, -28.0, 8.0], [113.13441413843432, 85.44689937482121, -28.0, 8.0], [113.2845626669127, 87.75636153636889, -28.0, 8.0], [113.42514207751995, 90.08250133825173, -28.0, 8.0], [113.51470743728582, 92.4322369025564, -28.0, 8.0], [113.51181381324014, 94.81248635136954, -28.0, 8.0], [113.51846313598132, 97.40222882420417, -28.0, 8.0], [113.63316693954592, 100.04075387633954, -28.0, 8.0], [113.79644261917869, 102.7131781587363, -28.0, 8.0], [113.94880757012437, 105.4046183223551, -28.0, 8.0], [114.03077918762767, 108.1001910181566, -28.0, 8.0], [113.98287486693329, 110.78501289710144, -28.0, 8.0], [113.74561200328598, 113.44420061015028, -28.0, 8.0], [113.25950799193046, 116.06287080826377, -28.0, 8.0], [112.46508022811147, 118.62614014240259, -28.0, 8.0], [111.09794037894424, 121.638138308272, -28.0, 8.0], [109.31481314664117, 124.71827653645211, -28.0, 8.0], [107.19409344939368, 127.81494053079243, -28.0, 8.0], [104.8141762053933, 130.87651599514257, -28.0, 8.0], [102.25345633283152, 133.85138863335214, -28.0, 8.0], [99.59032874989973, 136.6879441492707, -28.0, 8.0], [96.90318837478955, 139.33456824674786, -28.0, 8.0], [94.27043012569233, 141.73964662963317, -28.0, 8.0], [91.77044892079964, 143.85156500177627, -28.0, 8.0], [89.91928938583207, 145.30107543516513, -28.0, 8.0], [88.08076183820623, 146.63636464075222, -28.0, 8.0], [86.2413683446837, 147.8577370118589, -28.0, 8.0], [84.38761097202618, 148.96549694180652, -28.0, 8.0], [82.5059917869952, 149.95994882391656, -28.0, 8.0], [80.58301285635244, 150.84139705151037, -28.0, 8.0], [78.60517624685951, 151.61014601790941, -28.0, 8.0], [76.558984025278, 152.26650011643505, -28.0, 8.0], [74.4309382583696, 152.81076374040876, -28.0, 8.0], [71.87997006746981, 153.14362636011134, -28.0, 8.0], [69.17480247951859, 153.11069151166308, -28.0, 8.0], [66.35740122471205, 152.82267893147514, -28.0, 8.0], [63.46973203324629, 152.3903083559589, -28.0, 8.0], [60.55376063531739, 151.92429952152554, -28.0, 8.0], [57.65145276112143, 151.5353721645863, -28.0, 8.0], [54.80477414085451, 151.33424602155256, -28.0, 8.0], [52.05569050471275, 151.43164082883544, -28.0, 8.0], [49.4461675828922, 151.93827632284624, -28.0, 8.0], [46.972952334786186, 152.86380655215768, -28.0, 8.0], [44.59245250989524, 154.1023388046448, -28.0, 8.0], [42.286125023576346, 155.59127267567246, -28.0, 8.0], [40.035426791186495, 157.2680077606056, -28.0, 8.0], [37.82181472808268, 159.06994365480892, -28.0, 8.0], [35.62674574962186, 160.93447995364744, -28.0, 8.0], [33.43167677116107, 162.79901625248596, -28.0, 8.0], [31.218064708057256, 164.60095214668934, -28.0, 8.0], [28.967366475667408, 166.2776872316224, -28.0, 8.0]], "num_spline_nodes": 10, "road_bbox_size": [0.0, 0.0, 250.0, 250.0], "distance_to_boundary": -0.5239896539491702}, "seed": {"control_nodes": [[125.0, 0.0, -28.0, 8.0], [125.0, 25.0, -28.0, 8.0], [125.0, 50.0, -28.0, 8.0], [113.69070738193159, 73.90761889907589, -28.0, 8.0], [113.51181381324014, 100.81248635136953, -28.0, 8.0], [112.46508022811146, 118.62614014240258, -28.0, 8.0], [91.77044892079964, 143.85156500177627, -28.0, 8.0], [74.4309382583696, 152.81076374040876, -28.0, 8.0], [49.4461675828922, 151.93827632284624, -28.0, 8.0], [28.967366475667408, 166.2776872316224, -28.0, 8.0], [8.488565368442611, 180.61709814039855, -28.0, 8.0]],