{"name": "Road69", "members_distance": null, "m1": {"control_nodes": [[125.0, 0.0, -28.0, 8.0], [125.0, 25.0, -28.0, 8.0], [125.0, 50.0, -28.0, 8.0], [113.69070738193159, 73.90761889907589, -28.0, 8.0], [115.51181381324014, 100.81248635136953, -28.0, 8.0], [112.46508022811146, 123.62614014240258, -28.0, 8.0], [90.77044892079964, 143.85156500177627, -28.0, 8.0], [74.4309382583696, 152.81076374040876, -28.0, 8.0], [49.4461675828922, 151.93827632284624, -28.0, 8.0], [28.967366475667408, 166.2776872316224, -28.0, 8.0], [8.488565368442611, 180.61709814039855, -28.0, 8.0]], "sample_nodes": [[125.0, 25.0, -28.0, 8.0], [125.05948267498391, 27.78727658802979, -28.0, 8.0], [125.20818936244369, 30.588801391437592, -28.0, 8.0], [125.4015080561414, 33.39745030253441, -28.0, 8.0], [125.59482674983909, 36.206099213631234, -28.0, 8.0], [125.74353343729888, 39.00762401703904, -28.0, 8.0], [125.80301611228276, 41.79490060506882, -28.0, 8.0], [125.7286627685529, 44.56080487003159, -28.0, 8.0], [125.47586139987128, 47.298212704238324, -28.0, 8.0], [125.0, 50.0, -28.0, 8.0], [124.1752271467948, 52.7218469146816, -28.0, 8.0], [123.00707835356624, 55.38359212541208, -28.0, 8.0], [121.59644882152406, 58.003981560872184, -28.0, 8.0], [120.04423375187807, 60.60176114974263, -28.0, 8.0], [118.45132834583796, 63.19567682070418, -28.0, 8.0], [116.91862780461352, 65.80447450243754, -28.0, 8.0], [115.54702732941448, 68.44690012362345, -28.0, 8.0], [114.43742212145058, 71.14169961294265, -28.0, 8.0], [113.69070738193159, 73.90761889907589, -28.0, 8.0], [113.3382141657641, 76.78774856587388, -28.0, 8.0], [113.30328723573449, 79.74394175727731, -28.0, 8.0], [113.50927372369813, 82.75531053953993, -28.0, 8.0], [113.87952076151043, 85.80096697891551, -28.0, 8.0], [114.33737548102678, 88.86002314165782, -28.0, 8.0], [114.80618501410255, 91.91159109402061, -28.0, 8.0], [115.20929649259311, 94.93478290225767, -28.0, 8.0], [115.47005704835385, 97.90871063262271, -28.0, 8.0], [115.51181381324014, 100.81248635136953, -28.0, 8.0], [115.45522547655756, 103.45913222535616, -28.0, 8.0], [115.42902455747092, 106.10393542205557, -28.0, 8.0], [115.38998027516541, 108.73570757608081, -28.0, 8.0], [115.29486184882637, 111.3432603220449, -28.0, 8.0], [115.100438497639, 113.9154052945608, -28.0, 8.0], [114.76347944078856, 116.44095412824151, -28.0, 8.0], [114.24075389746032, 118.90871845770005, -28.0, 8.0], [113.48903108683953, 121.30750991754941, -28.0, 8.0], [112.46508022811147, 123.62614014240259, -28.0, 8.0], [110.89911828651655, 126.19279326229048, -28.0, 8.0], [108.92425069269986, 128.71726807846935, -28.0, 8.0], [106.62523494245931, 131.1834213256286, -28.0, 8.0], [104.08682853159286, 133.57510973845748, -28.0, 8.0], [101.39378895589839, 135.87619005164552, -28.0, 8.0], [98.6308737111739, 138.07051899988204, -28.0, 8.0], [95.88284029321733, 140.14195331785638, -28.0, 8.0], [93.23444619782659, 142.07434974025801, -28.0, 8.0], [90.77044892079964, 143.85156500177627, -28.0, 8.0], [88.94830268519084, 145.17094313903786, -28.0, 8.0], [87.18163742118422, 146.43571236339275, -28.0, 8.0], [85.44738753926036, 147.63457167922093, -28.0, 8.0], [83.72248744989989, 148.75622009090233, -28.0, 8.0], [81.98387156358343, 149.78935660281707, -28.0, 8.0], [80.20847429079154, 150.72268021934502, -28.0, 8.0], [78.37323004200488, 151.54488994486627, -28.0, 8.0], [76.455073227704, 152.24468478376085, -28.0, 8.0], [74.4309382583696, 152.81076374040873, -28.0, 8.0], [71.91560512466283, 153.1603788796672, -28.0, 8.0], [69.22936866084542, 153.13634380723303, -28.0, 8.0], [66.4175353837253, 152.85094880822567, -28.0, 8.0], [63.5254118101104, 152.41648416776496, -28.0, 8.0], [60.59830445680868, 151.9452401709704, -28.0, 8.0], [57.681519840628056, 151.54950710296157, -28.0, 8.0], [54.82036447837647, 151.34157524885825, -28.0, 8.0], [52.06014488686188, 151.43373489377993, -28.0, 8.0], [49.4461675828922, 151.93827632284624, -28.0, 8.0], [46.972952334786186, 152.86380655215768, -28.0, 8.0], [44.59245250989524, 154.1023388046448, -28.0, 8.0], [42.286125023576346, 155.59127267567246, -28.0, 8.0], [40.035426791186495, 157.2680077606056, -28.0, 8.0], [37.82181472808268, 159.06994365480892, -28.0, 8.0], [35.62674574962186, 160.93447995364744, -28.0, 8.0], [33.43167677116107, 162.79901625248596, -28.0, 8.0], [31.218064708057256, 164.60095214668934, -28.0, 8.0], [28.967366475667408, 166.2776872316224, -28.0, 8.0]], "num_spline_nodes": 10, "road_bbox_size": [0.0, 0.0, 250.0, 250.0], "distance_to_boundary": -0.6256273315024528}, "seed": {"control_nodes": [[125.0, 0.0, -28.0, 8.0], [125.0, 25.0, -28.0, 8.0], [125.0, 50.0, -28.0, 8.0], [113.69070738193159, 73.90761889907589, -28.0, 8.0], [113.51181381324014, 100.81248635136953, -28.0, 8.0], [112.46508022811146, 118.62614014240258, -28.0, 8.0], [90.77044892079964, 143.85156500177627, -28.0, 8.0], [74.4309382583696, 152.81076374040876, -28.0, 8.0], [49.4461675828922, 151.93827632284624, -28.0, 8.0], [28.967366475667408, 166.2776872316224, -28.0, 8.0], [8.488565368442611, 180.61709814039855, -28.0, 8.0]],