{"name": "Road100", "members_distance": null, "m1": {"control_nodes": [[125.0, 0.0, -28.0, 8.0], [125.0, 25.0, -28.0, 8.0], [125.0, 50.0, -28.0, 8.0], [115.69070738193159, 73.90761889907589, -28.0, 8.0], [113.51181381324014, 100.81248635136953, -28.0, 8.0], [112.46508022811146, 118.62614014240258, -28.0, 8.0], [94.77044892079964, 143.85156500177627, -28.0, 8.0], [74.4309382583696, 152.81076374040876, -28.0, 8.0], [49.4461675828922, 151.93827632284624, -28.0, 8.0], [28.967366475667408, 166.2776872316224, -28.0, 8.0], [8.488565368442611, 180.61709814039855, -28.0, 8.0]], "sample_nodes": [[125.0, 25.0, -28.0, 8.0], [125.05009583746538, 27.785410159550317, -28.0, 8.0], [125.17533543112881, 30.582268891759433, -28.0, 8.0], [125.33814690289128, 33.38485191029796, -28.0, 8.0], [125.50095837465373, 36.187434928836495, -28.0, 8.0], [125.62619796831717, 38.98429366104562, -28.0, 8.0], [125.6762938057825, 41.76970382059592, -28.0, 8.0], [125.61367400895084, 44.53794112115804, -28.0, 8.0], [125.400766699723, 47.28328127640253, -28.0, 8.0], [125.0, 50.0, -28.0, 8.0], [124.3379956173167, 52.70648166752217, -28.0, 8.0], [123.42481617884377, 55.364717722374714, -28.0, 8.0], [122.32821226594444, 57.99001918774195, -28.0, 8.0], [121.1159344599819, 60.597697086808225, -28.0, 8.0], [119.85573334231924, 63.2030624427578, -28.0, 8.0], [118.6153594943197, 65.82142627877504, -28.0, 8.0], [117.46256349734648, 68.46809961804425, -28.0, 8.0], [116.46509593276272, 71.15839348374978, -28.0, 8.0], [115.69070738193159, 73.90761889907589, -28.0, 8.0], [115.1155992464628, 76.82138487358459, -28.0, 8.0], [114.68596564898499, 79.830147271877, -28.0, 8.0], [114.37513987857972, 82.90130017044717, -28.0, 8.0], [114.15645522432862, 86.0022376457892, -28.0, 8.0], [114.00324497531321, 89.10035377439715, -28.0, 8.0], [113.88884242061503, 92.16304263276507, -28.0, 8.0], [113.78658084931578, 95.15769829738707, -28.0, 8.0], [113.66979355049693, 98.0517148447572, -28.0, 8.0], [113.51181381324014, 100.81248635136953, -28.0, 8.0], [113.42586697956978, 102.94513425820412, -28.0, 8.0], [113.44163824286031, 104.99298616557508, -28.0, 8.0], [113.51228160819878, 106.97595253312772, -28.0, 8.0], [113.59095108067224, 108.91394382050754, -28.0, 8.0], [113.63080066536777, 110.82687048735988, -28.0, 8.0], [113.58498436737243, 112.73464299333017, -28.0, 8.0], [113.40665619177321, 114.65717179806376, -28.0, 8.0], [113.04897014365721, 116.61436736120612, -28.0, 8.0], [112.46508022811147, 118.62614014240259, -28.0, 8.0], [111.34968402487368, 121.42546004219457, -28.0, 8.0], [109.90859927813062, 124.39788485994268, -28.0, 8.0], [108.19026315559685, 127.46960231844244, -28.0, 8.0], [106.24311282498682, 130.56680014048942, -28.0, 8.0], [104.11558545401499, 133.61566604887915, -28.0, 8.0], [101.8561182103959, 136.54238776640716, -28.0, 8.0], [99.51314826184395, 139.27315301586898, -28.0, 8.0], [97.13511277607373, 141.73414952006019, -28.0, 8.0], [94.77044892079962, 143.85156500177624, -28.0, 8.0], [92.74179473864999, 145.40168222526142, -28.0, 8.0], [90.6384626704697, 146.79436805607844, -28.0, 8.0], [88.46767629809239, 148.03766623069538, -28.0, 8.0], [86.23665920335154, 149.13962048558037, -28.0, 8.0], [83.95263496808079, 150.10827455720144, -28.0, 8.0], [81.62282717411364, 150.95167218202675, -28.0, 8.0], [79.2544594032837, 151.67785709652435, -28.0, 8.0], [76.8547552374245, 152.29487303716235, -28.0, 8.0], [74.43093825836958, 152.81076374040873, -28.0, 8.0], [71.78434722294583, 153.09913988822845, -28.0, 8.0], [69.02837999884125, 153.0425716015924, -28.0, 8.0], [66.19603767457784, 152.74760801017277, -28.0, 8.0], [63.32032133867757, 152.32079824364192, -28.0, 8.0], [60.43423207966242, 151.86869143167195, -28.0, 8.0], [57.57077098605433, 151.49783670393515, -28.0, 8.0], [54.762939146375274, 151.3147831901038, -28.0, 8.0], [52.04373764914725, 151.42608001985008, -28.0, 8.0], [49.4461675828922, 151.93827632284624, -28.0, 8.0], [46.972952334786186, 152.86380655215768, -28.0, 8.0], [44.59245250989524, 154.1023388046448, -28.0, 8.0], [42.286125023576346, 155.59127267567246, -28.0, 8.0], [40.035426791186495, 157.2680077606056, -28.0, 8.0], [37.82181472808268, 159.06994365480892, -28.0, 8.0], [35.62674574962186, 160.93447995364744, -28.0, 8.0], [33.43167677116107, 162.79901625248596, -28.0, 8.0], [31.218064708057256, 164.60095214668934, -28.0, 8.0], [28.967366475667408, 166.2776872316224, -28.0, 8.0]], "num_spline_nodes": 10, "road_bbox_size": [0.0, 0.0, 250.0, 250.0], "distance_to_boundary": -0.5129763127569746}, "seed": {"control_nodes": [[125.0, 0.0, -28.0, 8.0], [125.0, 25.0, -28.0, 8.0], [125.0, 50.0, -28.0, 8.0], [114.69070738193159, 73.90761889907589, -28.0, 8.0], [113.51181381324014, 100.81248635136953, -28.0, 8.0], [112.46508022811146, 118.62614014240258, -28.0, 8.0], [94.77044892079964, 143.85156500177627, -28.0, 8.0], [74.4309382583696, 152.81076374040876, -28.0, 8.0], [49.4461675828922, 151.93827632284624, -28.0, 8.0], [28.967366475667408, 166.2776872316224, -28.0, 8.0], [8.488565368442611, 180.61709814039855, -28.0, 8.0]],