{"name": "Road264", "members_distance": null, "m1": {"control_nodes": [[125.0, 0.0, -28.0, 8.0], [125.0, 25.0, -28.0, 8.0], [125.0, 50.0, -28.0, 8.0], [114.69070738193159, 76.90761889907589, -28.0, 8.0], [113.51181381324014, 93.81248635136953, -28.0, 8.0], [112.46508022811146, 116.62614014240258, -28.0, 8.0], [88.77044892079964, 143.85156500177627, -28.0, 8.0], [74.4309382583696, 152.81076374040876, -28.0, 8.0], [49.4461675828922, 151.93827632284624, -28.0, 8.0], [28.967366475667408, 166.2776872316224, -28.0, 8.0], [8.488565368442611, 180.61709814039855, -28.0, 8.0]], "sample_nodes": [[125.0, 25.0, -28.0, 8.0], [125.05081936508857, 27.77744336914106, -28.0, 8.0], [125.17786777781001, 30.554385125327038, -28.0, 8.0], [125.34303071434788, 33.33107607503548, -28.0, 8.0], [125.50819365088574, 36.10776702474394, -28.0, 8.0], [125.63524206360717, 38.88470878092992, -28.0, 8.0], [125.68606142869572, 41.66215215007098, -28.0, 8.0], [125.62253722233504, 44.440347938644656, -28.0, 8.0], [125.40655492070859, 47.219546953128486, -28.0, 8.0], [125.0, 50.0, -28.0, 8.0], [124.2686350157757, 53.016860273813, -28.0, 8.0], [123.2358927194255, 56.08047846889103, -28.0, 8.0], [121.98656567614557, 59.16790924320096, -28.0, 8.0], [120.60544645113222, 62.2562072547097, -28.0, 8.0], [119.17732760958162, 65.32242716138408, -28.0, 8.0], [117.78700171669003, 68.34362362119103, -28.0, 8.0], [116.51926133765369, 71.29685129209739, -28.0, 8.0], [115.45889903766879, 74.15916483207005, -28.0, 8.0], [114.69070738193159, 76.90761889907589, -28.0, 8.0], [114.301984530173, 78.91411055904814, -28.0, 8.0], [114.031302992941, 80.83305715665725, -28.0, 8.0], [113.85568806516622, 82.68824517711295, -28.0, 8.0], [113.75216504177946, 84.50346110562495, -28.0, 8.0], [113.69775921771136, 86.30249142740296, -28.0, 8.0], [113.66949588789268, 88.1091226276567, -28.0, 8.0], [113.64440034725409, 89.9471411915959, -28.0, 8.0], [113.59949789072635, 91.84033360443028, -28.0, 8.0], [113.51181381324014, 93.81248635136953, -28.0, 8.0], [113.46687916933386, 96.20256140189825, -28.0, 8.0], [113.55888228282258, 98.67157388459941, -28.0, 8.0], [113.72148885541834, 101.20120511825952, -28.0, 8.0], [113.8883645888331, 103.7731364216651, -28.0, 8.0], [113.99317518477882, 106.36904911360263, -28.0, 8.0], [113.96958634496754, 108.97062451285863, -28.0, 8.0], [113.75126377111124, 111.55954393821963, -28.0, 8.0], [113.27187316492186, 114.11748870847211, -28.0, 8.0], [112.46508022811145, 116.62614014240256, -28.0, 8.0], [110.90870531130359, 119.81439582550811, -28.0, 8.0], [108.8125882124732, 123.10745471157452, -28.0, 8.0], [106.29272252086761, 126.44291451970697, -28.0, 8.0], [103.465101825734, 129.75837296901057, -28.0, 8.0], [100.44571971631962, 132.9914277785905, -28.0, 8.0], [97.3505697818718, 136.0796766675519, -28.0, 8.0], [94.29564561163764, 138.96071735499984, -28.0, 8.0], [91.39694079486455, 141.5721475600396, -28.0, 8.0], [88.77044892079965, 143.85156500177627, -28.0, 8.0], [87.14090915445492, 145.2400945884887, -28.0, 8.0], [85.58889054424898, 146.5387208416031, -28.0, 8.0], [84.08505482367798, 147.74385986192604, -28.0, 8.0], [82.600063726238, 148.85192775026405, -28.0, 8.0], [81.10457898542529, 149.85934060742366, -28.0, 8.0], [79.56926233473594, 150.76251453421145, -28.0, 8.0], [77.9647755076661, 151.55786563143386, -28.0, 8.0], [76.26178023771193, 152.24180999989744, -28.0, 8.0], [74.4309382583696, 152.81076374040876, -28.0, 8.0], [71.99376527834265, 153.19719236001234, -28.0, 8.0], [69.34905139616761, 153.19271444901142, -28.0, 8.0], [66.54943064305996, 152.91307155630807, -28.0, 8.0], [63.64753705023509, 152.47400523080418, -28.0, 8.0], [60.69600464890842, 151.99125702140174, -28.0, 8.0], [57.74746747029538, 151.58056847700277, -28.0, 8.0], [54.85455954561138, 151.3576811465092, -28.0, 8.0], [52.06991490607185, 151.43833657882305, -28.0, 8.0], [49.44616758289221, 151.93827632284626, -28.0, 8.0], [46.972952334786186, 152.86380655215768, -28.0, 8.0], [44.59245250989524, 154.1023388046448, -28.0, 8.0], [42.286125023576346, 155.59127267567246, -28.0, 8.0], [40.035426791186495, 157.2680077606056, -28.0, 8.0], [37.82181472808268, 159.06994365480892, -28.0, 8.0], [35.62674574962186, 160.93447995364744, -28.0, 8.0], [33.43167677116107, 162.79901625248596, -28.0, 8.0], [31.218064708057256, 164.60095214668934, -28.0, 8.0], [28.967366475667408, 166.2776872316224, -28.0, 8.0]], "num_spline_nodes": 10, "road_bbox_size": [0.0, 0.0, 250.0, 250.0], "distance_to_boundary": -0.5256211864591114}, "seed": {"control_nodes": [[125.0, 0.0, -28.0, 8.0], [125.0, 25.0, -28.0, 8.0], [125.0, 50.0, -28.0, 8.0], [116.69070738193159, 73.90761889907589, -28.0, 8.0], [115.51181381324014, 100.81248635136953, -28.0, 8.0], [108.46508022811146, 116.62614014240258, -28.0, 8.0], [88.77044892079964, 143.85156500177627, -28.0, 8.0], [74.4309382583696, 152.81076374040876, -28.0, 8.0], [49.4461675828922, 151.93827632284624, -28.0, 8.0], [28.967366475667408, 166.2776872316224, -28.0, 8.0], [8.488565368442611, 180.61709814039855, -28.0, 8.0]],