{"name": "Road488", "members_distance": null, "m1": {"control_nodes": [[125.0, 0.0, -28.0, 8.0], [125.0, 25.0, -28.0, 8.0], [125.0, 50.0, -28.0, 8.0], [116.69070738193159, 72.90761889907589, -28.0, 8.0], [115.51181381324014, 100.81248635136953, -28.0, 8.0], [108.46508022811146, 116.62614014240258, -28.0, 8.0], [88.77044892079964, 143.85156500177627, -28.0, 8.0], [74.4309382583696, 152.81076374040876, -28.0, 8.0], [49.4461675828922, 151.93827632284624, -28.0, 8.0], [28.967366475667408, 166.2776872316224, -28.0, 8.0], [8.488565368442611, 180.61709814039855, -28.0, 8.0]], "sample_nodes": [[125.0, 25.0, -28.0, 8.0], [125.04647577459228, 27.787702397896624, -28.0, 8.0], [125.16266521107299, 30.59029172597151, -28.0, 8.0], [125.3137114784979, 33.40032451913553, -28.0, 8.0], [125.46475774592281, 36.210357312299564, -28.0, 8.0], [125.58094718240352, 39.01294664037446, -28.0, 8.0], [125.62742295699576, 41.800649038271075, -28.0, 8.0], [125.56932823875545, 44.5660210409003, -28.0, 8.0], [125.37180619673823, 47.30161918317299, -28.0, 8.0], [125.0, 50.0, -28.0, 8.0], [124.4009509621447, 52.60594743673136, -28.0, 8.0], [123.57471945797195, 55.150517861904504, -28.0, 8.0], [122.5839330768872, 57.653516803907394, -28.0, 8.0], [121.49121940829595, 60.134749791128, -28.0, 8.0], [120.35920604160354, 62.61402235195432, -28.0, 8.0], [119.25052056621544, 65.11114001477429, -28.0, 8.0], [118.22779057153716, 67.64590830797589, -28.0, 8.0], [117.35364364697408, 70.23813275994709, -28.0, 8.0], [116.69070738193159, 72.90761889907589, -28.0, 8.0], [116.25714580970079, 75.90273410511148, -28.0, 8.0], [116.0593562519837, 79.04178683086165, -28.0, 8.0], [116.02871213805285, 82.27438517023407, -28.0, 8.0], [116.09658689718077, 85.5501372171365, -28.0, 8.0], [116.19435395863997, 88.81865106547667, -28.0, 8.0], [116.25338675170296, 92.02953480916231, -28.0, 8.0], [116.2050587056423, 95.13239654210119, -28.0, 8.0], [115.98074324973054, 98.076844358201, -28.0, 8.0], [115.51181381324012, 100.81248635136953, -28.0, 8.0], [114.99797365560754, 102.79053800811789, -28.0, 8.0], [114.42198488151558, 104.6313453509936, -28.0, 8.0], [113.78164722937032, 106.3700510488028, -28.0, 8.0], [113.07476043757765, 108.04179777035154, -28.0, 8.0], [112.29912424454352, 109.68172818444597, -28.0, 8.0], [111.4525383886739, 111.32498495989219, -28.0, 8.0], [110.53280260837468, 113.00671076549627, -28.0, 8.0], [109.5377166420519, 114.76204827006437, -28.0, 8.0], [108.46508022811147, 116.62614014240259, -28.0, 8.0], [106.78493268407934, 119.4794149838673, -28.0, 8.0], [104.87316613392362, 122.59768275863624, -28.0, 8.0], [102.77460177775654, 125.88577924870035, -28.0, 8.0], [100.53406081569034, 129.2485402360506, -28.0, 8.0], [98.19636444783721, 132.5908015026779, -28.0, 8.0], [95.80633387430936, 135.8173988305731, -28.0, 8.0], [93.408790295219, 138.8331680017273, -28.0, 8.0], [91.04855491067838, 141.5429447981314, -28.0, 8.0], [88.77044892079964, 143.85156500177627, -28.0, 8.0], [87.2213539254754, 145.2721496027315, -28.0, 8.0], [85.71207159987406, 146.58780508216242, -28.0, 8.0], [84.22080537477497, 147.79795269846076, -28.0, 8.0], [82.72575868095748, 148.90201371001842, -28.0, 8.0], [81.20513494920087, 149.8994093752272, -28.0, 8.0], [79.63713761028446, 150.7895609524788, -28.0, 8.0], [77.99997009498755, 151.57188970016506, -28.0, 8.0], [76.2718358340895, 152.2458168766778, -28.0, 8.0], [74.4309382583696, 152.81076374040873, -28.0, 8.0], [71.99376527834265, 153.19719236001234, -28.0, 8.0], [69.34905139616761, 153.19271444901142, -28.0, 8.0], [66.54943064305996, 152.91307155630807, -28.0, 8.0], [63.64753705023509, 152.47400523080418, -28.0, 8.0], [60.69600464890842, 151.99125702140174, -28.0, 8.0], [57.74746747029538, 151.58056847700277, -28.0, 8.0], [54.85455954561138, 151.3576811465092, -28.0, 8.0], [52.06991490607185, 151.43833657882305, -28.0, 8.0], [49.44616758289221, 151.93827632284626, -28.0, 8.0], [46.972952334786186, 152.86380655215768, -28.0, 8.0], [44.59245250989524, 154.1023388046448, -28.0, 8.0], [42.286125023576346, 155.59127267567246, -28.0, 8.0], [40.035426791186495, 157.2680077606056, -28.0, 8.0], [37.82181472808268, 159.06994365480892, -28.0, 8.0], [35.62674574962186, 160.93447995364744, -28.0, 8.0], [33.43167677116107, 162.79901625248596, -28.0, 8.0], [31.218064708057256, 164.60095214668934, -28.0, 8.0], [28.967366475667408, 166.2776872316224, -28.0, 8.0]], "num_spline_nodes": 10, "road_bbox_size": [0.0, 0.0, 250.0, 250.0], "distance_to_boundary": -0.544553162413719}, "seed": {"control_nodes": [[125.0, 0.0, -28.0, 8.0], [125.0, 25.0, -28.0, 8.0], [125.0, 50.0, -28.0, 8.0], [116.69070738193159, 74.90761889907589, -28.0, 8.0], [115.51181381324014, 100.81248635136953, -28.0, 8.0], [108.46508022811146, 116.62614014240258, -28.0, 8.0], [88.77044892079964, 143.85156500177627, -28.0, 8.0], [74.4309382583696, 152.81076374040876, -28.0, 8.0], [49.4461675828922, 151.93827632284624, -28.0, 8.0], [28.967366475667408, 166.2776872316224, -28.0, 8.0], [8.488565368442611, 180.61709814039855, -28.0, 8.0]],