{"name": "Road336", "members_distance": null, "m1": {"control_nodes": [[125.0, 0.0, -28.0, 8.0], [125.0, 25.0, -28.0, 8.0], [125.0, 50.0, -28.0, 8.0], [116.69070738193159, 76.90761889907589, -28.0, 8.0], [115.51181381324014, 97.81248635136953, -28.0, 8.0], [108.46508022811146, 116.62614014240258, -28.0, 8.0], [96.77044892079964, 143.85156500177627, -28.0, 8.0], [74.4309382583696, 152.81076374040876, -28.0, 8.0], [49.4461675828922, 151.93827632284624, -28.0, 8.0], [28.967366475667408, 166.2776872316224, -28.0, 8.0], [8.488565368442611, 180.61709814039855, -28.0, 8.0]], "sample_nodes": [[125.0, 25.0, -28.0, 8.0], [125.04167911279951, 27.775901996365803, -28.0, 8.0], [125.14587689479833, 30.54899032061364, -28.0, 8.0], [125.28133401139678, 33.3206718088025, -28.0, 8.0], [125.4167911279952, 36.09235329699136, -28.0, 8.0], [125.52098890999403, 38.865441621239206, -28.0, 8.0], [125.5626680227935, 41.641343617605, -28.0, 8.0], [125.51056913179414, 44.42146612214775, -28.0, 8.0], [125.33343290239617, 47.20721597092643, -28.0, 8.0], [125.0, 50.0, -28.0, 8.0], [124.41143447511466, 52.98852709971414, -28.0, 8.0], [123.5854452711317, 56.00852121329117, -28.0, 8.0], [122.5879258351155, 59.046625941952286, -28.0, 8.0], [121.48476961413061, 62.08948488691881, -28.0, 8.0], [120.34187005524149, 65.12374164941194, -28.0, 8.0], [119.22512060551256, 68.13603983065296, -28.0, 8.0], [118.20041471200831, 71.11302303186315, -28.0, 8.0], [117.33364582179313, 74.04133485426371, -28.0, 8.0], [116.69070738193159, 76.90761889907589, -28.0, 8.0], [116.34974139680003, 79.33315393292831, -28.0, 8.0], [116.17285128247278, 81.7290494001262, -28.0, 8.0], [116.11221643119438, 84.09699668813606, -28.0, 8.0], [116.12001623520933, 86.43868718442437, -28.0, 8.0], [116.14843008676203, 88.7558122764576, -28.0, 8.0], [116.149637378097, 91.05006335170224, -28.0, 8.0], [116.07581750145869, 93.32313179762481, -28.0, 8.0], [115.87914984909158, 95.57670900169174, -28.0, 8.0], [115.51181381324014, 97.81248635136953, -28.0, 8.0], [114.9976014922036, 99.95729722105716, -28.0, 8.0], [114.38260735964005, 102.04144259563839, -28.0, 8.0], [113.68122811220641, 104.08509287734745, -28.0, 8.0], [112.90786044655935, 106.10841846841856, -28.0, 8.0], [112.07690105935575, 108.13158977108598, -28.0, 8.0], [111.20274664725238, 110.17477718758383, -28.0, 8.0], [110.29979390690598, 112.25815112014641, -28.0, 8.0], [109.38243953497343, 114.40188197100791, -28.0, 8.0], [108.46508022811145, 116.62614014240256, -28.0, 8.0], [107.3922629864905, 119.54021140102387, -28.0, 8.0], [106.36200198424403, 122.70271713316875, -28.0, 8.0], [105.3317817362506, 126.01907570175311, -28.0, 8.0], [104.25908675738869, 129.39470546969275, -28.0, 8.0], [103.10140156253681, 132.73502479990367, -28.0, 8.0], [101.81621066657345, 135.94545205530156, -28.0, 8.0], [100.36099858437714, 138.93140559880237, -28.0, 8.0], [98.69324983082635, 141.59830379332197, -28.0, 8.0], [96.77044892079964, 143.85156500177627, -28.0, 8.0], [94.7911557828378, 145.54869505400728, -28.0, 8.0], [92.59941981926183, 147.0219438163976, -28.0, 8.0], [90.23240852175434, 148.29208217826653, -28.0, 8.0], [87.72728938199785, 149.37988102893328, -28.0, 8.0], [85.12122989167491, 150.30611125771716, -28.0, 8.0], [82.45139754246806, 151.09154375393737, -28.0, 8.0], [79.75495982605986, 151.75694940691318, -28.0, 8.0], [77.06908423413287, 152.32309910596396, -28.0, 8.0], [74.4309382583696, 152.81076374040876, -28.0, 8.0], [71.72838406853005, 153.07362133840402, -28.0, 8.0], [68.94268641864207, 153.00349632217376, -28.0, 8.0], [66.10159985150119, 152.70454545734404, -28.0, 8.0], [63.23287890990291, 152.28092550954125, -28.0, 8.0], [60.36427813664268, 151.8367932443914, -28.0, 8.0], [57.523552074516004, 151.47630542752077, -28.0, 8.0], [54.73845526631837, 151.3036188245556, -28.0, 8.0], [52.03674225484528, 151.42289020112202, -28.0, 8.0], [49.4461675828922, 151.93827632284624, -28.0, 8.0], [46.972952334786186, 152.86380655215768, -28.0, 8.0], [44.59245250989524, 154.1023388046448, -28.0, 8.0], [42.286125023576346, 155.59127267567246, -28.0, 8.0], [40.035426791186495, 157.2680077606056, -28.0, 8.0], [37.82181472808268, 159.06994365480892, -28.0, 8.0], [35.62674574962186, 160.93447995364744, -28.0, 8.0], [33.43167677116107, 162.79901625248596, -28.0, 8.0], [31.218064708057256, 164.60095214668934, -28.0, 8.0], [28.967366475667408, 166.2776872316224, -28.0, 8.0]], "num_spline_nodes": 10, "road_bbox_size": [0.0, 0.0, 250.0, 250.0], "distance_to_boundary": -0.5037104680297642}, "seed": {"control_nodes": [[125.0, 0.0, -28.0, 8.0], [125.0, 25.0, -28.0, 8.0], [125.0, 50.0, -28.0, 8.0], [116.69070738193159, 76.90761889907589, -28.0, 8.0], [115.51181381324014, 97.81248635136953, -28.0, 8.0], [108.46508022811146, 116.62614014240258, -28.0, 8.0], [94.77044892079964, 143.85156500177627, -28.0, 8.0], [74.4309382583696, 152.81076374040876, -28.0, 8.0], [49.4461675828922, 151.93827632284624, -28.0, 8.0], [28.967366475667408, 166.2776872316224, -28.0, 8.0], [8.488565368442611, 180.61709814039855, -28.0, 8.0]],