{"name": "Road318", "members_distance": null, "m1": {"control_nodes": [[125.0, 0.0, -28.0, 8.0], [125.0, 25.0, -28.0, 8.0], [125.0, 50.0, -28.0, 8.0], [113.69070738193159, 68.90761889907589, -28.0, 8.0], [112.51181381324014, 100.81248635136953, -28.0, 8.0], [108.46508022811146, 119.62614014240258, -28.0, 8.0], [93.77044892079964, 140.85156500177627, -28.0, 8.0], [74.4309382583696, 152.81076374040876, -28.0, 8.0], [49.4461675828922, 151.93827632284624, -28.0, 8.0], [28.967366475667408, 166.2776872316224, -28.0, 8.0], [8.488565368442611, 180.61709814039855, -28.0, 8.0]], "sample_nodes": [[125.0, 25.0, -28.0, 8.0], [125.06818978927983, 27.805280773647617, -28.0, 8.0], [125.2386642624794, 30.651816041099977, -28.0, 8.0], [125.46028107763883, 33.51897855545472, -28.0, 8.0], [125.68189789279825, 36.386141069809476, -28.0, 8.0], [125.85237236599781, 39.23267633726185, -28.0, 8.0], [125.92056215527762, 42.037957110909446, -28.0, 8.0], [125.83532491867786, 44.78135614384994, -28.0, 8.0], [125.5455183142386, 47.442246189180906, -28.0, 8.0], [125.0, 50.0, -28.0, 8.0], [124.17272212080162, 52.25692240440014, -28.0, 8.0], [123.0429349398524, 54.36621689087538, -28.0, 8.0], [121.69428778045878, 56.3744301535301, -28.0, 8.0], [120.21042996592737, 58.32810888646874, -28.0, 8.0], [118.67501081956468, 60.273799783795745, -28.0, 8.0], [117.17167966467719, 62.25804953961554, -28.0, 8.0], [115.78408582457149, 64.32740484803253, -28.0, 8.0], [114.59587862255412, 66.52841240315118, -28.0, 8.0], [113.69070738193159, 68.90761889907589, -28.0, 8.0], [112.9883090498251, 72.06150046346013, -28.0, 8.0], [112.60281576755503, 75.49202319446854, -28.0, 8.0], [112.4596336020994, 79.12253056084356, -28.0, 8.0], [112.4841686204363, 82.87636603132763, -28.0, 8.0], [112.60182688954374, 86.6768730746632, -28.0, 8.0], [112.73801447639983, 90.44739515959273, -28.0, 8.0], [112.81813744798254, 94.11127575485868, -28.0, 8.0], [112.76760187126996, 97.59185832920346, -28.0, 8.0], [112.51181381324014, 100.81248635136953, -28.0, 8.0], [112.22626431040536, 103.13391978466555, -28.0, 8.0], [111.95029345951612, 105.35194337277096, -28.0, 8.0], [111.66221531379088, 107.48612267899804, -28.0, 8.0], [111.34034392644796, 109.55602326665908, -28.0, 8.0], [110.96299335070574, 111.58121069906633, -28.0, 8.0], [110.50847763978263, 113.58125053953202, -28.0, 8.0], [109.95511084689696, 115.57570835136846, -28.0, 8.0], [109.28120702526712, 117.5841496978879, -28.0, 8.0], [108.46508022811147, 119.62614014240259, -28.0, 8.0], [107.3373080404365, 122.05916621594163, -28.0, 8.0], [106.0387234988373, 124.55174265140535, -28.0, 8.0], [104.58842854525471, 127.07035012936788, -28.0, 8.0], [103.00552512162972, 129.58146933040356, -28.0, 8.0], [101.30911516990315, 132.0515809350865, -28.0, 8.0], [99.51830063201595, 134.44716562399103, -28.0, 8.0], [97.65218344990905, 136.73470407769133, -28.0, 8.0], [95.7298655655233, 138.88067697676166, -28.0, 8.0], [93.77044892079965, 140.8515650017763, -28.0, 8.0], [91.88148649436286, 142.5872591348207, -28.0, 8.0], [89.91804587202893, 144.26712430753383, -28.0, 8.0], [87.88420284222398, 145.8714914022152, -28.0, 8.0], [85.78403319337424, 147.3806913011643, -28.0, 8.0], [83.62161271390588, 148.7750548866806, -28.0, 8.0], [81.40101719224504, 150.03491304106373, -28.0, 8.0], [79.12632241681791, 151.14059664661312, -28.0, 8.0], [76.80160417605073, 152.0724365856283, -28.0, 8.0], [74.4309382583696, 152.81076374040873, -28.0, 8.0], [71.84161229071977, 153.23304970732156, -28.0, 8.0], [69.11606713387009, 153.24762101207875, -28.0, 8.0], [66.29267247644636, 152.9735808298924, -28.0, 8.0], [63.40979800707436, 152.53003233597488, -28.0, 8.0], [60.50581341437983, 152.03607870553833, -28.0, 8.0], [57.619088386988594, 151.610823113795, -28.0, 8.0], [54.78799261352638, 151.37336873595703, -28.0, 8.0], [52.050895782618994, 151.44281874723671, -28.0, 8.0], [49.44616758289221, 151.93827632284626, -28.0, 8.0], [46.972952334786186, 152.86380655215768, -28.0, 8.0], [44.59245250989524, 154.1023388046448, -28.0, 8.0], [42.286125023576346, 155.59127267567246, -28.0, 8.0], [40.035426791186495, 157.2680077606056, -28.0, 8.0], [37.82181472808268, 159.06994365480892, -28.0, 8.0], [35.62674574962186, 160.93447995364744, -28.0, 8.0], [33.43167677116107, 162.79901625248596, -28.0, 8.0], [31.218064708057256, 164.60095214668934, -28.0, 8.0], [28.967366475667408, 166.2776872316224, -28.0, 8.0]], "num_spline_nodes": 10, "road_bbox_size": [0.0, 0.0, 250.0, 250.0], "distance_to_boundary": -0.5442575919080852}, "seed": {"control_nodes": [[125.0, 0.0, -28.0, 8.0], [125.0, 25.0, -28.0, 8.0], [125.0, 50.0, -28.0, 8.0], [116.69070738193159, 72.90761889907589, -28.0, 8.0], [116.51181381324014, 100.81248635136953, -28.0, 8.0], [108.46508022811146, 116.62614014240258, -28.0, 8.0], [88.77044892079964, 143.85156500177627, -28.0, 8.0], [74.4309382583696, 152.81076374040876, -28.0, 8.0], [49.4461675828922, 151.93827632284624, -28.0, 8.0], [28.967366475667408, 166.2776872316224, -28.0, 8.0], [8.488565368442611, 180.61709814039855, -28.0, 8.0]],