{"name": "Road461", "members_distance": null, "m1": {"control_nodes": [[125.0, 0.0, -28.0, 8.0], [125.0, 25.0, -28.0, 8.0], [125.0, 50.0, -28.0, 8.0], [116.69070738193159, 81.90761889907589, -28.0, 8.0], [115.51181381324014, 97.81248635136953, -28.0, 8.0], [110.46508022811146, 116.62614014240258, -28.0, 8.0], [91.77044892079964, 143.85156500177627, -28.0, 8.0], [74.4309382583696, 152.81076374040876, -28.0, 8.0], [49.4461675828922, 151.93827632284624, -28.0, 8.0], [28.967366475667408, 166.2776872316224, -28.0, 8.0], [8.488565368442611, 180.61709814039855, -28.0, 8.0]], "sample_nodes": [[125.0, 25.0, -28.0, 8.0], [125.03695775278433, 27.763557950868893, -28.0, 8.0], [125.12935213474518, 30.505786161374452, -28.0, 8.0], [125.24946483129426, 33.237349501698354, -28.0, 8.0], [125.36957752784332, 35.968912842022256, -28.0, 8.0], [125.46197190980416, 38.71114105252782, -28.0, 8.0], [125.49892966258847, 41.47469900339671, -28.0, 8.0], [125.45273247160809, 44.27025156481059, -28.0, 8.0], [125.29566202227468, 47.10846360695114, -28.0, 8.0], [124.99999999999999, 50.0, -28.0, 8.0], [124.42387557205697, 53.453761726712706, -28.0, 8.0], [123.60075120117824, 57.06560725353671, -28.0, 8.0], [122.59929147282936, 60.77759308707505, -28.0, 8.0], [121.48816097247585, 64.53177573393077, -28.0, 8.0], [120.3360242855832, 68.27021170070688, -28.0, 8.0], [119.21154599761698, 71.9349574940064, -28.0, 8.0], [118.1833906940426, 75.4680696204324, -28.0, 8.0], [117.32022296032562, 78.81160458658789, -28.0, 8.0], [116.69070738193159, 81.90761889907589, -28.0, 8.0], [116.41172004541727, 83.89538136935867, -28.0, 8.0], [116.23687461519576, 85.76827697282613, -28.0, 8.0], [116.13739589880745, 87.5519034764437, -28.0, 8.0], [116.08450870379284, 89.27185864717691, -28.0, 8.0], [116.04943783769231, 90.95374025199123, -28.0, 8.0], [116.00340810804633, 92.62314605785215, -28.0, 8.0], [115.91764432239533, 94.30567383172519, -28.0, 8.0], [115.7633712882798, 96.0269213405758, -28.0, 8.0], [115.51181381324014, 97.81248635136953, -28.0, 8.0], [115.16799686722446, 99.83592179154206, -28.0, 8.0], [114.80987092077648, 101.87108753835453, -28.0, 8.0], [114.42032577085543, 103.92013173216938, -28.0, 8.0], [113.98225121442056, 105.985202513349, -28.0, 8.0], [113.47853704843106, 108.06844802225578, -28.0, 8.0], [112.89207306984619, 110.1720163992521, -28.0, 8.0], [112.20574907562515, 112.29805578470044, -28.0, 8.0], [111.40245486272717, 114.44871431896313, -28.0, 8.0], [110.46508022811145, 116.62614014240256, -28.0, 8.0], [109.01384822618635, 119.61233232375898, -28.0, 8.0], [107.31636359245535, 122.80693641228935, -28.0, 8.0], [105.41109717757347, 126.12479605762348, -28.0, 8.0], [103.33651983219585, 129.4807549093912, -28.0, 8.0], [101.13110240697756, 132.7896566172223, -28.0, 8.0], [98.83331575257368, 135.96634483074652, -28.0, 8.0], [96.48163071963934, 138.92566319959374, -28.0, 8.0], [94.11451815882964, 141.58245537339374, -28.0, 8.0], [91.77044892079962, 143.85156500177624, -28.0, 8.0], [89.98147041001987, 145.35386293591932, -28.0, 8.0], [88.17597653149379, 146.71719550128205, -28.0, 8.0], [86.34629882300061, 147.9468159193815, -28.0, 8.0], [84.4847688223196, 149.0479774117349, -28.0, 8.0], [82.58371806722994, 150.02593319985925, -28.0, 8.0], [80.63547809551088, 150.8859365052717, -28.0, 8.0], [78.63238044494166, 151.63324054948936, -28.0, 8.0], [76.56675665330147, 152.27309855402933, -28.0, 8.0], [74.4309382583696, 152.81076374040876, -28.0, 8.0], [71.87997006746981, 153.14362636011134, -28.0, 8.0], [69.17480247951859, 153.11069151166308, -28.0, 8.0], [66.35740122471205, 152.82267893147514, -28.0, 8.0], [63.46973203324629, 152.3903083559589, -28.0, 8.0], [60.55376063531739, 151.92429952152554, -28.0, 8.0], [57.65145276112143, 151.5353721645863, -28.0, 8.0], [54.80477414085451, 151.33424602155256, -28.0, 8.0], [52.05569050471275, 151.43164082883544, -28.0, 8.0], [49.4461675828922, 151.93827632284624, -28.0, 8.0], [46.972952334786186, 152.86380655215768, -28.0, 8.0], [44.59245250989524, 154.1023388046448, -28.0, 8.0], [42.286125023576346, 155.59127267567246, -28.0, 8.0], [40.035426791186495, 157.2680077606056, -28.0, 8.0], [37.82181472808268, 159.06994365480892, -28.0, 8.0], [35.62674574962186, 160.93447995364744, -28.0, 8.0], [33.43167677116107, 162.79901625248596, -28.0, 8.0], [31.218064708057256, 164.60095214668934, -28.0, 8.0], [28.967366475667408, 166.2776872316224, -28.0, 8.0]], "num_spline_nodes": 10, "road_bbox_size": [0.0, 0.0, 250.0, 250.0], "distance_to_boundary": -0.516147371923513}, "seed": {"control_nodes": [[125.0, 0.0, -28.0, 8.0], [125.0, 25.0, -28.0, 8.0], [125.0, 50.0, -28.0, 8.0], [116.69070738193159, 81.90761889907589, -28.0, 8.0], [115.51181381324014, 97.81248635136953, -28.0, 8.0], [110.46508022811146, 116.62614014240258, -28.0, 8.0], [91.77044892079964, 143.85156500177627, -28.0, 8.0], [74.4309382583696, 152.81076374040876, -28.0, 8.0], [49.4461675828922, 151.93827632284624, -28.0, 8.0], [28.967366475667408, 166.2776872316224, -28.0, 8.0], [8.488565368442611, 180.61709814039855, -28.0, 8.0]],