{"name": "Road470", "members_distance": null, "m1": {"control_nodes": [[125.0, 0.0, -28.0, 8.0], [125.0, 25.0, -28.0, 8.0], [125.0, 50.0, -28.0, 8.0], [116.69070738193159, 81.90761889907589, -28.0, 8.0], [115.51181381324014, 97.81248635136953, -28.0, 8.0], [112.46508022811146, 116.62614014240258, -28.0, 8.0], [91.77044892079964, 143.85156500177627, -28.0, 8.0], [74.4309382583696, 152.81076374040876, -28.0, 8.0], [49.4461675828922, 151.93827632284624, -28.0, 8.0], [28.967366475667408, 166.2776872316224, -28.0, 8.0], [8.488565368442611, 180.61709814039855, -28.0, 8.0]], "sample_nodes": [[125.0, 25.0, -28.0, 8.0], [125.03695775278433, 27.763557950868893, -28.0, 8.0], [125.12935213474518, 30.505786161374452, -28.0, 8.0], [125.24946483129426, 33.237349501698354, -28.0, 8.0], [125.36957752784332, 35.968912842022256, -28.0, 8.0], [125.46197190980416, 38.71114105252782, -28.0, 8.0], [125.49892966258847, 41.47469900339671, -28.0, 8.0], [125.45273247160809, 44.27025156481059, -28.0, 8.0], [125.29566202227468, 47.10846360695114, -28.0, 8.0], [124.99999999999999, 50.0, -28.0, 8.0], [124.42387557205697, 53.453761726712706, -28.0, 8.0], [123.60075120117824, 57.06560725353671, -28.0, 8.0], [122.59929147282936, 60.77759308707505, -28.0, 8.0], [121.48816097247585, 64.53177573393077, -28.0, 8.0], [120.3360242855832, 68.27021170070688, -28.0, 8.0], [119.21154599761698, 71.9349574940064, -28.0, 8.0], [118.1833906940426, 75.4680696204324, -28.0, 8.0], [117.32022296032562, 78.81160458658789, -28.0, 8.0], [116.69070738193159, 81.90761889907589, -28.0, 8.0], [116.4024916864706, 83.89436986766162, -28.0, 8.0], [116.20457535888238, 85.76473671688646, -28.0, 8.0], [116.07510447591737, 87.54507583998864, -28.0, 8.0], [115.99222511432606, 89.26174363020645, -28.0, 8.0], [115.93408335085881, 90.94109648077817, -28.0, 8.0], [115.87882526226616, 92.60949078494204, -28.0, 8.0], [115.80459692529855, 94.2932829359364, -28.0, 8.0], [115.68954441670637, 96.01882932699944, -28.0, 8.0], [115.51181381324014, 97.81248635136953, -28.0, 8.0], [115.3120673258606, 99.83038007731375, -28.0, 8.0], [115.16180141414296, 101.8683104420809, -28.0, 8.0], [115.02494088853327, 103.92545948447949, -28.0, 8.0], [114.86541055947731, 106.00100924331785, -28.0, 8.0], [114.64713523742108, 108.09414175740449, -28.0, 8.0], [114.33403973281045, 110.20403906554785, -28.0, 8.0], [113.89004885609137, 112.32988320655635, -28.0, 8.0], [113.27908741770975, 114.47085621923844, -28.0, 8.0], [112.46508022811147, 116.62614014240259, -28.0, 8.0], [111.01488486067257, 119.64550741370115, -28.0, 8.0], [109.194408824979, 122.85665272407942, -28.0, 8.0], [107.07135725265938, 126.17799404985666, -28.0, 8.0], [104.71343527534236, 129.52794936735216, -28.0, 8.0], [102.18834802465665, 132.82493665288507, -28.0, 8.0], [99.56380063223084, 135.9873738827747, -28.0, 8.0], [96.90749822969364, 138.93367903334024, -28.0, 8.0], [94.28714594867368, 141.58227008090105, -28.0, 8.0], [91.77044892079965, 143.85156500177627, -28.0, 8.0], [89.93265572176223, 145.33569965793117, -28.0, 8.0], [88.1012290400993, 146.68938298186274, -28.0, 8.0], [86.26392403656587, 147.91616538777652, -28.0, 8.0], [84.40849587191705, 149.01959728987845, -28.0, 8.0], [82.5226997069079, 150.00322910237412, -28.0, 8.0], [80.5942907022935, 150.8706112394692, -28.0, 8.0], [78.61102401882894, 151.62529411536957, -28.0, 8.0], [76.56065481726927, 152.2708281442808, -28.0, 8.0], [74.4309382583696, 152.81076374040876, -28.0, 8.0], [71.87997006746981, 153.14362636011134, -28.0, 8.0], [69.17480247951859, 153.11069151166308, -28.0, 8.0], [66.35740122471205, 152.82267893147514, -28.0, 8.0], [63.46973203324629, 152.3903083559589, -28.0, 8.0], [60.55376063531739, 151.92429952152554, -28.0, 8.0], [57.65145276112143, 151.5353721645863, -28.0, 8.0], [54.80477414085451, 151.33424602155256, -28.0, 8.0], [52.05569050471275, 151.43164082883544, -28.0, 8.0], [49.4461675828922, 151.93827632284624, -28.0, 8.0], [46.972952334786186, 152.86380655215768, -28.0, 8.0], [44.59245250989524, 154.1023388046448, -28.0, 8.0], [42.286125023576346, 155.59127267567246, -28.0, 8.0], [40.035426791186495, 157.2680077606056, -28.0, 8.0], [37.82181472808268, 159.06994365480892, -28.0, 8.0], [35.62674574962186, 160.93447995364744, -28.0, 8.0], [33.43167677116107, 162.79901625248596, -28.0, 8.0], [31.218064708057256, 164.60095214668934, -28.0, 8.0], [28.967366475667408, 166.2776872316224, -28.0, 8.0]], "num_spline_nodes": 10, "road_bbox_size": [0.0, 0.0, 250.0, 250.0], "distance_to_boundary": -0.5166321458153398}, "seed": {"control_nodes": [[125.0, 0.0, -28.0, 8.0], [125.0, 25.0, -28.0, 8.0], [125.0, 50.0, -28.0, 8.0], [116.69070738193159, 81.90761889907589, -28.0, 8.0], [115.51181381324014, 97.81248635136953, -28.0, 8.0], [108.46508022811146, 116.62614014240258, -28.0, 8.0], [91.77044892079964, 143.85156500177627, -28.0, 8.0], [74.4309382583696, 152.81076374040876, -28.0, 8.0], [49.4461675828922, 151.93827632284624, -28.0, 8.0], [28.967366475667408, 166.2776872316224, -28.0, 8.0], [8.488565368442611, 180.61709814039855, -28.0, 8.0]],