{"name": "Road142", "members_distance": null, "m1": {"control_nodes": [[125.0, 0.0, -28.0, 8.0], [125.0, 25.0, -28.0, 8.0], [125.0, 50.0, -28.0, 8.0], [121.69070738193159, 76.90761889907589, -28.0, 8.0], [119.51181381324014, 106.81248635136953, -28.0, 8.0], [109.46508022811146, 120.62614014240258, -28.0, 8.0], [88.77044892079964, 143.85156500177627, -28.0, 8.0], [74.4309382583696, 152.81076374040876, -28.0, 8.0], [49.4461675828922, 151.93827632284624, -28.0, 8.0], [28.967366475667408, 166.2776872316224, -28.0, 8.0], [8.488565368442611, 180.61709814039855, -28.0, 8.0]], "sample_nodes": [[125.0, 25.0, -28.0, 8.0], [125.01708370665703, 27.773266838339165, -28.0, 8.0], [125.05979297329962, 30.5397672675204, -28.0, 8.0], [125.11531501993497, 33.30288449212268, -28.0, 8.0], [125.17083706657031, 36.06600171672497, -28.0, 8.0], [125.21354633321289, 38.832502145906204, -28.0, 8.0], [125.23063003986991, 41.60576898424536, -28.0, 8.0], [125.20927540654864, 44.38918543632141, -28.0, 8.0], [125.13666965325625, 47.18613470671331, -28.0, 8.0], [125.0, 50.0, -28.0, 8.0], [124.77388850121844, 52.94242831531358, -28.0, 8.0], [124.46837694725575, 55.89094065184675, -28.0, 8.0], [124.10232382451056, 58.847998191710765, -28.0, 8.0], [123.6945876193816, 61.81606211701698, -28.0, 8.0], [123.2640268182674, 64.79759360987664, -28.0, 8.0], [122.82949990756666, 67.79505385240107, -28.0, 8.0], [122.40986537367803, 70.81090402670156, -28.0, 8.0], [122.02398170300013, 73.8476053148894, -28.0, 8.0], [121.69070738193159, 76.90761889907589, -28.0, 8.0], [121.45966372327808, 80.23062609154036, -28.0, 8.0], [121.36050062157369, 83.6963747634666, -28.0, 8.0], [121.33551330668772, 87.24366383699137, -28.0, 8.0], [121.32699700848953, 90.81129223425154, -28.0, 8.0], [121.27724695684836, 94.33805887738379, -28.0, 8.0], [121.12855838163351, 97.76276268852494, -28.0, 8.0], [120.82322651271438, 101.02420258981176, -28.0, 8.0], [120.30354657996011, 104.06117750338105, -28.0, 8.0], [119.51181381324014, 106.81248635136953, -28.0, 8.0], [118.73748420501622, 108.66215775742101, -28.0, 8.0], [117.85148041693033, 110.33302471367396, -28.0, 8.0], [116.86502272712437, 111.86798687881071, -28.0, 8.0], [115.78933141374021, 113.30994391151359, -28.0, 8.0], [114.6356267549197, 114.70179547046497, -28.0, 8.0], [113.4151290288047, 116.08644121434722, -28.0, 8.0], [112.1390585135371, 117.50678080184267, -28.0, 8.0], [110.81863548725872, 119.00571389163366, -28.0, 8.0], [109.46508022811146, 120.62614014240256, -28.0, 8.0], [107.51767065688985, 123.04555885194291, -28.0, 8.0], [105.38978496481909, 125.67824270044726, -28.0, 8.0], [103.12105642790215, 128.45006206256798, -28.0, 8.0], [100.75111832214205, 131.28688731295767, -28.0, 8.0], [98.31960392354182, 134.1145888262687, -28.0, 8.0], [95.86614650810446, 136.85903697715364, -28.0, 8.0], [93.43037935183298, 139.44610214026488, -28.0, 8.0], [91.05193573073035, 141.80165469025494, -28.0, 8.0], [88.77044892079965, 143.8515650017763, -28.0, 8.0], [87.17372435021525, 145.19910860221404, -28.0, 8.0], [85.639138812757, 146.47596105012008, -28.0, 8.0], [84.14043046652354, 147.67469601008764, -28.0, 8.0], [82.65133746961354, 148.78788714670998, -28.0, 8.0], [81.14559798012571, 149.8081081245804, -28.0, 8.0], [79.59695015615873, 150.72793260829224, -28.0, 8.0], [77.97913215581124, 151.5399342624387, -28.0, 8.0], [76.26588213718198, 152.2366867516131, -28.0, 8.0], [74.43093825836958, 152.81076374040873, -28.0, 8.0], [71.99376527834265, 153.19719236001234, -28.0, 8.0], [69.34905139616761, 153.19271444901142, -28.0, 8.0], [66.54943064305996, 152.91307155630807, -28.0, 8.0], [63.64753705023509, 152.47400523080418, -28.0, 8.0], [60.69600464890842, 151.99125702140174, -28.0, 8.0], [57.74746747029538, 151.58056847700277, -28.0, 8.0], [54.85455954561138, 151.3576811465092, -28.0, 8.0], [52.06991490607185, 151.43833657882305, -28.0, 8.0], [49.44616758289221, 151.93827632284626, -28.0, 8.0], [46.972952334786186, 152.86380655215768, -28.0, 8.0], [44.59245250989524, 154.1023388046448, -28.0, 8.0], [42.286125023576346, 155.59127267567246, -28.0, 8.0], [40.035426791186495, 157.2680077606056, -28.0, 8.0], [37.82181472808268, 159.06994365480892, -28.0, 8.0], [35.62674574962186, 160.93447995364744, -28.0, 8.0], [33.43167677116107, 162.79901625248596, -28.0, 8.0], [31.218064708057256, 164.60095214668934, -28.0, 8.0], [28.967366475667408, 166.2776872316224, -28.0, 8.0]], "num_spline_nodes": 10, "road_bbox_size": [0.0, 0.0, 250.0, 250.0], "distance_to_boundary": -0.5233184085256903}, "seed": {"control_nodes": [[125.0, 0.0, -28.0, 8.0], [125.0, 25.0, -28.0, 8.0], [125.0, 50.0, -28.0, 8.0], [116.69070738193159, 68.90761889907589, -28.0, 8.0], [114.51181381324014, 106.81248635136953, -28.0, 8.0], [108.46508022811146, 116.62614014240258, -28.0, 8.0], [88.77044892079964, 143.85156500177627, -28.0, 8.0], [74.4309382583696, 152.81076374040876, -28.0, 8.0], [49.4461675828922, 151.93827632284624, -28.0, 8.0], [28.967366475667408, 166.2776872316224, -28.0, 8.0], [8.488565368442611, 180.61709814039855, -28.0, 8.0]],