{"name": "Road108", "members_distance": null, "m1": {"control_nodes": [[125.0, 0.0, -28.0, 8.0], [125.0, 25.0, -28.0, 8.0], [125.0, 50.0, -28.0, 8.0], [121.69070738193159, 75.90761889907589, -28.0, 8.0], [114.51181381324014, 111.81248635136953, -28.0, 8.0], [108.46508022811146, 120.62614014240258, -28.0, 8.0], [88.77044892079964, 143.85156500177627, -28.0, 8.0], [74.4309382583696, 152.81076374040876, -28.0, 8.0], [49.4461675828922, 151.93827632284624, -28.0, 8.0], [28.967366475667408, 166.2776872316224, -28.0, 8.0], [8.488565368442611, 180.61709814039855, -28.0, 8.0]], "sample_nodes": [[125.0, 25.0, -28.0, 8.0], [125.0175707475279, 27.775894627776267, -28.0, 8.0], [125.06149761634767, 30.548964530550265, -28.0, 8.0], [125.11860254581333, 33.320622070823134, -28.0, 8.0], [125.175707475279, 36.092279611096004, -28.0, 8.0], [125.21963434409875, 38.86534951387001, -28.0, 8.0], [125.23720509162663, 41.64124414164627, -28.0, 8.0], [125.2152416572168, 44.42137585692594, -28.0, 8.0], [125.1405659802232, 47.20715702221015, -28.0, 8.0], [125.0, 50.0, -28.0, 8.0], [124.79299053477399, 52.84069280878543, -28.0, 8.0], [124.537899271384, 55.65547447902159, -28.0, 8.0], [124.23811593962614, 58.45951387508684, -28.0, 8.0], [123.89703026929644, 61.26797986135953, -28.0, 8.0], [123.51803199019088, 64.09604130221794, -28.0, 8.0], [123.1045108321056, 66.95886706204044, -28.0, 8.0], [122.65985652483658, 69.8716260052054, -28.0, 8.0], [122.18745879817992, 72.84948699609112, -28.0, 8.0], [121.69070738193159, 75.90761889907589, -28.0, 8.0], [121.07682853913283, 79.78773650221407, -28.0, 8.0], [120.43309037817228, 83.99390227172813, -28.0, 8.0], [119.75259946417285, 88.39809329136236, -28.0, 8.0], [119.0284623622573, 92.872286644861, -28.0, 8.0], [118.25378563754867, 97.28845941596833, -28.0, 8.0], [117.42167585516975, 101.5185886884286, -28.0, 8.0], [116.52523958024341, 105.43465154598604, -28.0, 8.0], [115.5575833778926, 108.90862507238492, -28.0, 8.0], [114.51181381324012, 111.81248635136953, -28.0, 8.0], [113.92966988834229, 113.0975583460857, -28.0, 8.0], [113.35065570387593, 114.19953981037274, -28.0, 8.0], [112.7638175822627, 115.16413627915969, -28.0, 8.0], [112.1582018459242, 116.03705328737547, -28.0, 8.0], [111.52285481728217, 116.86399636994915, -28.0, 8.0], [110.84682281875823, 117.69067106180971, -28.0, 8.0], [110.11915217277402, 118.56278289788612, -28.0, 8.0], [109.3288892017512, 119.52603741310742, -28.0, 8.0], [108.46508022811146, 120.62614014240258, -28.0, 8.0], [106.7970427569083, 122.81691443025798, -28.0, 8.0], [104.87955404803313, 125.32910252487625, -28.0, 8.0], [102.76378017874433, 128.0667229884623, -28.0, 8.0], [100.50088722630042, 130.93379438322097, -28.0, 8.0], [98.14204126795981, 133.83433527135725, -28.0, 8.0], [95.73840838098096, 136.67236421507596, -28.0, 8.0], [93.34115464262234, 139.35189977658212, -28.0, 8.0], [91.00144613014243, 141.77696051808059, -28.0, 8.0], [88.77044892079964, 143.85156500177627, -28.0, 8.0], [87.19531839771284, 145.20785404853993, -28.0, 8.0], [85.67220469798767, 146.48935251480657, -28.0, 8.0], [84.17687042167566, 147.68945395076253, -28.0, 8.0], [82.68507816882848, 148.8015519065941, -28.0, 8.0], [81.17259053949768, 149.81903993248775, -28.0, 8.0], [79.61517013373481, 150.73531157862968, -28.0, 8.0], [77.98857955159143, 151.54376039520625, -28.0, 8.0], [76.26858139311918, 152.23777993240387, -28.0, 8.0], [74.4309382583696, 152.81076374040873, -28.0, 8.0], [71.99376527834265, 153.19719236001234, -28.0, 8.0], [69.34905139616761, 153.19271444901142, -28.0, 8.0], [66.54943064305996, 152.91307155630807, -28.0, 8.0], [63.64753705023509, 152.47400523080418, -28.0, 8.0], [60.69600464890842, 151.99125702140174, -28.0, 8.0], [57.74746747029538, 151.58056847700277, -28.0, 8.0], [54.85455954561138, 151.3576811465092, -28.0, 8.0], [52.06991490607185, 151.43833657882305, -28.0, 8.0], [49.44616758289221, 151.93827632284626, -28.0, 8.0], [46.972952334786186, 152.86380655215768, -28.0, 8.0], [44.59245250989524, 154.1023388046448, -28.0, 8.0], [42.286125023576346, 155.59127267567246, -28.0, 8.0], [40.035426791186495, 157.2680077606056, -28.0, 8.0], [37.82181472808268, 159.06994365480892, -28.0, 8.0], [35.62674574962186, 160.93447995364744, -28.0, 8.0], [33.43167677116107, 162.79901625248596, -28.0, 8.0], [31.218064708057256, 164.60095214668934, -28.0, 8.0], [28.967366475667408, 166.2776872316224, -28.0, 8.0]], "num_spline_nodes": 10, "road_bbox_size": [0.0, 0.0, 250.0, 250.0], "distance_to_boundary": -0.5009034556510925}, "seed": {"control_nodes": [[125.0, 0.0, -28.0, 8.0], [125.0, 25.0, -28.0, 8.0], [125.0, 50.0, -28.0, 8.0], [116.69070738193159, 68.90761889907589, -28.0, 8.0], [114.51181381324014, 106.81248635136953, -28.0, 8.0], [108.46508022811146, 116.62614014240258, -28.0, 8.0], [88.77044892079964, 143.85156500177627, -28.0, 8.0], [74.4309382583696, 152.81076374040876, -28.0, 8.0], [49.4461675828922, 151.93827632284624, -28.0, 8.0], [28.967366475667408, 166.2776872316224, -28.0, 8.0], [8.488565368442611, 180.61709814039855, -28.0, 8.0]],