{"name": "Road93", "members_distance": null, "m1": {"control_nodes": [[125.0, 0.0, -28.0, 8.0], [125.0, 25.0, -28.0, 8.0], [125.0, 50.0, -28.0, 8.0], [113.69070738193159, 73.90761889907589, -28.0, 8.0], [108.51181381324014, 98.81248635136953, -28.0, 8.0], [108.46508022811146, 119.62614014240258, -28.0, 8.0], [93.77044892079964, 143.85156500177627, -28.0, 8.0], [74.4309382583696, 152.81076374040876, -28.0, 8.0], [49.4461675828922, 151.93827632284624, -28.0, 8.0], [28.967366475667408, 166.2776872316224, -28.0, 8.0], [8.488565368442611, 180.61709814039855, -28.0, 8.0]], "sample_nodes": [[125.0, 25.0, -28.0, 8.0], [125.05948267498391, 27.78727658802979, -28.0, 8.0], [125.20818936244369, 30.588801391437592, -28.0, 8.0], [125.4015080561414, 33.39745030253441, -28.0, 8.0], [125.59482674983909, 36.206099213631234, -28.0, 8.0], [125.74353343729888, 39.00762401703904, -28.0, 8.0], [125.80301611228276, 41.79490060506882, -28.0, 8.0], [125.7286627685529, 44.56080487003159, -28.0, 8.0], [125.47586139987128, 47.298212704238324, -28.0, 8.0], [125.0, 50.0, -28.0, 8.0], [124.2134265152085, 52.72855506665789, -28.0, 8.0], [123.1407761430142, 55.40707065732911, -28.0, 8.0], [121.85429455831658, 58.04926158671217, -28.0, 8.0], [120.42622743601513, 60.668842669505565, -28.0, 8.0], [118.92882045100924, 63.27952872040785, -28.0, 8.0], [117.4343192781985, 65.89503455411752, -28.0, 8.0], [116.01496959248236, 68.52907498533304, -28.0, 8.0], [114.74301706876021, 71.19536482875299, -28.0, 8.0], [113.69070738193159, 73.90761889907589, -28.0, 8.0], [112.82873035511523, 76.62236163630511, -28.0, 8.0], [112.04290871793872, 79.38319501950411, -28.0, 8.0], [111.33130563284989, 82.17598713870048, -28.0, 8.0], [110.69198426229669, 84.9866060839218, -28.0, 8.0], [110.12300776872694, 87.80091994519574, -28.0, 8.0], [109.62243931458852, 90.60479681254985, -28.0, 8.0], [109.18834206232931, 93.38410477601177, -28.0, 8.0], [108.81877917439724, 96.12471192560913, -28.0, 8.0], [108.51181381324014, 98.81248635136953, -28.0, 8.0], [108.37679096014122, 101.19684713202018, -28.0, 8.0], [108.42774147844997, 103.54808657274657, -28.0, 8.0], [108.59887287676253, 105.87271389976831, -28.0, 8.0], [108.82439266367535, 108.17723833930513, -28.0, 8.0], [109.03850834778454, 110.46816911757662, -28.0, 8.0], [109.1754274376865, 112.75201546080245, -28.0, 8.0], [109.16935744197744, 115.0352865952023, -28.0, 8.0], [108.95450586925367, 117.32449174699576, -28.0, 8.0], [108.46508022811145, 119.62614014240256, -28.0, 8.0], [107.56912190520104, 122.40230077506585, -28.0, 8.0], [106.41576982964062, 125.29965030754738, -28.0, 8.0], [105.03639505731458, 128.25720277284654, -28.0, 8.0], [103.46236864410716, 131.21397220396267, -28.0, 8.0], [101.72506164590267, 134.10897263389518, -28.0, 8.0], [99.85584511858539, 136.88121809564342, -28.0, 8.0], [97.88609011803959, 139.4697226222068, -28.0, 8.0], [95.84716770014957, 141.8135002465846, -28.0, 8.0], [93.77044892079964, 143.85156500177627, -28.0, 8.0], [91.91016969760467, 145.3899173800041, -28.0, 8.0], [89.95331675201177, 146.77507165243833, -28.0, 8.0], [87.91036218345732, 148.0145178088783, -28.0, 8.0], [85.79177809137758, 149.11574583912358, -28.0, 8.0], [83.60803657520883, 150.0862457329735, -28.0, 8.0], [81.36960973438735, 150.93350748022752, -28.0, 8.0], [79.08696966834947, 151.66502107068513, -28.0, 8.0], [76.77058847653146, 152.28827649414572, -28.0, 8.0], [74.4309382583696, 152.8107637404088, -28.0, 8.0], [71.81451793321018, 153.11307636537174, -28.0, 8.0], [69.07457889893357, 153.06391183221805, -28.0, 8.0], [66.24695074814895, 152.77112581535204, -28.0, 8.0], [63.36746307346564, 152.34257398917828, -28.0, 8.0], [60.47194546749287, 151.88611202810102, -28.0, 8.0], [57.59622752283988, 151.50959560652478, -28.0, 8.0], [54.77613883211593, 151.32088039885397, -28.0, 8.0], [52.0475089879303, 151.42782207949298, -28.0, 8.0], [49.4461675828922, 151.93827632284624, -28.0, 8.0], [46.972952334786186, 152.86380655215768, -28.0, 8.0], [44.59245250989524, 154.1023388046448, -28.0, 8.0], [42.286125023576346, 155.59127267567246, -28.0, 8.0], [40.035426791186495, 157.2680077606056, -28.0, 8.0], [37.82181472808268, 159.06994365480892, -28.0, 8.0], [35.62674574962186, 160.93447995364744, -28.0, 8.0], [33.43167677116107, 162.79901625248596, -28.0, 8.0], [31.218064708057256, 164.60095214668934, -28.0, 8.0], [28.967366475667408, 166.2776872316224, -28.0, 8.0]], "num_spline_nodes": 10, "road_bbox_size": [0.0, 0.0, 250.0, 250.0], "distance_to_boundary": -0.505635398617386}, "seed": {"control_nodes": [[125.0, 0.0, -28.0, 8.0], [125.0, 25.0, -28.0, 8.0], [125.0, 50.0, -28.0, 8.0], [113.69070738193159, 73.90761889907589, -28.0, 8.0], [108.51181381324014, 98.81248635136953, -28.0, 8.0], [108.46508022811146, 119.62614014240258, -28.0, 8.0], [93.77044892079964, 143.85156500177627, -28.0, 8.0], [74.4309382583696, 152.81076374040876, -28.0, 8.0], [49.4461675828922, 151.93827632284624, -28.0, 8.0], [28.967366475667408, 166.2776872316224, -28.0, 8.0], [8.488565368442611, 180.61709814039855, -28.0, 8.0]],