{"name": "Road496", "members_distance": null, "m1": {"control_nodes": [[125.0, 0.0, -28.0, 8.0], [125.0, 25.0, -28.0, 8.0], [125.0, 50.0, -28.0, 8.0], [117.86079613857109, 73.63796438998293, -28.0, 8.0], [91.43214710214681, 89.37097416622886, -28.0, 8.0], [70.89146751595521, 94.14119905064248, -28.0, 8.0], [49.13476579741595, 96.62052657464412, -28.0, 8.0], [29.85092325693669, 114.67048557620657, -28.0, 8.0], [20.485758421538886, 137.85008194037627, -28.0, 8.0], [22.229670265142015, 162.78918319687187, -28.0, 8.0], [23.973582108745145, 187.72828445336748, -28.0, 8.0]], "sample_nodes": [[125.0, 25.0, -28.0, 8.0], [125.03953764831877, 27.784466868608416, -28.0, 8.0], [125.13838176911572, 30.57896737346277, -28.0, 8.0], [125.26687912615174, 33.378484696440104, -28.0, 8.0], [125.39537648318776, 36.178002019417455, -28.0, 8.0], [125.4942206039847, 38.97250252427182, -28.0, 8.0], [125.53375825230347, 41.75696939288022, -28.0, 8.0], [125.48433619190502, 44.52638580711971, -28.0, 8.0], [125.3163011865502, 47.275734948867296, -28.0, 8.0], [125.0, 50.0, -28.0, 8.0], [124.60494794932474, 52.72877543840705, -28.0, 8.0], [124.19212557584774, 55.50699579256113, -28.0, 8.0], [123.7264852154679, 58.30250592528874, -28.0, 8.0], [123.17297920408421, 61.08315069941642, -28.0, 8.0], [122.49655987759562, 63.816774977770635, -28.0, 8.0], [121.66217957190102, 66.47122362317788, -28.0, 8.0], [120.63479062289946, 69.01434149846469, -28.0, 8.0], [119.37934536648982, 71.41397346645752, -28.0, 8.0], [117.86079613857109, 73.63796438998293, -28.0, 8.0], [115.76934498132393, 75.9390036499898, -28.0, 8.0], [113.26260542178224, 78.09871505577135, -28.0, 8.0], [110.42801548210562, 80.11842550242636, -28.0, 8.0], [107.35301318445364, 81.99946188505356, -28.0, 8.0], [104.12503655098577, 83.74315109875175, -28.0, 8.0], [100.83152360386163, 85.35082003861959, -28.0, 8.0], [97.55991236524073, 86.82379559975591, -28.0, 8.0], [94.39764085728261, 88.1634046772594, -28.0, 8.0], [91.43214710214681, 89.37097416622886, -28.0, 8.0], [89.10086035320418, 90.24204637858453, -28.0, 8.0], [86.8012018512586, 90.97826224206435, -28.0, 8.0], [84.52486545657678, 91.60087656062954, -28.0, 8.0], [82.26354502942526, 92.13114413824135, -28.0, 8.0], [80.00893443007075, 92.59031977886099, -28.0, 8.0], [77.75272751877985, 92.99965828644967, -28.0, 8.0], [75.48661815581922, 93.38041446496867, -28.0, 8.0], [73.20230020145544, 93.75384311837921, -28.0, 8.0], [70.89146751595521, 94.14119905064248, -28.0, 8.0], [68.48865947594673, 94.44922462616707, -28.0, 8.0], [66.03577589724237, 94.59830377361088, -28.0, 8.0], [63.552713089777725, 94.65306945434521, -28.0, 8.0], [61.05936736348837, 94.67815462974136, -28.0, 8.0], [58.57563502830986, 94.73819226117058, -28.0, 8.0], [56.12141239417778, 94.89781531000419, -28.0, 8.0], [53.71659577102772, 95.22165673761344, -28.0, 8.0], [51.38108146879526, 95.77434950536967, -28.0, 8.0], [49.13476579741596, 96.62052657464413, -28.0, 8.0], [46.726504199846694, 97.88964823994745, -28.0, 8.0], [44.3369884104856, 99.44071971899038, -28.0, 8.0], [41.98664298578689, 101.2318085203349, -28.0, 8.0], [39.69589248220466, 103.22098215254294, -28.0, 8.0], [37.485161456193104, 105.36630812417661, -28.0, 8.0], [35.37487446420637, 107.62585394379778, -28.0, 8.0], [33.38545606269861, 109.95768711996851, -28.0, 8.0], [31.537330808124, 112.31987516125078, -28.0, 8.0], [29.85092325693669, 114.67048557620657, -28.0, 8.0], [28.342635714608605, 116.9930736228803, -28.0, 8.0], [26.933583497950995, 119.41521216934926, -28.0, 8.0], [25.63134936079028, 121.92133557217862, -28.0, 8.0], [24.443516056952845, 124.49587818793367, -28.0, 8.0], [23.37766634026509, 127.12327437317956, -28.0, 8.0], [22.44138296455342, 129.78795848448158, -28.0, 8.0], [21.64224868364423, 132.47436487840488, -28.0, 8.0], [20.98784625136392, 135.1669279115147, -28.0, 8.0], [20.48575842153889, 137.8500819403763, -28.0, 8.0], [20.191885178197083, 140.54385840844446, -28.0, 8.0], [20.126593759526074, 143.2738386808815, -28.0, 8.0], [20.24416780059171, 146.03278199681358, -28.0, 8.0], [20.49889093645983, 148.81344759536705, -28.0, 8.0], [20.845046802196265, 151.608594715668, -28.0, 8.0], [21.236919032866865, 154.41098259684273, -28.0, 8.0], [21.628791263537455, 157.21337047801748, -28.0, 8.0], [21.9749471292739, 160.00851759831846, -28.0, 8.0], [22.229670265142012, 162.78918319687187, -28.0, 8.0]], "num_spline_nodes": 10, "road_bbox_size": [0.0, 0.0, 250.0, 250.0], "distance_to_boundary": -1.1339918543016765}, "seed": {"control_nodes": [[125.0, 0.0, -28.0, 8.0], [125.0, 25.0, -28.0, 8.0], [125.0, 50.0, -28.0, 8.0], [117.86079613857109, 73.63796438998293, -28.0, 8.0], [91.43214710214681, 89.37097416622886, -28.0, 8.0], [72.89146751595521, 94.14119905064248, -28.0, 8.0], [49.13476579741595, 97.62052657464412, -28.0, 8.0], [29.85092325693669, 114.67048557620657, -28.0, 8.0], [20.485758421538886, 137.85008194037627, -28.0, 8.0], [22.229670265142015, 162.78918319687187, -28.0, 8.0], [23.973582108745145, 187.72828445336748, -28.0, 8.0]],