{"name": "Road109", "members_distance": null, "m1": {"control_nodes": [[125.0, 0.0, -28.0, 8.0], [125.0, 25.0, -28.0, 8.0], [125.0, 50.0, -28.0, 8.0], [116.69070738193159, 77.90761889907589, -28.0, 8.0], [114.51181381324014, 106.81248635136953, -28.0, 8.0], [109.46508022811146, 120.62614014240258, -28.0, 8.0], [88.77044892079964, 143.85156500177627, -28.0, 8.0], [74.4309382583696, 152.81076374040876, -28.0, 8.0], [49.4461675828922, 151.93827632284624, -28.0, 8.0], [28.967366475667408, 166.2776872316224, -28.0, 8.0], [8.488565368442611, 180.61709814039855, -28.0, 8.0]], "sample_nodes": [[125.0, 25.0, -28.0, 8.0], [125.04063597567776, 27.773244850230245, -28.0, 8.0], [125.14222591487217, 30.539690309139182, -28.0, 8.0], [125.27429283582487, 33.302736072387475, -28.0, 8.0], [125.40635975677759, 36.065781835635775, -28.0, 8.0], [125.50794969597197, 38.83222729454472, -28.0, 8.0], [125.5485856716497, 41.60547214477495, -28.0, 8.0], [125.49779070205254, 44.38891608198715, -28.0, 8.0], [125.32508780542206, 47.185958801841956, -28.0, 8.0], [125.0, 50.0, -28.0, 8.0], [124.42173810873824, 53.052771476482405, -28.0, 8.0], [123.61551582872347, 56.11658497511453, -28.0, 8.0], [122.6420669504127, 59.191859100817126, -28.0, 8.0], [121.56212526426316, 62.27901245851099, -28.0, 8.0], [120.43642456073185, 65.37846365311685, -28.0, 8.0], [119.32569863027591, 68.49063128955551, -28.0, 8.0], [118.29068126335251, 71.61593397274773, -28.0, 8.0], [117.39210625041869, 74.75479030761426, -28.0, 8.0], [116.69070738193159, 77.90761889907589, -28.0, 8.0], [116.21208202878536, 81.13373822879, -28.0, 8.0], [115.90623426965952, 84.47308875521261, -28.0, 8.0], [115.72445864294556, 87.87559274505037, -28.0, 8.0], [115.61804968703514, 91.29117246501002, -28.0, 8.0], [115.53830194031974, 94.66975018179816, -28.0, 8.0], [115.43650994119096, 97.96124816212154, -28.0, 8.0], [115.26396822804043, 101.11558867268675, -28.0, 8.0], [114.9719713392596, 104.0826939802005, -28.0, 8.0], [114.51181381324017, 106.81248635136956, -28.0, 8.0], [114.11975001047318, 108.58512141470727, -28.0, 8.0], [113.72944540349552, 110.22731916252489, -28.0, 8.0], [113.32207272553754, 111.7695043755333, -28.0, 8.0], [112.87880470982981, 113.24210183444345, -28.0, 8.0], [112.3808140896028, 114.67553631996623, -28.0, 8.0], [111.80927359808696, 116.1002326128126, -28.0, 8.0], [111.1453559685128, 117.54661549369348, -28.0, 8.0], [110.37023393411081, 119.04510974331983, -28.0, 8.0], [109.46508022811145, 120.62614014240256, -28.0, 8.0], [107.85255859694362, 123.1135917682924, -28.0, 8.0], [105.90258212302639, 125.78241810360737, -28.0, 8.0], [103.68617982674286, 128.56486760890778, -28.0, 8.0], [101.27438072847605, 131.39318874475373, -28.0, 8.0], [98.738213848609, 134.19962997170555, -28.0, 8.0], [96.14870820752483, 136.9164397503235, -28.0, 8.0], [93.57689282560648, 139.47586654116776, -28.0, 8.0], [91.09379672323706, 141.8101588047986, -28.0, 8.0], [88.77044892079964, 143.85156500177627, -28.0, 8.0], [87.17372435021525, 145.19910860221404, -28.0, 8.0], [85.639138812757, 146.47596105012008, -28.0, 8.0], [84.14043046652354, 147.67469601008764, -28.0, 8.0], [82.65133746961354, 148.78788714670998, -28.0, 8.0], [81.14559798012571, 149.8081081245804, -28.0, 8.0], [79.59695015615873, 150.72793260829224, -28.0, 8.0], [77.97913215581124, 151.5399342624387, -28.0, 8.0], [76.26588213718198, 152.2366867516131, -28.0, 8.0], [74.43093825836958, 152.81076374040873, -28.0, 8.0], [71.99376527834265, 153.19719236001234, -28.0, 8.0], [69.34905139616761, 153.19271444901142, -28.0, 8.0], [66.54943064305996, 152.91307155630807, -28.0, 8.0], [63.64753705023509, 152.47400523080418, -28.0, 8.0], [60.69600464890842, 151.99125702140174, -28.0, 8.0], [57.74746747029538, 151.58056847700277, -28.0, 8.0], [54.85455954561138, 151.3576811465092, -28.0, 8.0], [52.06991490607185, 151.43833657882305, -28.0, 8.0], [49.44616758289221, 151.93827632284626, -28.0, 8.0], [46.972952334786186, 152.86380655215768, -28.0, 8.0], [44.59245250989524, 154.1023388046448, -28.0, 8.0], [42.286125023576346, 155.59127267567246, -28.0, 8.0], [40.035426791186495, 157.2680077606056, -28.0, 8.0], [37.82181472808268, 159.06994365480892, -28.0, 8.0], [35.62674574962186, 160.93447995364744, -28.0, 8.0], [33.43167677116107, 162.79901625248596, -28.0, 8.0], [31.218064708057256, 164.60095214668934, -28.0, 8.0], [28.967366475667408, 166.2776872316224, -28.0, 8.0]], "num_spline_nodes": 10, "road_bbox_size": [0.0, 0.0, 250.0, 250.0], "distance_to_boundary": -0.5222840172014394}, "seed": {"control_nodes": [[125.0, 0.0, -28.0, 8.0], [125.0, 25.0, -28.0, 8.0], [125.0, 50.0, -28.0, 8.0], [116.69070738193159, 68.90761889907589, -28.0, 8.0], [114.51181381324014, 106.81248635136953, -28.0, 8.0], [108.46508022811146, 116.62614014240258, -28.0, 8.0], [88.77044892079964, 143.85156500177627, -28.0, 8.0], [74.4309382583696, 152.81076374040876, -28.0, 8.0], [49.4461675828922, 151.93827632284624, -28.0, 8.0], [28.967366475667408, 166.2776872316224, -28.0, 8.0], [8.488565368442611, 180.61709814039855, -28.0, 8.0]],