{"name": "Road422", "members_distance": null, "m1": {"control_nodes": [[125.0, 0.0, -28.0, 8.0], [125.0, 25.0, -28.0, 8.0], [125.0, 50.0, -28.0, 8.0], [116.86079613857109, 71.63796438998293, -28.0, 8.0], [96.43214710214681, 89.37097416622886, -28.0, 8.0], [68.89146751595521, 94.14119905064248, -28.0, 8.0], [49.13476579741595, 96.62052657464412, -28.0, 8.0], [29.85092325693669, 114.67048557620657, -28.0, 8.0], [20.485758421538886, 137.85008194037627, -28.0, 8.0], [22.229670265142015, 162.78918319687187, -28.0, 8.0], [23.973582108745145, 187.72828445336748, -28.0, 8.0]], "sample_nodes": [[125.0, 25.0, -28.0, 8.0], [125.04735018643107, 27.791755571632972, -28.0, 8.0], [125.16572565250877, 30.60447783404872, -28.0, 8.0], [125.31961375840976, 33.42768344185587, -28.0, 8.0], [125.47350186431075, 36.25088904966303, -28.0, 8.0], [125.59187733038846, 39.063611312078784, -28.0, 8.0], [125.63922751681952, 41.85536688371174, -28.0, 8.0], [125.58003978378069, 44.61567241917054, -28.0, 8.0], [125.3788014914486, 47.33404457306376, -28.0, 8.0], [125.0, 50.0, -28.0, 8.0], [124.50257883005084, 52.53527149096591, -28.0, 8.0], [123.9259316558256, 55.063544293545874, -28.0, 8.0], [123.26041232044395, 57.57377642861111, -28.0, 8.0], [122.49637466702558, 60.0549259170329, -28.0, 8.0], [121.62417253869012, 62.49595077968243, -28.0, 8.0], [120.63415977855728, 64.88580903743096, -28.0, 8.0], [119.51669022974673, 67.21345871114973, -28.0, 8.0], [118.26211773537808, 69.46785782170997, -28.0, 8.0], [116.86079613857109, 71.63796438998293, -28.0, 8.0], [115.15750697676064, 73.9380848876854, -28.0, 8.0], [113.26005707022632, 76.2233323872779, -28.0, 8.0], [111.19095523122922, 78.46474680815192, -28.0, 8.0], [108.97271027203035, 80.63336806969889, -28.0, 8.0], [106.62783100489078, 82.70023609131026, -28.0, 8.0], [104.17882624207161, 84.63639079237748, -28.0, 8.0], [101.64820479583385, 86.41287209229202, -28.0, 8.0], [99.05847547843855, 88.00071991044531, -28.0, 8.0], [96.43214710214681, 89.37097416622886, -28.0, 8.0], [93.64731355851342, 90.49850359116073, -28.0, 8.0], [90.68503680648466, 91.36742539855058, -28.0, 8.0], [87.59187372473605, 92.02455309186914, -28.0, 8.0], [84.41438119194308, 92.51670017458709, -28.0, 8.0], [81.19911608678123, 92.89068015017513, -28.0, 8.0], [77.99263528792603, 93.19330652210401, -28.0, 8.0], [74.84149567405295, 93.47139279384439, -28.0, 8.0], [71.79225412383752, 93.77175246886698, -28.0, 8.0], [68.89146751595523, 94.14119905064248, -28.0, 8.0], [66.54073407596952, 94.41155654028307, -28.0, 8.0], [64.23265332514279, 94.55185518445096, -28.0, 8.0], [61.96561100670847, 94.61838341831582, -28.0, 8.0], [59.73799286390002, 94.66742967704738, -28.0, 8.0], [57.54818463995086, 94.75528239581527, -28.0, 8.0], [55.39457207809443, 94.93823000978921, -28.0, 8.0], [53.27554092156418, 95.27256095413884, -28.0, 8.0], [51.189476913593545, 95.81456366403394, -28.0, 8.0], [49.13476579741595, 96.6205265746441, -28.0, 8.0], [46.77529241228441, 97.87994319419445, -28.0, 8.0], [44.411695360780854, 99.42585886768106, -28.0, 8.0], [42.068973094275506, 101.21543125562664, -28.0, 8.0], [39.772124064138566, 103.20581801855386, -28.0, 8.0], [37.54614672174023, 105.35417681698532, -28.0, 8.0], [35.416039518450674, 107.61766531144366, -28.0, 8.0], [33.40680090564011, 109.95344116245158, -28.0, 8.0], [31.543429334678716, 112.31866203053166, -28.0, 8.0], [29.85092325693669, 114.67048557620657, -28.0, 8.0], [28.342635714608605, 116.9930736228803, -28.0, 8.0], [26.933583497950995, 119.41521216934926, -28.0, 8.0], [25.63134936079028, 121.92133557217862, -28.0, 8.0], [24.443516056952845, 124.49587818793367, -28.0, 8.0], [23.37766634026509, 127.12327437317956, -28.0, 8.0], [22.44138296455342, 129.78795848448158, -28.0, 8.0], [21.64224868364423, 132.47436487840488, -28.0, 8.0], [20.98784625136392, 135.1669279115147, -28.0, 8.0], [20.48575842153889, 137.8500819403763, -28.0, 8.0], [20.191885178197083, 140.54385840844446, -28.0, 8.0], [20.126593759526074, 143.2738386808815, -28.0, 8.0], [20.24416780059171, 146.03278199681358, -28.0, 8.0], [20.49889093645983, 148.81344759536705, -28.0, 8.0], [20.845046802196265, 151.608594715668, -28.0, 8.0], [21.236919032866865, 154.41098259684273, -28.0, 8.0], [21.628791263537455, 157.21337047801748, -28.0, 8.0], [21.9749471292739, 160.00851759831846, -28.0, 8.0], [22.229670265142012, 162.78918319687187, -28.0, 8.0]], "num_spline_nodes": 10, "road_bbox_size": [0.0, 0.0, 250.0, 250.0], "distance_to_boundary": -0.872409133101772}, "seed": {"control_nodes": [[125.0, 0.0, -28.0, 8.0], [125.0, 25.0, -28.0, 8.0], [125.0, 50.0, -28.0, 8.0], [116.86079613857109, 73.63796438998293, -28.0, 8.0], [91.43214710214681, 89.37097416622886, -28.0, 8.0], [72.89146751595521, 94.14119905064248, -28.0, 8.0], [49.13476579741595, 96.62052657464412, -28.0, 8.0], [29.85092325693669, 114.67048557620657, -28.0, 8.0], [20.485758421538886, 137.85008194037627, -28.0, 8.0], [22.229670265142015, 162.78918319687187, -28.0, 8.0], [23.973582108745145, 187.72828445336748, -28.0, 8.0]],