{"name": "Road513", "members_distance": null, "m1": {"control_nodes": [[125.0, 0.0, -28.0, 8.0], [125.0, 25.0, -28.0, 8.0], [125.0, 50.0, -28.0, 8.0], [118.69070738193159, 74.90761889907589, -28.0, 8.0], [112.51181381324014, 101.81248635136953, -28.0, 8.0], [107.46508022811146, 116.62614014240258, -28.0, 8.0], [89.77044892079964, 143.85156500177627, -28.0, 8.0], [74.4309382583696, 152.81076374040876, -28.0, 8.0], [49.4461675828922, 151.93827632284624, -28.0, 8.0], [28.967366475667408, 166.2776872316224, -28.0, 8.0], [8.488565368442611, 180.61709814039855, -28.0, 8.0]], "sample_nodes": [[125.0, 25.0, -28.0, 8.0], [125.03391411288499, 27.78012757385278, -28.0, 8.0], [125.11869939509748, 30.563779841818057, -28.0, 8.0], [125.22892026197371, 33.34919445683959, -28.0, 8.0], [125.33914112884992, 36.13460907186113, -28.0, 8.0], [125.42392641106241, 38.918261339826415, -28.0, 8.0], [125.45784052394737, 41.69838891367918, -28.0, 8.0], [125.41544788284118, 44.47322944636321, -28.0, 8.0], [125.27131290307995, 47.24102059082224, -28.0, 8.0], [125.0, 50.0, -28.0, 8.0], [124.57593944014226, 52.781179382523746, -28.0, 8.0], [124.01835536031297, 55.5448209237087, -28.0, 8.0], [123.35479655979341, 58.29697660860914, -28.0, 8.0], [122.61281183786483, 61.043698422279334, -28.0, 8.0], [121.8199499938085, 63.79103834977353, -28.0, 8.0], [121.00375982690575, 66.54504837614601, -28.0, 8.0], [120.19179013643782, 69.31178048645106, -28.0, 8.0], [119.41158972168601, 72.09728666574291, -28.0, 8.0], [118.69070738193159, 74.90761889907589, -28.0, 8.0], [117.99132096339993, 77.89371444529581, -28.0, 8.0], [117.30441108543886, 80.97048661625847, -28.0, 8.0], [116.62600666159068, 84.09943123393502, -28.0, 8.0], [115.95213660539767, 87.2420441202966, -28.0, 8.0], [115.27882983040212, 90.35982109731434, -28.0, 8.0], [114.60211525014627, 93.41425798695936, -28.0, 8.0], [113.91802177817249, 96.36685061120284, -28.0, 8.0], [113.222578328023, 99.17909479201583, -28.0, 8.0], [112.51181381324017, 101.81248635136954, -28.0, 8.0], [111.99848468202316, 103.6453539819538, -28.0, 8.0], [111.52700190164414, 105.35442442515411, -28.0, 8.0], [111.07435070978947, 106.97272796503707, -28.0, 8.0], [110.61751634414557, 108.53329488566933, -28.0, 8.0], [110.13348404239882, 110.06915547111754, -28.0, 8.0], [109.59923904223562, 111.61334000544832, -28.0, 8.0], [108.9917665813424, 113.19887877272834, -28.0, 8.0], [108.28805189740557, 114.85880205702419, -28.0, 8.0], [107.46508022811146, 116.62614014240259, -28.0, 8.0], [106.05842140998692, 119.44144451541067, -28.0, 8.0], [104.42734326122441, 122.5427526076334, -28.0, 8.0], [102.60808856704745, 125.82996384300621, -28.0, 8.0], [100.63690011267961, 129.2029776454645, -28.0, 8.0], [98.55002068334436, 132.56169343894362, -28.0, 8.0], [96.38369306426519, 135.80601064737894, -28.0, 8.0], [94.1741600406657, 138.8358286947059, -28.0, 8.0], [91.9576643977693, 141.5510470048599, -28.0, 8.0], [89.77044892079964, 143.85156500177627, -28.0, 8.0], [88.17882081134962, 145.31293913184572, -28.0, 8.0], [86.59087470897282, 146.65172112366116, -28.0, 8.0], [84.99295097162144, 147.87053179323613, -28.0, 8.0], [83.37138995724764, 148.9719919565845, -28.0, 8.0], [81.71253202380365, 149.95872242972007, -28.0, 8.0], [80.00271752924166, 150.83334402865654, -28.0, 8.0], [78.22828683151386, 151.59847756940766, -28.0, 8.0], [76.37558028857242, 152.2567438679871, -28.0, 8.0], [74.4309382583696, 152.81076374040876, -28.0, 8.0], [71.95345594594245, 153.17821131370434, -28.0, 8.0], [69.28732773092985, 153.16364972185235, -28.0, 8.0], [66.48140864463466, 152.88104104066332, -28.0, 8.0], [63.584553718359814, 152.44434734594796, -28.0, 8.0], [60.64561798340819, 151.96753071351674, -28.0, 8.0], [57.71345647108273, 151.5645532191804, -28.0, 8.0], [54.8369242126863, 151.34937693874946, -28.0, 8.0], [52.06487623952182, 151.43596394803455, -28.0, 8.0], [49.446167582892194, 151.9382763228462, -28.0, 8.0], [46.972952334786186, 152.86380655215768, -28.0, 8.0], [44.59245250989524, 154.1023388046448, -28.0, 8.0], [42.286125023576346, 155.59127267567246, -28.0, 8.0], [40.035426791186495, 157.2680077606056, -28.0, 8.0], [37.82181472808268, 159.06994365480892, -28.0, 8.0], [35.62674574962186, 160.93447995364744, -28.0, 8.0], [33.43167677116107, 162.79901625248596, -28.0, 8.0], [31.218064708057256, 164.60095214668934, -28.0, 8.0], [28.967366475667408, 166.2776872316224, -28.0, 8.0]], "num_spline_nodes": 10, "road_bbox_size": [0.0, 0.0, 250.0, 250.0], "distance_to_boundary": -0.5411431241572995}, "seed": {"control_nodes": [[125.0, 0.0, -28.0, 8.0], [125.0, 25.0, -28.0, 8.0], [125.0, 50.0, -28.0, 8.0], [116.69070738193159, 72.90761889907589, -28.0, 8.0], [116.51181381324014, 100.81248635136953, -28.0, 8.0], [108.46508022811146, 116.62614014240258, -28.0, 8.0], [88.77044892079964, 143.85156500177627, -28.0, 8.0], [74.4309382583696, 152.81076374040876, -28.0, 8.0], [49.4461675828922, 151.93827632284624, -28.0, 8.0], [28.967366475667408, 166.2776872316224, -28.0, 8.0], [8.488565368442611, 180.61709814039855, -28.0, 8.0]],