{"name": "Road376", "members_distance": null, "m1": {"control_nodes": [[125.0, 0.0, -28.0, 8.0], [125.0, 25.0, -28.0, 8.0], [125.0, 50.0, -28.0, 8.0], [116.69070738193159, 74.90761889907589, -28.0, 8.0], [115.51181381324014, 96.81248635136953, -28.0, 8.0], [108.46508022811146, 116.62614014240258, -28.0, 8.0], [94.77044892079964, 143.85156500177627, -28.0, 8.0], [74.4309382583696, 152.81076374040876, -28.0, 8.0], [49.4461675828922, 151.93827632284624, -28.0, 8.0], [28.967366475667408, 166.2776872316224, -28.0, 8.0], [8.488565368442611, 180.61709814039855, -28.0, 8.0]], "sample_nodes": [[125.0, 25.0, -28.0, 8.0], [125.04394243703041, 27.781549473046745, -28.0, 8.0], [125.15379852960646, 30.568756488996925, -28.0, 8.0], [125.2966114499553, 33.35879227639884, -28.0, 8.0], [125.43942437030414, 36.14882806380076, -28.0, 8.0], [125.54928046288018, 38.93603507975095, -28.0, 8.0], [125.59322289991056, 41.71758455279769, -28.0, 8.0], [125.53829485362259, 44.49064771148925, -28.0, 8.0], [125.3515394962433, 47.252395784373945, -28.0, 8.0], [125.0, 50.0, -28.0, 8.0], [124.40571536176591, 52.80460777804329, -28.0, 8.0], [123.57799204110445, 55.60246619218389, -28.0, 8.0], [122.58162839150873, 58.39249340905494, -28.0, 8.0], [121.48142276647195, 61.17360759528959, -28.0, 8.0], [120.34217351948715, 63.944726917520924, -28.0, 8.0], [119.2286790040476, 66.70476954238208, -28.0, 8.0], [118.20573757364643, 69.45265363650623, -28.0, 8.0], [117.33814758177668, 72.18729736652644, -28.0, 8.0], [116.69070738193159, 74.90761889907589, -28.0, 8.0], [116.32410149383492, 77.38686101516946, -28.0, 8.0], [116.13363940432475, 79.86304983696013, -28.0, 8.0], [116.06907566905659, 82.33263306685697, -28.0, 8.0], [116.08016484368602, 84.79205840726888, -28.0, 8.0], [116.11666148386855, 87.23777356060486, -28.0, 8.0], [116.12832014525969, 89.66622622927392, -28.0, 8.0], [116.064895383515, 92.07386411568507, -28.0, 8.0], [115.87614175428997, 94.4571349222473, -28.0, 8.0], [115.51181381324017, 96.81248635136954, -28.0, 8.0], [115.00632445433791, 99.07099788650393, -28.0, 8.0], [114.4132068144936, 101.27532279502104, -28.0, 8.0], [113.74028575988471, 103.44257736898099, -28.0, 8.0], [112.99538615668862, 105.58987790044378, -28.0, 8.0], [112.18633287108287, 107.73434068146949, -28.0, 8.0], [111.32095076924482, 109.89308200411816, -28.0, 8.0], [110.40706471735189, 112.08321816044983, -28.0, 8.0], [109.45249958158166, 114.32186544252464, -28.0, 8.0], [108.46508022811145, 116.62614014240256, -28.0, 8.0], [107.25329752364335, 119.58847229622458, -28.0, 8.0], [106.01423891412298, 122.77521163371422, -28.0, 8.0], [104.7263966092502, 126.09690311752551, -28.0, 8.0], [103.36826281872476, 129.46409171031257, -28.0, 8.0], [101.91832975224641, 132.78732237472943, -28.0, 8.0], [100.35508961951496, 135.97714007343012, -28.0, 8.0], [98.65703463023016, 138.94408976906885, -28.0, 8.0], [96.80265699409178, 141.59871642429954, -28.0, 8.0], [94.77044892079964, 143.85156500177627, -28.0, 8.0], [92.8772150317853, 145.4770212270207, -28.0, 8.0], [90.84582499433316, 146.9097309025223, -28.0, 8.0], [88.69619804275823, 148.16480079616417, -28.0, 8.0], [86.4482534113755, 149.25733767582926, -28.0, 8.0], [84.12191033449994, 150.2024483094006, -28.0, 8.0], [81.73708804644659, 151.01523946476118, -28.0, 8.0], [79.31370578153042, 151.71081790979406, -28.0, 8.0], [76.8716827740664, 152.30429041238222, -28.0, 8.0], [74.4309382583696, 152.81076374040876, -28.0, 8.0], [71.78434722294583, 153.09913988822845, -28.0, 8.0], [69.02837999884125, 153.0425716015924, -28.0, 8.0], [66.19603767457784, 152.74760801017277, -28.0, 8.0], [63.32032133867757, 152.32079824364192, -28.0, 8.0], [60.43423207966242, 151.86869143167195, -28.0, 8.0], [57.57077098605433, 151.49783670393515, -28.0, 8.0], [54.762939146375274, 151.3147831901038, -28.0, 8.0], [52.04373764914725, 151.42608001985008, -28.0, 8.0], [49.4461675828922, 151.93827632284624, -28.0, 8.0], [46.972952334786186, 152.86380655215768, -28.0, 8.0], [44.59245250989524, 154.1023388046448, -28.0, 8.0], [42.286125023576346, 155.59127267567246, -28.0, 8.0], [40.035426791186495, 157.2680077606056, -28.0, 8.0], [37.82181472808268, 159.06994365480892, -28.0, 8.0], [35.62674574962186, 160.93447995364744, -28.0, 8.0], [33.43167677116107, 162.79901625248596, -28.0, 8.0], [31.218064708057256, 164.60095214668934, -28.0, 8.0], [28.967366475667408, 166.2776872316224, -28.0, 8.0]], "num_spline_nodes": 10, "road_bbox_size": [0.0, 0.0, 250.0, 250.0], "distance_to_boundary": -0.5443885265866766}, "seed": {"control_nodes": [[125.0, 0.0, -28.0, 8.0], [125.0, 25.0, -28.0, 8.0], [125.0, 50.0, -28.0, 8.0], [116.69070738193159, 74.90761889907589, -28.0, 8.0], [115.51181381324014, 96.81248635136953, -28.0, 8.0], [108.46508022811146, 116.62614014240258, -28.0, 8.0], [94.77044892079964, 143.85156500177627, -28.0, 8.0], [74.4309382583696, 152.81076374040876, -28.0, 8.0], [49.4461675828922, 151.93827632284624, -28.0, 8.0], [28.967366475667408, 166.2776872316224, -28.0, 8.0], [8.488565368442611, 180.61709814039855, -28.0, 8.0]],