{"name": "Road159", "members_distance": null, "m1": {"control_nodes": [[125.0, 0.0, -28.0, 8.0], [125.0, 25.0, -28.0, 8.0], [125.0, 50.0, -28.0, 8.0], [118.52952387243698, 74.1481456572267, -28.0, 8.0], [127.48872261106949, 103.48765631965675, -28.0, 8.0], [137.447921349702, 123.8271669820868, -28.0, 8.0], [134.70400950609886, 145.7662682385824, -28.0, 8.0], [135.14031966703095, 170.7624606174922, -28.0, 8.0], [151.8685848260024, 189.34108125442705, -28.0, 8.0], [176.0167304832291, 195.81155738199007, -28.0, 8.0], [200.27412364012903, 201.85960477198176, -28.0, 8.0]], "sample_nodes": [[125.0, 25.0, -28.0, 8.0], [125.03550329836797, 27.782451875680515, -28.0, 8.0], [125.12426154428792, 30.57191489821512, -28.0, 8.0], [125.23964726398383, 33.36488349417678, -28.0, 8.0], [125.35503298367973, 36.157852090138455, -28.0, 8.0], [125.44379122959967, 38.94731511267307, -28.0, 8.0], [125.47929452796762, 41.729766988353575, -28.0, 8.0], [125.43491540500769, 44.50170214375294, -28.0, 8.0], [125.28402638694378, 47.259615005444104, -28.0, 8.0], [125.0, 50.0, -28.0, 8.0], [124.48928656356911, 52.70834785411711, -28.0, 8.0], [123.7317387111235, 55.38090950457067, -28.0, 8.0], [122.8108324400065, 58.0303196930519, -28.0, 8.0], [121.8100437475616, 60.66921316125199, -28.0, 8.0], [120.81284863113214, 63.31022465086211, -28.0, 8.0], [119.90272308806155, 65.96598890357343, -28.0, 8.0], [119.16314311569325, 68.64914066107721, -28.0, 8.0], [118.67758471137057, 71.37231466506456, -28.0, 8.0], [118.52952387243698, 74.1481456572267, -28.0, 8.0], [118.76537509546516, 77.3220512319358, -28.0, 8.0], [119.32671150579888, 80.60214281555427, -28.0, 8.0], [120.15542680568075, 83.952130695812, -28.0, 8.0], [121.1934146973534, 87.33572516043886, -28.0, 8.0], [122.38256888305943, 90.71663649716477, -28.0, 8.0], [123.66478306504143, 94.05857499371962, -28.0, 8.0], [124.98195094554202, 97.32525093783333, -28.0, 8.0], [126.27596622680386, 100.48037461723573, -28.0, 8.0], [127.4887226110695, 103.48765631965675, -28.0, 8.0], [128.57385453301882, 105.93486366793995, -28.0, 8.0], [129.80744697629711, 108.27403174222346, -28.0, 8.0], [131.128171758443, 110.53139933288662, -28.0, 8.0], [132.47470069699517, 112.73320523030893, -28.0, 8.0], [133.7857056094922, 114.90568822486972, -28.0, 8.0], [134.9998583134727, 117.07508710694847, -28.0, 8.0], [136.05583062647545, 119.26764066692465, -28.0, 8.0], [136.89229436603898, 121.5095876951776, -28.0, 8.0], [137.447921349702, 123.8271669820868, -28.0, 8.0], [137.67535313163572, 126.17612953570493, -28.0, 8.0], [137.62023683362324, 128.5502595179007, -28.0, 8.0], [137.34663118182004, 130.94827610540204, -28.0, 8.0], [136.9185949023815, 133.36889847493663, -28.0, 8.0], [136.40018672146306, 135.81084580323233, -28.0, 8.0], [135.85546536522014, 138.27283726701694, -28.0, 8.0], [135.34848955980823, 140.75359204301833, -28.0, 8.0], [134.94331803138263, 143.2518293079642, -28.0, 8.0], [134.70400950609888, 145.76626823858243, -28.0, 8.0], [134.51134660962558, 148.50340185560503, -28.0, 8.0], [134.25572559239447, 151.32871473005264, -28.0, 8.0], [133.98996512793505, 154.20872515428727, -28.0, 8.0], [133.76688388977664, 157.10995142067082, -28.0, 8.0], [133.63930055144874, 159.99891182156534, -28.0, 8.0], [133.66003378648082, 162.84212464933282, -28.0, 8.0], [133.88190226840223, 165.60610819633507, -28.0, 8.0], [134.35772467074247, 168.25738075493427, -28.0, 8.0], [135.14031966703095, 170.7624606174922, -28.0, 8.0], [136.2431556011138, 173.17489291567108, -28.0, 8.0], [137.6201479713847, 175.55493192293997, -28.0, 8.0], [139.23478618319425, 177.8791596443713, -28.0, 8.0], [141.0505596418932, 180.1241580850375, -28.0, 8.0], [143.0309577528322, 182.266509250011, -28.0, 8.0], [145.13946992136192, 184.28279514436423, -28.0, 8.0], [147.3395855528331, 186.14959777316975, -28.0, 8.0], [149.59479405259637, 187.84349914149988, -28.0, 8.0], [151.8685848260024, 189.34108125442705, -28.0, 8.0], [154.22541148209638, 190.59383695481498, -28.0, 8.0], [156.73401142005014, 191.600930659023, -28.0, 8.0], [159.3642997304045, 192.41045173236714, -28.0, 8.0], [162.08619150370032, 193.07048954016352, -28.0, 8.0], [164.86960183047833, 193.62913344772812, -28.0, 8.0], [167.68444580127942, 194.134472820377, -28.0, 8.0], [170.50063850664438, 194.6345970234263, -28.0, 8.0], [173.288095037114, 195.17759542219198, -28.0, 8.0], [176.0167304832291, 195.81155738199007, -28.0, 8.0]], "num_spline_nodes": 10, "road_bbox_size": [0.0, 0.0, 250.0, 250.0], "distance_to_boundary": -0.6009786242711423}, "seed": {"control_nodes": [[125.0, 0.0, -28.0, 8.0], [125.0, 25.0, -28.0, 8.0], [125.0, 50.0, -28.0, 8.0], [118.52952387243698, 74.1481456572267, -28.0, 8.0], [127.48872261106949, 102.48765631965675, -28.0, 8.0], [136.447921349702, 123.8271669820868, -28.0, 8.0], [134.70400950609886, 145.7662682385824, -28.0, 8.0], [135.14031966703095, 170.7624606174922, -28.0, 8.0], [151.8685848260024, 189.34108125442705, -28.0, 8.0], [176.0167304832291, 195.81155738199007, -28.0, 8.0], [200.27412364012903, 201.85960477198176, -28.0, 8.0]],