{"name": "Road216", "members_distance": null, "m1": {"control_nodes": [[125.0, 0.0, -28.0, 8.0], [125.0, 25.0, -28.0, 8.0], [125.0, 50.0, -28.0, 8.0], [126.69070738193159, 71.90761889907589, -28.0, 8.0], [114.51181381324014, 101.81248635136953, -28.0, 8.0], [110.46508022811146, 121.62614014240258, -28.0, 8.0], [91.77044892079964, 143.85156500177627, -28.0, 8.0], [74.4309382583696, 152.81076374040876, -28.0, 8.0], [49.4461675828922, 151.93827632284624, -28.0, 8.0], [28.967366475667408, 166.2776872316224, -28.0, 8.0], [8.488565368442611, 180.61709814039855, -28.0, 8.0]], "sample_nodes": [[125.0, 25.0, -28.0, 8.0], [124.98978551738941, 27.787020961192663, -28.0, 8.0], [124.96424931086294, 30.58790669750764, -28.0, 8.0], [124.9310522423785, 33.39572482138379, -28.0, 8.0], [124.89785517389407, 36.20354294525995, -28.0, 8.0], [124.87231896736759, 39.004428681574936, -28.0, 8.0], [124.86210448475697, 41.79144964276759, -28.0, 8.0], [124.87487258802024, 44.55767344127676, -28.0, 8.0], [124.91828413911524, 47.29616768954129, -28.0, 8.0], [125.0, 50.0, -28.0, 8.0], [125.17425877778302, 52.48547323248164, -28.0, 8.0], [125.46951860580988, 54.9199345891892, -28.0, 8.0], [125.83537877661757, 57.319750586010905, -28.0, 8.0], [126.22143858274309, 59.70128773883491, -28.0, 8.0], [126.57729731672336, 62.080912563549404, -28.0, 8.0], [126.85255427109537, 64.47499157604256, -28.0, 8.0], [126.99680873839608, 66.89989129220257, -28.0, 8.0], [126.95966001116253, 69.37197822791762, -28.0, 8.0], [126.69070738193159, 71.90761889907589, -28.0, 8.0], [125.97870408243966, 75.09916550582197, -28.0, 8.0], [124.88092284241567, 78.41093202718133, -28.0, 8.0], [123.49399630454883, 81.80545454726706, -28.0, 8.0], [121.91455711152828, 85.24526915019229, -28.0, 8.0], [120.23923790604317, 88.69291192007012, -28.0, 8.0], [118.5646713307826, 92.11091894101361, -28.0, 8.0], [116.98749002843587, 95.46182629713597, -28.0, 8.0], [115.60432664169196, 98.70817007255023, -28.0, 8.0], [114.51181381324014, 101.81248635136953, -28.0, 8.0], [113.90298991578227, 104.16974840015502, -28.0, 8.0], [113.48232466513451, 106.4664616788148, -28.0, 8.0], [113.1862343732829, 108.71188870016422, -28.0, 8.0], [112.95113535221356, 110.91529197701865, -28.0, 8.0], [112.71344391391241, 113.08593402219341, -28.0, 8.0], [112.40957637036563, 115.23307734850383, -28.0, 8.0], [111.97594903355915, 117.36598446876528, -28.0, 8.0], [111.34897821547908, 119.49391789579306, -28.0, 8.0], [110.46508022811147, 121.62614014240259, -28.0, 8.0], [109.06529898453836, 124.23644778038044, -28.0, 8.0], [107.37715608749478, 126.91486430364347, -28.0, 8.0], [105.4516565299543, 129.61711276275474, -28.0, 8.0], [103.33980530489059, 132.29891620827763, -28.0, 8.0], [101.09260740527722, 134.9159976907752, -28.0, 8.0], [98.76106782408782, 137.42408026081063, -28.0, 8.0], [96.39619155429604, 139.77888696894718, -28.0, 8.0], [94.04898358887542, 141.936140865748, -28.0, 8.0], [91.77044892079964, 143.85156500177624, -28.0, 8.0], [89.94787376868751, 145.26336326955425, -28.0, 8.0], [88.12453167445362, 146.5786178871606, -28.0, 8.0], [86.28960449075225, 147.79409773239053, -28.0, 8.0], [84.43227407023778, 148.90657168303952, -28.0, 8.0], [82.54172226556447, 149.91280861690296, -28.0, 8.0], [80.6071309293867, 150.8095774117762, -28.0, 8.0], [78.61768191435876, 151.59364694545465, -28.0, 8.0], [76.56255707313493, 152.2617860957337, -28.0, 8.0], [74.4309382583696, 152.81076374040876, -28.0, 8.0], [71.87997006746981, 153.14362636011134, -28.0, 8.0], [69.17480247951859, 153.11069151166308, -28.0, 8.0], [66.35740122471205, 152.82267893147514, -28.0, 8.0], [63.46973203324629, 152.3903083559589, -28.0, 8.0], [60.55376063531739, 151.92429952152554, -28.0, 8.0], [57.65145276112143, 151.5353721645863, -28.0, 8.0], [54.80477414085451, 151.33424602155256, -28.0, 8.0], [52.05569050471275, 151.43164082883544, -28.0, 8.0], [49.4461675828922, 151.93827632284624, -28.0, 8.0], [46.972952334786186, 152.86380655215768, -28.0, 8.0], [44.59245250989524, 154.1023388046448, -28.0, 8.0], [42.286125023576346, 155.59127267567246, -28.0, 8.0], [40.035426791186495, 157.2680077606056, -28.0, 8.0], [37.82181472808268, 159.06994365480892, -28.0, 8.0], [35.62674574962186, 160.93447995364744, -28.0, 8.0], [33.43167677116107, 162.79901625248596, -28.0, 8.0], [31.218064708057256, 164.60095214668934, -28.0, 8.0], [28.967366475667408, 166.2776872316224, -28.0, 8.0]], "num_spline_nodes": 10, "road_bbox_size": [0.0, 0.0, 250.0, 250.0], "distance_to_boundary": -0.6753296929833321}, "seed": {"control_nodes": [[125.0, 0.0, -28.0, 8.0], [125.0, 25.0, -28.0, 8.0], [125.0, 50.0, -28.0, 8.0], [116.69070738193159, 68.90761889907589, -28.0, 8.0], [114.51181381324014, 106.81248635136953, -28.0, 8.0], [108.46508022811146, 116.62614014240258, -28.0, 8.0], [88.77044892079964, 143.85156500177627, -28.0, 8.0], [74.4309382583696, 152.81076374040876, -28.0, 8.0], [49.4461675828922, 151.93827632284624, -28.0, 8.0], [28.967366475667408, 166.2776872316224, -28.0, 8.0], [8.488565368442611, 180.61709814039855, -28.0, 8.0]],