{"name": "Road144", "members_distance": null, "m1": {"control_nodes": [[125.0, 0.0, -28.0, 8.0], [125.0, 25.0, -28.0, 8.0], [125.0, 50.0, -28.0, 8.0], [121.69070738193159, 76.90761889907589, -28.0, 8.0], [114.51181381324014, 101.81248635136953, -28.0, 8.0], [110.46508022811146, 120.62614014240258, -28.0, 8.0], [88.77044892079964, 143.85156500177627, -28.0, 8.0], [74.4309382583696, 152.81076374040876, -28.0, 8.0], [49.4461675828922, 151.93827632284624, -28.0, 8.0], [28.967366475667408, 166.2776872316224, -28.0, 8.0], [8.488565368442611, 180.61709814039855, -28.0, 8.0]], "sample_nodes": [[125.0, 25.0, -28.0, 8.0], [125.01708370665703, 27.773266838339165, -28.0, 8.0], [125.05979297329962, 30.5397672675204, -28.0, 8.0], [125.11531501993497, 33.30288449212268, -28.0, 8.0], [125.17083706657031, 36.06600171672497, -28.0, 8.0], [125.21354633321289, 38.832502145906204, -28.0, 8.0], [125.23063003986991, 41.60576898424536, -28.0, 8.0], [125.20927540654864, 44.38918543632141, -28.0, 8.0], [125.13666965325625, 47.18613470671331, -28.0, 8.0], [125.0, 50.0, -28.0, 8.0], [124.80288352121877, 52.95857363661533, -28.0, 8.0], [124.5698595172569, 55.94744927640287, -28.0, 8.0], [124.2980402095128, 58.95697911049758, -28.0, 8.0], [123.98453781938493, 61.97751533003448, -28.0, 8.0], [123.62646456827154, 64.99941012614852, -28.0, 8.0], [123.22093267757114, 68.0130156899747, -28.0, 8.0], [122.76505436868212, 71.008684212648, -28.0, 8.0], [122.25594186300277, 73.9767678853034, -28.0, 8.0], [121.69070738193159, 76.90761889907589, -28.0, 8.0], [121.04956131854713, 79.75390118583758, -28.0, 8.0], [120.30624209973224, 82.59875453587202, -28.0, 8.0], [119.48776942307339, 85.43431905148421, -28.0, 8.0], [118.62116298615706, 88.25273483497911, -28.0, 8.0], [117.73344248656971, 91.04614198866173, -28.0, 8.0], [116.85162762189788, 93.80668061483709, -28.0, 8.0], [116.00273808972804, 96.52649081581019, -28.0, 8.0], [115.21379358764662, 99.19771269388599, -28.0, 8.0], [114.51181381324014, 101.81248635136953, -28.0, 8.0], [114.03689470607735, 104.01396926249066, -28.0, 8.0], [113.69517460046535, 106.17039067815541, -28.0, 8.0], [113.43227700025541, 108.2891615677373, -28.0, 8.0], [113.19382540929885, 110.37769290060976, -28.0, 8.0], [112.92544333144691, 112.44339564614634, -28.0, 8.0], [112.57275427055092, 114.4936807737204, -28.0, 8.0], [112.08138173046214, 116.53595925270548, -28.0, 8.0], [111.3969492150319, 118.57764205247506, -28.0, 8.0], [110.46508022811145, 120.62614014240256, -28.0, 8.0], [108.85600983562748, 123.32319338781087, -28.0, 8.0], [106.84583868944195, 126.10236053361851, -28.0, 8.0], [104.52059809143941, 128.9159730707342, -28.0, 8.0], [101.96631934350438, 131.7163624900665, -28.0, 8.0], [99.26903374752133, 134.45586028252384, -28.0, 8.0], [96.51477260537484, 137.08679793901496, -28.0, 8.0], [93.78956721894939, 139.56150695044835, -28.0, 8.0], [91.17944889012946, 141.83231880773263, -28.0, 8.0], [88.77044892079965, 143.8515650017763, -28.0, 8.0], [87.15295046528203, 145.19047449360846, -28.0, 8.0], [85.60732880145301, 146.46274007131774, -28.0, 8.0], [84.1053745356987, 147.66012595181562, -28.0, 8.0], [82.61887827440538, 148.77439635201364, -28.0, 8.0], [81.11963062395918, 149.7973154888234, -28.0, 8.0], [79.57942219074631, 150.72064757915624, -28.0, 8.0], [77.97004358115296, 151.5361568399237, -28.0, 8.0], [76.26328540156533, 152.23560748803743, -28.0, 8.0], [74.4309382583696, 152.81076374040873, -28.0, 8.0], [71.99376527834265, 153.19719236001234, -28.0, 8.0], [69.34905139616761, 153.19271444901142, -28.0, 8.0], [66.54943064305996, 152.91307155630807, -28.0, 8.0], [63.64753705023509, 152.47400523080418, -28.0, 8.0], [60.69600464890842, 151.99125702140174, -28.0, 8.0], [57.74746747029538, 151.58056847700277, -28.0, 8.0], [54.85455954561138, 151.3576811465092, -28.0, 8.0], [52.06991490607185, 151.43833657882305, -28.0, 8.0], [49.44616758289221, 151.93827632284626, -28.0, 8.0], [46.972952334786186, 152.86380655215768, -28.0, 8.0], [44.59245250989524, 154.1023388046448, -28.0, 8.0], [42.286125023576346, 155.59127267567246, -28.0, 8.0], [40.035426791186495, 157.2680077606056, -28.0, 8.0], [37.82181472808268, 159.06994365480892, -28.0, 8.0], [35.62674574962186, 160.93447995364744, -28.0, 8.0], [33.43167677116107, 162.79901625248596, -28.0, 8.0], [31.218064708057256, 164.60095214668934, -28.0, 8.0], [28.967366475667408, 166.2776872316224, -28.0, 8.0]], "num_spline_nodes": 10, "road_bbox_size": [0.0, 0.0, 250.0, 250.0], "distance_to_boundary": -0.5354724938957611}, "seed": {"control_nodes": [[125.0, 0.0, -28.0, 8.0], [125.0, 25.0, -28.0, 8.0], [125.0, 50.0, -28.0, 8.0], [116.69070738193159, 68.90761889907589, -28.0, 8.0], [114.51181381324014, 106.81248635136953, -28.0, 8.0], [108.46508022811146, 116.62614014240258, -28.0, 8.0], [88.77044892079964, 143.85156500177627, -28.0, 8.0], [74.4309382583696, 152.81076374040876, -28.0, 8.0], [49.4461675828922, 151.93827632284624, -28.0, 8.0], [28.967366475667408, 166.2776872316224, -28.0, 8.0], [8.488565368442611, 180.61709814039855, -28.0, 8.0]],