{"name": "Road30", "members_distance": null, "m1": {"control_nodes": [[125.0, 0.0, -28.0, 8.0], [125.0, 25.0, -28.0, 8.0], [125.0, 50.0, -28.0, 8.0], [116.69070738193159, 71.90761889907589, -28.0, 8.0], [115.51181381324014, 100.81248635136953, -28.0, 8.0], [112.46508022811146, 117.62614014240258, -28.0, 8.0], [88.77044892079964, 143.85156500177627, -28.0, 8.0], [74.4309382583696, 152.81076374040876, -28.0, 8.0], [49.4461675828922, 151.93827632284624, -28.0, 8.0], [28.967366475667408, 166.2776872316224, -28.0, 8.0], [8.488565368442611, 180.61709814039855, -28.0, 8.0]], "sample_nodes": [[125.0, 25.0, -28.0, 8.0], [125.04785842140151, 27.79099559936138, -28.0, 8.0], [125.1675044749053, 30.601817931098147, -28.0, 8.0], [125.3230443444602, 33.42255362902262, -28.0, 8.0], [125.47858421401509, 36.24328932694711, -28.0, 8.0], [125.59823026751889, 39.05411165868389, -28.0, 8.0], [125.64608868892037, 41.845107258045246, -28.0, 8.0], [125.58626566216851, 44.60636275884354, -28.0, 8.0], [125.3828673712121, 47.327964794891024, -28.0, 8.0], [125.0, 50.0, -28.0, 8.0], [124.39789882191413, 52.511942198293504, -28.0, 8.0], [123.57107967378512, 54.94541681049001, -28.0, 8.0], [122.5814409473542, 57.32572112485056, -28.0, 8.0], [121.4908810343625, 59.67815242963617, -28.0, 8.0], [120.36129832655106, 62.02800801310785, -28.0, 8.0], [119.25459121566114, 64.40058516352664, -28.0, 8.0], [118.23265809343386, 66.82118116915358, -28.0, 8.0], [117.35739735161027, 69.31509331824964, -28.0, 8.0], [116.69070738193159, 71.90761889907589, -28.0, 8.0], [116.20485036271299, 74.95207905096365, -28.0, 8.0], [115.91936458498029, 78.16076315125272, -28.0, 8.0], [115.78639832148085, 81.48120291354857, -28.0, 8.0], [115.75809984496219, 84.86093005145662, -28.0, 8.0], [115.78661742817167, 88.24747627858227, -28.0, 8.0], [115.8240993438568, 91.58837330853095, -28.0, 8.0], [115.82269386476496, 94.83115285490813, -28.0, 8.0], [115.73454926364359, 97.92334663131915, -28.0, 8.0], [115.51181381324012, 100.81248635136951, -28.0, 8.0], [115.3153969398385, 102.88033629102098, -28.0, 8.0], [115.17135603550456, 104.84199929911236, -28.0, 8.0], [115.04201828344134, 106.7215912550524, -28.0, 8.0], [114.88971086685176, 108.54322803824982, -28.0, 8.0], [114.67676096893874, 110.33102552811332, -28.0, 8.0], [114.36549577290526, 112.10909960405164, -28.0, 8.0], [113.91824246195424, 113.90156614547345, -28.0, 8.0], [113.29732821928869, 115.73254103178756, -28.0, 8.0], [112.46508022811145, 117.62614014240256, -28.0, 8.0], [110.813236297235, 120.52032617520075, -28.0, 8.0], [108.6637632464188, 123.593275253988, -28.0, 8.0], [106.12483503266765, 126.77049072291405, -28.0, 8.0], [103.3046256129865, 129.9774759261288, -28.0, 8.0], [100.31130894438013, 133.139734207782, -28.0, 8.0], [97.25305898385345, 136.1827689120236, -28.0, 8.0], [94.23804968841121, 139.03208338300325, -28.0, 8.0], [91.37445501505833, 141.61318096487088, -28.0, 8.0], [88.77044892079962, 143.85156500177624, -28.0, 8.0], [87.13436255099921, 145.22445897055397, -28.0, 8.0], [85.57886605770742, 146.51477880164057, -28.0, 8.0], [84.07400743034641, 147.7174747566612, -28.0, 8.0], [82.58983465833845, 148.82749709724106, -28.0, 8.0], [81.09639573110564, 149.8397960850053, -28.0, 8.0], [79.56373863807016, 150.74932198157902, -28.0, 8.0], [77.96191136865421, 151.55102504858738, -28.0, 8.0], [76.26096191227998, 152.23985554765562, -28.0, 8.0], [74.4309382583696, 152.81076374040873, -28.0, 8.0], [71.99376527834265, 153.19719236001234, -28.0, 8.0], [69.34905139616761, 153.19271444901142, -28.0, 8.0], [66.54943064305996, 152.91307155630807, -28.0, 8.0], [63.64753705023509, 152.47400523080418, -28.0, 8.0], [60.69600464890842, 151.99125702140174, -28.0, 8.0], [57.74746747029538, 151.58056847700277, -28.0, 8.0], [54.85455954561138, 151.3576811465092, -28.0, 8.0], [52.06991490607185, 151.43833657882305, -28.0, 8.0], [49.44616758289221, 151.93827632284626, -28.0, 8.0], [46.972952334786186, 152.86380655215768, -28.0, 8.0], [44.59245250989524, 154.1023388046448, -28.0, 8.0], [42.286125023576346, 155.59127267567246, -28.0, 8.0], [40.035426791186495, 157.2680077606056, -28.0, 8.0], [37.82181472808268, 159.06994365480892, -28.0, 8.0], [35.62674574962186, 160.93447995364744, -28.0, 8.0], [33.43167677116107, 162.79901625248596, -28.0, 8.0], [31.218064708057256, 164.60095214668934, -28.0, 8.0], [28.967366475667408, 166.2776872316224, -28.0, 8.0]], "num_spline_nodes": 10, "road_bbox_size": [0.0, 0.0, 250.0, 250.0], "distance_to_boundary": -0.5325737630019636}, "seed": {"control_nodes": [[125.0, 0.0, -28.0, 8.0], [125.0, 25.0, -28.0, 8.0], [125.0, 50.0, -28.0, 8.0], [116.69070738193159, 73.90761889907589, -28.0, 8.0], [115.51181381324014, 100.81248635136953, -28.0, 8.0], [112.46508022811146, 118.62614014240258, -28.0, 8.0], [88.77044892079964, 143.85156500177627, -28.0, 8.0], [74.4309382583696, 152.81076374040876, -28.0, 8.0], [49.4461675828922, 151.93827632284624, -28.0, 8.0], [28.967366475667408, 166.2776872316224, -28.0, 8.0], [8.488565368442611, 180.61709814039855, -28.0, 8.0]],