{"name": "Road86", "members_distance": null, "m1": {"control_nodes": [[125.0, 0.0, -28.0, 8.0], [125.0, 25.0, -28.0, 8.0], [125.0, 50.0, -28.0, 8.0], [114.69070738193159, 73.90761889907589, -28.0, 8.0], [115.51181381324014, 97.81248635136953, -28.0, 8.0], [112.46508022811146, 118.62614014240258, -28.0, 8.0], [88.77044892079964, 143.85156500177627, -28.0, 8.0], [74.4309382583696, 152.81076374040876, -28.0, 8.0], [49.4461675828922, 151.93827632284624, -28.0, 8.0], [28.967366475667408, 166.2776872316224, -28.0, 8.0], [8.488565368442611, 180.61709814039855, -28.0, 8.0]], "sample_nodes": [[125.0, 25.0, -28.0, 8.0], [125.05486779306979, 27.786319634657705, -28.0, 8.0], [125.1920372757443, 30.58545205463529, -28.0, 8.0], [125.37035760322112, 33.390990867272826, -28.0, 8.0], [125.54867793069795, 36.19652967991037, -28.0, 8.0], [125.68584741337244, 38.995662099887966, -28.0, 8.0], [125.74071520644222, 41.78198173454567, -28.0, 8.0], [125.672130465105, 44.54908219122353, -28.0, 8.0], [125.43894234455834, 47.29055707726163, -28.0, 8.0], [125.0, 50.0, -28.0, 8.0], [124.24908336539491, 52.72178215077393, -28.0, 8.0], [123.19004000696106, 55.401526845565, -28.0, 8.0], [121.91264991459383, 58.05024513148619, -28.0, 8.0], [120.50669307818859, 60.678948055650594, -28.0, 8.0], [119.06194948764079, 63.298646665171184, -28.0, 8.0], [117.66819913284581, 65.92035200716099, -28.0, 8.0], [116.41522200369903, 68.55507512873304, -28.0, 8.0], [115.39279809009581, 71.21382707700032, -28.0, 8.0], [114.69070738193159, 73.90761889907589, -28.0, 8.0], [114.34515588940674, 76.53087942056621, -28.0, 8.0], [114.2497246843026, 79.18860219329116, -28.0, 8.0], [114.34401780848681, 81.8695358090892, -28.0, 8.0], [114.56763930382715, 84.5624288597989, -28.0, 8.0], [114.86019321219126, 87.25602993725872, -28.0, 8.0], [115.16128357544693, 89.9390876333072, -28.0, 8.0], [115.41051443546182, 92.60035053978281, -28.0, 8.0], [115.54748983410366, 95.22856724852409, -28.0, 8.0], [115.51181381324014, 97.81248635136953, -28.0, 8.0], [115.40960944759878, 100.19878115054959, -28.0, 8.0], [115.3426336384548, 102.56140429953773, -28.0, 8.0], [115.27046826285275, 104.9026079412545, -28.0, 8.0], [115.15269519783706, 107.22464421862034, -28.0, 8.0], [114.94889632045226, 109.52976527455574, -28.0, 8.0], [114.6186535077428, 111.82022325198118, -28.0, 8.0], [114.12154863675322, 114.09827029381715, -28.0, 8.0], [113.41716358452793, 116.36615854298411, -28.0, 8.0], [112.46508022811146, 118.62614014240256, -28.0, 8.0], [110.78791436283898, 121.58170975821267, -28.0, 8.0], [108.62239426155348, 124.62346252652566, -28.0, 8.0], [106.07543199540511, 127.69809731432927, -28.0, 8.0], [103.25393963554387, 130.7523129886115, -28.0, 8.0], [100.26482925312, 133.73280841636011, -28.0, 8.0], [97.21501291928352, 136.58628246456306, -28.0, 8.0], [94.21140270518457, 139.25943400020816, -28.0, 8.0], [91.36091068197324, 141.69896189028327, -28.0, 8.0], [88.77044892079964, 143.85156500177627, -28.0, 8.0], [87.12764820790552, 145.20818868253582, -28.0, 8.0], [85.56858471984523, 146.48986492311278, -28.0, 8.0], [84.06267697637587, 147.69001864563057, -28.0, 8.0], [82.57934349725458, 148.8020747722127, -28.0, 8.0], [81.08800280223855, 149.81945822498258, -28.0, 8.0], [79.55807341108489, 150.73559392606373, -28.0, 8.0], [77.95897384355075, 151.54390679757947, -28.0, 8.0], [76.26012261939326, 152.23782176165332, -28.0, 8.0], [74.4309382583696, 152.81076374040876, -28.0, 8.0], [71.99376527834265, 153.19719236001234, -28.0, 8.0], [69.34905139616761, 153.19271444901142, -28.0, 8.0], [66.54943064305996, 152.91307155630807, -28.0, 8.0], [63.64753705023509, 152.47400523080418, -28.0, 8.0], [60.69600464890842, 151.99125702140174, -28.0, 8.0], [57.74746747029538, 151.58056847700277, -28.0, 8.0], [54.85455954561138, 151.3576811465092, -28.0, 8.0], [52.06991490607185, 151.43833657882305, -28.0, 8.0], [49.44616758289221, 151.93827632284626, -28.0, 8.0], [46.972952334786186, 152.86380655215768, -28.0, 8.0], [44.59245250989524, 154.1023388046448, -28.0, 8.0], [42.286125023576346, 155.59127267567246, -28.0, 8.0], [40.035426791186495, 157.2680077606056, -28.0, 8.0], [37.82181472808268, 159.06994365480892, -28.0, 8.0], [35.62674574962186, 160.93447995364744, -28.0, 8.0], [33.43167677116107, 162.79901625248596, -28.0, 8.0], [31.218064708057256, 164.60095214668934, -28.0, 8.0], [28.967366475667408, 166.2776872316224, -28.0, 8.0]], "num_spline_nodes": 10, "road_bbox_size": [0.0, 0.0, 250.0, 250.0], "distance_to_boundary": -0.5267322859536012}, "seed": {"control_nodes": [[125.0, 0.0, -28.0, 8.0], [125.0, 25.0, -28.0, 8.0], [125.0, 50.0, -28.0, 8.0], [114.69070738193159, 73.90761889907589, -28.0, 8.0], [115.51181381324014, 100.81248635136953, -28.0, 8.0], [112.46508022811146, 118.62614014240258, -28.0, 8.0], [88.77044892079964, 143.85156500177627, -28.0, 8.0], [74.4309382583696, 152.81076374040876, -28.0, 8.0], [49.4461675828922, 151.93827632284624, -28.0, 8.0], [28.967366475667408, 166.2776872316224, -28.0, 8.0], [8.488565368442611, 180.61709814039855, -28.0, 8.0]],