{"name": "Road203", "members_distance": null, "m1": {"control_nodes": [[125.0, 0.0, -28.0, 8.0], [125.0, 25.0, -28.0, 8.0], [125.0, 50.0, -28.0, 8.0], [126.69070738193159, 76.90761889907589, -28.0, 8.0], [114.51181381324014, 101.81248635136953, -28.0, 8.0], [110.46508022811146, 121.62614014240258, -28.0, 8.0], [91.77044892079964, 143.85156500177627, -28.0, 8.0], [74.4309382583696, 152.81076374040876, -28.0, 8.0], [49.4461675828922, 151.93827632284624, -28.0, 8.0], [28.967366475667408, 166.2776872316224, -28.0, 8.0], [8.488565368442611, 180.61709814039855, -28.0, 8.0]], "sample_nodes": [[125.0, 25.0, -28.0, 8.0], [124.99123543469341, 27.7728748892592, -28.0, 8.0], [124.96932402142694, 30.538395445740512, -28.0, 8.0], [124.94083918418053, 33.3002388358329, -28.0, 8.0], [124.91235434693408, 36.062082225925295, -28.0, 8.0], [124.8904429336676, 38.827602782406615, -28.0, 8.0], [124.88167836836101, 41.6004776716658, -28.0, 8.0], [124.89263407499426, 44.384384060091804, -28.0, 8.0], [124.92988347754726, 47.18299911407357, -28.0, 8.0], [125.0, 50.0, -28.0, 8.0], [125.18689322591919, 52.9602278544112, -28.0, 8.0], [125.52120988907474, 55.95947103222404, -28.0, 8.0], [125.93987171099215, 58.98417020685416, -28.0, 8.0], [126.37980041319713, 62.02076605171725, -28.0, 8.0], [126.77791771721529, 65.055699240229, -28.0, 8.0], [127.07114534457219, 68.07541044580505, -28.0, 8.0], [127.19640501679348, 71.0663403418611, -28.0, 8.0], [127.09061845540474, 74.01492960181284, -28.0, 8.0], [126.69070738193159, 76.90761889907589, -28.0, 8.0], [125.90756762137707, 79.79015170974975, -28.0, 8.0], [124.77050258877787, 82.63850499087788, -28.0, 8.0], [123.37011554687093, 85.4549708284112, -28.0, 8.0], [121.79700975839336, 88.24184130830061, -28.0, 8.0], [120.14178848608208, 91.00140851649695, -28.0, 8.0], [118.49505499267408, 93.73596453895115, -28.0, 8.0], [116.94741254090646, 96.44780146161405, -28.0, 8.0], [115.58946439351612, 99.13921137043656, -28.0, 8.0], [114.51181381324014, 101.81248635136953, -28.0, 8.0], [113.8628456449494, 104.07925480674952, -28.0, 8.0], [113.42085375042167, 106.32789336391258, -28.0, 8.0], [113.11849091625243, 108.55918076129242, -28.0, 8.0], [112.88840992903718, 110.77389573732253, -28.0, 8.0], [112.6632635753713, 112.9728170304365, -28.0, 8.0], [112.37570464185038, 115.15672337906793, -28.0, 8.0], [111.95838591506977, 117.32639352165035, -28.0, 8.0], [111.34396018162496, 119.48260619661737, -28.0, 8.0], [110.46508022811146, 121.62614014240258, -28.0, 8.0], [109.06529898453836, 124.23644778038044, -28.0, 8.0], [107.37715608749478, 126.91486430364347, -28.0, 8.0], [105.4516565299543, 129.61711276275474, -28.0, 8.0], [103.33980530489059, 132.29891620827763, -28.0, 8.0], [101.09260740527722, 134.9159976907752, -28.0, 8.0], [98.76106782408782, 137.42408026081063, -28.0, 8.0], [96.39619155429604, 139.77888696894718, -28.0, 8.0], [94.04898358887542, 141.936140865748, -28.0, 8.0], [91.77044892079964, 143.85156500177624, -28.0, 8.0], [89.94787376868751, 145.26336326955425, -28.0, 8.0], [88.12453167445362, 146.5786178871606, -28.0, 8.0], [86.28960449075225, 147.79409773239053, -28.0, 8.0], [84.43227407023778, 148.90657168303952, -28.0, 8.0], [82.54172226556447, 149.91280861690296, -28.0, 8.0], [80.6071309293867, 150.8095774117762, -28.0, 8.0], [78.61768191435876, 151.59364694545465, -28.0, 8.0], [76.56255707313493, 152.2617860957337, -28.0, 8.0], [74.4309382583696, 152.81076374040876, -28.0, 8.0], [71.87997006746981, 153.14362636011134, -28.0, 8.0], [69.17480247951859, 153.11069151166308, -28.0, 8.0], [66.35740122471205, 152.82267893147514, -28.0, 8.0], [63.46973203324629, 152.3903083559589, -28.0, 8.0], [60.55376063531739, 151.92429952152554, -28.0, 8.0], [57.65145276112143, 151.5353721645863, -28.0, 8.0], [54.80477414085451, 151.33424602155256, -28.0, 8.0], [52.05569050471275, 151.43164082883544, -28.0, 8.0], [49.4461675828922, 151.93827632284624, -28.0, 8.0], [46.972952334786186, 152.86380655215768, -28.0, 8.0], [44.59245250989524, 154.1023388046448, -28.0, 8.0], [42.286125023576346, 155.59127267567246, -28.0, 8.0], [40.035426791186495, 157.2680077606056, -28.0, 8.0], [37.82181472808268, 159.06994365480892, -28.0, 8.0], [35.62674574962186, 160.93447995364744, -28.0, 8.0], [33.43167677116107, 162.79901625248596, -28.0, 8.0], [31.218064708057256, 164.60095214668934, -28.0, 8.0], [28.967366475667408, 166.2776872316224, -28.0, 8.0]], "num_spline_nodes": 10, "road_bbox_size": [0.0, 0.0, 250.0, 250.0], "distance_to_boundary": -0.5977848936878134}, "seed": {"control_nodes": [[125.0, 0.0, -28.0, 8.0], [125.0, 25.0, -28.0, 8.0], [125.0, 50.0, -28.0, 8.0], [116.69070738193159, 68.90761889907589, -28.0, 8.0], [114.51181381324014, 106.81248635136953, -28.0, 8.0], [108.46508022811146, 116.62614014240258, -28.0, 8.0], [88.77044892079964, 143.85156500177627, -28.0, 8.0], [74.4309382583696, 152.81076374040876, -28.0, 8.0], [49.4461675828922, 151.93827632284624, -28.0, 8.0], [28.967366475667408, 166.2776872316224, -28.0, 8.0], [8.488565368442611, 180.61709814039855, -28.0, 8.0]],