{"name": "Road344", "members_distance": null, "m1": {"control_nodes": [[125.0, 0.0, -28.0, 8.0], [125.0, 25.0, -28.0, 8.0], [125.0, 50.0, -28.0, 8.0], [116.86079613857109, 73.63796438998293, -28.0, 8.0], [91.43214710214681, 89.37097416622886, -28.0, 8.0], [71.89146751595521, 94.14119905064248, -28.0, 8.0], [49.13476579741595, 96.62052657464412, -28.0, 8.0], [29.85092325693669, 114.67048557620657, -28.0, 8.0], [20.485758421538886, 137.85008194037627, -28.0, 8.0], [22.229670265142015, 162.78918319687187, -28.0, 8.0], [23.973582108745145, 187.72828445336748, -28.0, 8.0]], "sample_nodes": [[125.0, 25.0, -28.0, 8.0], [125.04465955479522, 27.785251224197626, -28.0, 8.0], [125.15630844178328, 30.581712618025016, -28.0, 8.0], [125.30145199486775, 33.3837790966673, -28.0, 8.0], [125.4465955479522, 36.185845575309585, -28.0, 8.0], [125.55824443494026, 38.98230696913698, -28.0, 8.0], [125.60290398973547, 41.767558193334594, -28.0, 8.0], [125.54707954624146, 44.535994163087565, -28.0, 8.0], [125.35727643836178, 47.282009793581004, -28.0, 8.0], [125.0, 50.0, -28.0, 8.0], [124.53212905813311, 52.73472408888326, -28.0, 8.0], [124.01559769234598, 55.514166798315024, -28.0, 8.0], [123.42449411545408, 58.307561190798694, -28.0, 8.0], [122.73290654027295, 61.08414032883772, -28.0, 8.0], [121.91492317961809, 63.81313727493551, -28.0, 8.0], [120.94463224630492, 66.46378509159548, -28.0, 8.0], [119.79612195314908, 69.00531684132112, -28.0, 8.0], [118.44348051296596, 71.40696558661577, -28.0, 8.0], [116.86079613857109, 73.63796438998293, -28.0, 8.0], [114.78364810114716, 75.9099108151211, -28.0, 8.0], [112.33672206120389, 78.05402051807702, -28.0, 8.0], [109.5983238686352, 80.06895556966691, -28.0, 8.0], [106.64675937333497, 81.95337804070704, -28.0, 8.0], [103.56033442519708, 83.70595000201361, -28.0, 8.0], [100.41735487411542, 85.32533352440282, -28.0, 8.0], [97.2961265699839, 86.81019067869096, -28.0, 8.0], [94.2749553626964, 88.15918353569424, -28.0, 8.0], [91.43214710214681, 89.37097416622888, -28.0, 8.0], [89.21844762536094, 90.23573868931203, -28.0, 8.0], [87.04339958078607, 90.96916437321778, -28.0, 8.0], [84.89499301777084, 91.59167434160149, -28.0, 8.0], [82.76121798566388, 92.12369171811852, -28.0, 8.0], [80.63006453381382, 92.58563962642432, -28.0, 8.0], [78.48952271156931, 92.99794119017425, -28.0, 8.0], [76.32758256827896, 93.38101953302365, -28.0, 8.0], [74.13223415329138, 93.75529777862792, -28.0, 8.0], [71.89146751595521, 94.1411990506425, -28.0, 8.0], [69.42411201738676, 94.45914350502775, -28.0, 8.0], [66.87803997037612, 94.60798042741135, -28.0, 8.0], [64.28043344054825, 94.65563480096698, -28.0, 8.0], [61.65847449352809, 94.67003160886841, -28.0, 8.0], [59.03934519494055, 94.71909583428942, -28.0, 8.0], [56.45022761041062, 94.87075246040374, -28.0, 8.0], [53.91830380556326, 95.19292647038512, -28.0, 8.0], [51.470755846023394, 95.75354284740732, -28.0, 8.0], [49.13476579741595, 96.62052657464412, -28.0, 8.0], [46.70375356407143, 97.89438378649778, -28.0, 8.0], [44.30215149945474, 99.44797102464555, -28.0, 8.0], [41.94825128791612, 101.23979975513856, -28.0, 8.0], [39.660344613805805, 103.22838144402785, -28.0, 8.0], [37.456723161474024, 105.37222755736451, -28.0, 8.0], [35.35567861527099, 107.62984956119965, -28.0, 8.0], [33.37550265954694, 109.95975892158431, -28.0, 8.0], [31.534486978652097, 112.32046710456957, -28.0, 8.0], [29.85092325693669, 114.67048557620657, -28.0, 8.0], [28.342635714608605, 116.9930736228803, -28.0, 8.0], [26.933583497950995, 119.41521216934926, -28.0, 8.0], [25.63134936079028, 121.92133557217862, -28.0, 8.0], [24.443516056952845, 124.49587818793367, -28.0, 8.0], [23.37766634026509, 127.12327437317956, -28.0, 8.0], [22.44138296455342, 129.78795848448158, -28.0, 8.0], [21.64224868364423, 132.47436487840488, -28.0, 8.0], [20.98784625136392, 135.1669279115147, -28.0, 8.0], [20.48575842153889, 137.8500819403763, -28.0, 8.0], [20.191885178197083, 140.54385840844446, -28.0, 8.0], [20.126593759526074, 143.2738386808815, -28.0, 8.0], [20.24416780059171, 146.03278199681358, -28.0, 8.0], [20.49889093645983, 148.81344759536705, -28.0, 8.0], [20.845046802196265, 151.608594715668, -28.0, 8.0], [21.236919032866865, 154.41098259684273, -28.0, 8.0], [21.628791263537455, 157.21337047801748, -28.0, 8.0], [21.9749471292739, 160.00851759831846, -28.0, 8.0], [22.229670265142012, 162.78918319687187, -28.0, 8.0]], "num_spline_nodes": 10, "road_bbox_size": [0.0, 0.0, 250.0, 250.0], "distance_to_boundary": -0.910443228139068}, "seed": {"control_nodes": [[125.0, 0.0, -28.0, 8.0], [125.0, 25.0, -28.0, 8.0], [125.0, 50.0, -28.0, 8.0], [116.86079613857109, 73.63796438998293, -28.0, 8.0], [91.43214710214681, 89.37097416622886, -28.0, 8.0], [72.89146751595521, 94.14119905064248, -28.0, 8.0], [49.13476579741595, 96.62052657464412, -28.0, 8.0], [29.85092325693669, 114.67048557620657, -28.0, 8.0], [20.485758421538886, 137.85008194037627, -28.0, 8.0], [22.229670265142015, 162.78918319687187, -28.0, 8.0], [23.973582108745145, 187.72828445336748, -28.0, 8.0]],