{"name": "Road413", "members_distance": null, "m1": {"control_nodes": [[125.0, 0.0, -28.0, 8.0], [125.0, 25.0, -28.0, 8.0], [125.0, 50.0, -28.0, 8.0], [114.69070738193159, 73.90761889907589, -28.0, 8.0], [115.51181381324014, 100.81248635136953, -28.0, 8.0], [112.46508022811146, 118.62614014240258, -28.0, 8.0], [96.77044892079964, 143.85156500177627, -28.0, 8.0], [74.4309382583696, 152.81076374040876, -28.0, 8.0], [49.4461675828922, 151.93827632284624, -28.0, 8.0], [28.967366475667408, 166.2776872316224, -28.0, 8.0], [8.488565368442611, 180.61709814039855, -28.0, 8.0]], "sample_nodes": [[125.0, 25.0, -28.0, 8.0], [125.05486779306979, 27.786319634657705, -28.0, 8.0], [125.1920372757443, 30.58545205463529, -28.0, 8.0], [125.37035760322112, 33.390990867272826, -28.0, 8.0], [125.54867793069795, 36.19652967991037, -28.0, 8.0], [125.68584741337244, 38.995662099887966, -28.0, 8.0], [125.74071520644222, 41.78198173454567, -28.0, 8.0], [125.672130465105, 44.54908219122353, -28.0, 8.0], [125.43894234455834, 47.29055707726163, -28.0, 8.0], [125.0, 50.0, -28.0, 8.0], [124.25115937818936, 52.7136766746515, -28.0, 8.0], [123.19730605174165, 55.37315767913651, -28.0, 8.0], [121.9266630009564, 57.995533167659815, -28.0, 8.0], [120.52745320613315, 60.597893294426356, -28.0, 8.0], [119.08789964757148, 63.197328213640866, -28.0, 8.0], [117.69622530557095, 65.81092807950826, -28.0, 8.0], [116.44065316043111, 68.45578304623334, -28.0, 8.0], [115.40940619245144, 71.14898326802091, -28.0, 8.0], [114.69070738193159, 73.90761889907589, -28.0, 8.0], [114.30901410175987, 76.81330764818392, -28.0, 8.0], [114.20291013144531, 79.81958010914687, -28.0, 8.0], [114.3049565519164, 82.89230122343547, -28.0, 8.0], [114.54771444410176, 85.99733593252053, -28.0, 8.0], [114.86374488892983, 89.10054917787281, -28.0, 8.0], [115.18560896732916, 92.16780590096306, -28.0, 8.0], [115.44586776022832, 95.16497104326209, -28.0, 8.0], [115.57708234855582, 98.05790954624068, -28.0, 8.0], [115.51181381324014, 100.81248635136953, -28.0, 8.0], [115.36456265535945, 102.95015663512949, -28.0, 8.0], [115.2146914232518, 104.99597392194146, -28.0, 8.0], [115.04282927772633, 106.97233498713072, -28.0, 8.0], [114.82960537959215, 108.90163660602246, -28.0, 8.0], [114.55564888965844, 110.80627555394196, -28.0, 8.0], [114.2015889687344, 112.70864860621447, -28.0, 8.0], [113.74805477762908, 114.63115253816522, -28.0, 8.0], [113.17567547715173, 116.5961841251195, -28.0, 8.0], [112.46508022811147, 118.62614014240258, -28.0, 8.0], [111.3553613407227, 121.39950135623712, -28.0, 8.0], [110.05214704290546, 124.36032074554109, -28.0, 8.0], [108.57042154245283, 127.43141592481405, -28.0, 8.0], [106.92516904715771, 130.53560450855554, -28.0, 8.0], [105.1313737648131, 133.5957041112652, -28.0, 8.0], [103.20401990321201, 136.53453234744254, -28.0, 8.0], [101.15809167014741, 139.27490683158712, -28.0, 8.0], [99.00857327341228, 141.73964517819851, -28.0, 8.0], [96.77044892079962, 143.85156500177624, -28.0, 8.0], [94.64166430597786, 145.47203144726203, -28.0, 8.0], [92.37051099532003, 146.9045526685689, -28.0, 8.0], [89.9801416545532, 148.1627123418839, -28.0, 8.0], [87.49370894940418, 149.26009414339381, -28.0, 8.0], [84.93436554559999, 150.21028174928557, -28.0, 8.0], [82.32526410886747, 151.02685883574605, -28.0, 8.0], [79.68955730493363, 151.7234090789621, -28.0, 8.0], [77.05039779952538, 152.3135161551208, -28.0, 8.0], [74.4309382583696, 152.81076374040876, -28.0, 8.0], [71.72838406853005, 153.07362133840402, -28.0, 8.0], [68.94268641864207, 153.00349632217376, -28.0, 8.0], [66.10159985150119, 152.70454545734404, -28.0, 8.0], [63.23287890990291, 152.28092550954125, -28.0, 8.0], [60.36427813664268, 151.8367932443914, -28.0, 8.0], [57.523552074516004, 151.47630542752077, -28.0, 8.0], [54.73845526631837, 151.3036188245556, -28.0, 8.0], [52.03674225484528, 151.42289020112202, -28.0, 8.0], [49.4461675828922, 151.93827632284624, -28.0, 8.0], [46.972952334786186, 152.86380655215768, -28.0, 8.0], [44.59245250989524, 154.1023388046448, -28.0, 8.0], [42.286125023576346, 155.59127267567246, -28.0, 8.0], [40.035426791186495, 157.2680077606056, -28.0, 8.0], [37.82181472808268, 159.06994365480892, -28.0, 8.0], [35.62674574962186, 160.93447995364744, -28.0, 8.0], [33.43167677116107, 162.79901625248596, -28.0, 8.0], [31.218064708057256, 164.60095214668934, -28.0, 8.0], [28.967366475667408, 166.2776872316224, -28.0, 8.0]], "num_spline_nodes": 10, "road_bbox_size": [0.0, 0.0, 250.0, 250.0], "distance_to_boundary": -0.5859739469596161}, "seed": {"control_nodes": [[125.0, 0.0, -28.0, 8.0], [125.0, 25.0, -28.0, 8.0], [125.0, 50.0, -28.0, 8.0], [114.69070738193159, 73.90761889907589, -28.0, 8.0], [115.51181381324014, 100.81248635136953, -28.0, 8.0], [112.46508022811146, 118.62614014240258, -28.0, 8.0], [96.77044892079964, 143.85156500177627, -28.0, 8.0], [74.4309382583696, 152.81076374040876, -28.0, 8.0], [49.4461675828922, 151.93827632284624, -28.0, 8.0], [28.967366475667408, 166.2776872316224, -28.0, 8.0], [8.488565368442611, 180.61709814039855, -28.0, 8.0]],