{"name": "Road46", "members_distance": null, "m1": {"control_nodes": [[125.0, 0.0, -28.0, 8.0], [125.0, 25.0, -28.0, 8.0], [125.0, 50.0, -28.0, 8.0], [113.69070738193159, 73.90761889907589, -28.0, 8.0], [112.51181381324014, 100.81248635136953, -28.0, 8.0], [112.46508022811146, 123.62614014240258, -28.0, 8.0], [90.77044892079964, 143.85156500177627, -28.0, 8.0], [74.4309382583696, 152.81076374040876, -28.0, 8.0], [49.4461675828922, 151.93827632284624, -28.0, 8.0], [28.967366475667408, 166.2776872316224, -28.0, 8.0], [8.488565368442611, 180.61709814039855, -28.0, 8.0]], "sample_nodes": [[125.0, 25.0, -28.0, 8.0], [125.05948267498391, 27.78727658802979, -28.0, 8.0], [125.20818936244369, 30.588801391437592, -28.0, 8.0], [125.4015080561414, 33.39745030253441, -28.0, 8.0], [125.59482674983909, 36.206099213631234, -28.0, 8.0], [125.74353343729888, 39.00762401703904, -28.0, 8.0], [125.80301611228276, 41.79490060506882, -28.0, 8.0], [125.7286627685529, 44.56080487003159, -28.0, 8.0], [125.47586139987128, 47.298212704238324, -28.0, 8.0], [125.0, 50.0, -28.0, 8.0], [124.19143552312606, 52.72174537634796, -28.0, 8.0], [123.06380767072565, 55.383236741244346, -28.0, 8.0], [121.70585536176007, 58.00329617712012, -28.0, 8.0], [120.20631751519068, 60.60074576640625, -28.0, 8.0], [118.6539330499787, 63.19440759153369, -28.0, 8.0], [117.13744088508551, 65.80310373493342, -28.0, 8.0], [115.7455799394724, 68.44565627903637, -28.0, 8.0], [114.56708913210065, 71.14088730627354, -28.0, 8.0], [113.69070738193159, 73.90761889907589, -28.0, 8.0], [113.10204493677146, 76.78657486612487, -28.0, 8.0], [112.71522568744425, 79.7411440881267, -28.0, 8.0], [112.49278193618517, 82.75075735758793, -28.0, 8.0], [112.39724598522963, 85.79484546701514, -28.0, 8.0], [112.3911501368129, 88.85283920891487, -28.0, 8.0], [112.43702669317028, 91.9041693757936, -28.0, 8.0], [112.49740795653707, 94.92826676015797, -28.0, 8.0], [112.53482622914859, 97.9045621545144, -28.0, 8.0], [112.51181381324014, 100.81248635136953, -28.0, 8.0], [112.56025230968821, 103.45538652068234, -28.0, 8.0], [112.77514875791192, 106.09887398402245, -28.0, 8.0], [113.07941784461265, 108.73112028522603, -28.0, 8.0], [113.39597425649178, 111.34029696812914, -28.0, 8.0], [113.6477326802507, 113.91457557656797, -28.0, 8.0], [113.75760780259071, 116.44212765437857, -28.0, 8.0], [113.64851431021329, 118.91112474539716, -28.0, 8.0], [113.24336688981974, 121.30973839345978, -28.0, 8.0], [112.46508022811147, 123.62614014240258, -28.0, 8.0], [111.06015306866254, 126.19870495534985, -28.0, 8.0], [109.17083520286086, 128.7263203584665, -28.0, 8.0], [106.89698113733061, 131.19339730766623, -28.0, 8.0], [104.33844537869592, 133.58434675886275, -28.0, 8.0], [101.59508243358084, 135.8835796679697, -28.0, 8.0], [98.76674680860955, 138.07550699090086, -28.0, 8.0], [95.95329301040618, 140.14453968356986, -28.0, 8.0], [93.25457554559483, 142.07508870189045, -28.0, 8.0], [90.77044892079964, 143.85156500177627, -28.0, 8.0], [88.94830268519084, 145.17094313903786, -28.0, 8.0], [87.18163742118422, 146.43571236339275, -28.0, 8.0], [85.44738753926036, 147.63457167922093, -28.0, 8.0], [83.72248744989989, 148.75622009090233, -28.0, 8.0], [81.98387156358343, 149.78935660281707, -28.0, 8.0], [80.20847429079154, 150.72268021934502, -28.0, 8.0], [78.37323004200488, 151.54488994486627, -28.0, 8.0], [76.455073227704, 152.24468478376085, -28.0, 8.0], [74.4309382583696, 152.81076374040873, -28.0, 8.0], [71.91560512466283, 153.1603788796672, -28.0, 8.0], [69.22936866084542, 153.13634380723303, -28.0, 8.0], [66.4175353837253, 152.85094880822567, -28.0, 8.0], [63.5254118101104, 152.41648416776496, -28.0, 8.0], [60.59830445680868, 151.9452401709704, -28.0, 8.0], [57.681519840628056, 151.54950710296157, -28.0, 8.0], [54.82036447837647, 151.34157524885825, -28.0, 8.0], [52.06014488686188, 151.43373489377993, -28.0, 8.0], [49.4461675828922, 151.93827632284624, -28.0, 8.0], [46.972952334786186, 152.86380655215768, -28.0, 8.0], [44.59245250989524, 154.1023388046448, -28.0, 8.0], [42.286125023576346, 155.59127267567246, -28.0, 8.0], [40.035426791186495, 157.2680077606056, -28.0, 8.0], [37.82181472808268, 159.06994365480892, -28.0, 8.0], [35.62674574962186, 160.93447995364744, -28.0, 8.0], [33.43167677116107, 162.79901625248596, -28.0, 8.0], [31.218064708057256, 164.60095214668934, -28.0, 8.0], [28.967366475667408, 166.2776872316224, -28.0, 8.0]], "num_spline_nodes": 10, "road_bbox_size": [0.0, 0.0, 250.0, 250.0], "distance_to_boundary": -0.535644758201911}, "seed": {"control_nodes": [[125.0, 0.0, -28.0, 8.0], [125.0, 25.0, -28.0, 8.0], [125.0, 50.0, -28.0, 8.0], [113.69070738193159, 73.90761889907589, -28.0, 8.0], [113.51181381324014, 100.81248635136953, -28.0, 8.0], [112.46508022811146, 118.62614014240258, -28.0, 8.0], [90.77044892079964, 143.85156500177627, -28.0, 8.0], [74.4309382583696, 152.81076374040876, -28.0, 8.0], [49.4461675828922, 151.93827632284624, -28.0, 8.0], [28.967366475667408, 166.2776872316224, -28.0, 8.0], [8.488565368442611, 180.61709814039855, -28.0, 8.0]],