{"name": "Road195", "members_distance": null, "m1": {"control_nodes": [[125.0, 0.0, -28.0, 8.0], [125.0, 25.0, -28.0, 8.0], [125.0, 50.0, -28.0, 8.0], [113.69070738193159, 73.90761889907589, -28.0, 8.0], [108.51181381324014, 92.81248635136953, -28.0, 8.0], [108.46508022811146, 119.62614014240258, -28.0, 8.0], [93.77044892079964, 143.85156500177627, -28.0, 8.0], [74.4309382583696, 152.81076374040876, -28.0, 8.0], [49.4461675828922, 151.93827632284624, -28.0, 8.0], [28.967366475667408, 166.2776872316224, -28.0, 8.0], [8.488565368442611, 180.61709814039855, -28.0, 8.0]], "sample_nodes": [[125.0, 25.0, -28.0, 8.0], [125.05948267498391, 27.78727658802979, -28.0, 8.0], [125.20818936244369, 30.588801391437592, -28.0, 8.0], [125.4015080561414, 33.39745030253441, -28.0, 8.0], [125.59482674983909, 36.206099213631234, -28.0, 8.0], [125.74353343729888, 39.00762401703904, -28.0, 8.0], [125.80301611228276, 41.79490060506882, -28.0, 8.0], [125.7286627685529, 44.56080487003159, -28.0, 8.0], [125.47586139987128, 47.298212704238324, -28.0, 8.0], [125.0, 50.0, -28.0, 8.0], [124.21561021087949, 52.74828079746137, -28.0, 8.0], [123.14841907786268, 55.476110715141274, -28.0, 8.0], [121.86903450409578, 58.182410269635625, -28.0, 8.0], [120.44806439272506, 60.86609997754033, -28.0, 8.0], [118.95611664689667, 63.52610035545129, -28.0, 8.0], [117.46379916975692, 66.16133191996443, -28.0, 8.0], [116.04171986445202, 68.77071518767562, -28.0, 8.0], [114.76048663412816, 71.35317067518079, -28.0, 8.0], [113.69070738193159, 73.90761889907589, -28.0, 8.0], [112.90419214948413, 76.05593713797222, -28.0, 8.0], [112.16544805266827, 78.14182074254046, -28.0, 8.0], [111.47661774196726, 80.18690840490007, -28.0, 8.0], [110.83984386786454, 82.21283881717059, -28.0, 8.0], [110.25726908084332, 84.24125067147153, -28.0, 8.0], [109.73103603138694, 86.29378265992236, -28.0, 8.0], [109.26328736997873, 88.39207347464264, -28.0, 8.0], [108.85616574710201, 90.55776180775186, -28.0, 8.0], [108.51181381324012, 92.81248635136953, -28.0, 8.0], [108.29926618893177, 95.58678951894416, -28.0, 8.0], [108.33571119016216, 98.49177494054578, -28.0, 8.0], [108.53665429924376, 101.49339933210165, -28.0, 8.0], [108.8176009984892, 104.557619409539, -28.0, 8.0], [109.09405677021093, 107.65039188878512, -28.0, 8.0], [109.28152709672149, 110.73767348576727, -28.0, 8.0], [109.2955174603334, 113.78542091641275, -28.0, 8.0], [109.05153334335922, 116.75959089664873, -28.0, 8.0], [108.46508022811146, 119.62614014240258, -28.0, 8.0], [107.52881274033251, 122.54805137906905, -28.0, 8.0], [106.35404642093573, 125.52283091992727, -28.0, 8.0], [104.96837334159898, 128.50315691710193, -28.0, 8.0], [103.39938557400015, 131.4417075227177, -28.0, 8.0], [101.67467518981704, 134.2911608888992, -28.0, 8.0], [99.82183426072757, 137.00419516777114, -28.0, 8.0], [97.86845485840962, 139.53348851145822, -28.0, 8.0], [95.842129054541, 141.831719072085, -28.0, 8.0], [93.77044892079962, 143.85156500177624, -28.0, 8.0], [91.91016969760467, 145.3899173800041, -28.0, 8.0], [89.95331675201177, 146.77507165243833, -28.0, 8.0], [87.91036218345732, 148.0145178088783, -28.0, 8.0], [85.79177809137758, 149.11574583912358, -28.0, 8.0], [83.60803657520883, 150.0862457329735, -28.0, 8.0], [81.36960973438735, 150.93350748022752, -28.0, 8.0], [79.08696966834947, 151.66502107068513, -28.0, 8.0], [76.77058847653146, 152.28827649414572, -28.0, 8.0], [74.4309382583696, 152.8107637404088, -28.0, 8.0], [71.81451793321018, 153.11307636537174, -28.0, 8.0], [69.07457889893357, 153.06391183221805, -28.0, 8.0], [66.24695074814895, 152.77112581535204, -28.0, 8.0], [63.36746307346564, 152.34257398917828, -28.0, 8.0], [60.47194546749287, 151.88611202810102, -28.0, 8.0], [57.59622752283988, 151.50959560652478, -28.0, 8.0], [54.77613883211593, 151.32088039885397, -28.0, 8.0], [52.0475089879303, 151.42782207949298, -28.0, 8.0], [49.4461675828922, 151.93827632284624, -28.0, 8.0], [46.972952334786186, 152.86380655215768, -28.0, 8.0], [44.59245250989524, 154.1023388046448, -28.0, 8.0], [42.286125023576346, 155.59127267567246, -28.0, 8.0], [40.035426791186495, 157.2680077606056, -28.0, 8.0], [37.82181472808268, 159.06994365480892, -28.0, 8.0], [35.62674574962186, 160.93447995364744, -28.0, 8.0], [33.43167677116107, 162.79901625248596, -28.0, 8.0], [31.218064708057256, 164.60095214668934, -28.0, 8.0], [28.967366475667408, 166.2776872316224, -28.0, 8.0]], "num_spline_nodes": 10, "road_bbox_size": [0.0, 0.0, 250.0, 250.0], "distance_to_boundary": -0.510791514869986}, "seed": {"control_nodes": [[125.0, 0.0, -28.0, 8.0], [125.0, 25.0, -28.0, 8.0], [125.0, 50.0, -28.0, 8.0], [113.69070738193159, 73.90761889907589, -28.0, 8.0], [108.51181381324014, 98.81248635136953, -28.0, 8.0], [108.46508022811146, 119.62614014240258, -28.0, 8.0], [93.77044892079964, 143.85156500177627, -28.0, 8.0], [74.4309382583696, 152.81076374040876, -28.0, 8.0], [49.4461675828922, 151.93827632284624, -28.0, 8.0], [28.967366475667408, 166.2776872316224, -28.0, 8.0], [8.488565368442611, 180.61709814039855, -28.0, 8.0]],