{"name": "Road338", "members_distance": null, "m1": {"control_nodes": [[125.0, 0.0, -28.0, 8.0], [125.0, 25.0, -28.0, 8.0], [125.0, 50.0, -28.0, 8.0], [116.86079613857109, 73.63796438998293, -28.0, 8.0], [91.43214710214681, 88.37097416622886, -28.0, 8.0], [72.89146751595521, 94.14119905064248, -28.0, 8.0], [49.13476579741595, 96.62052657464412, -28.0, 8.0], [29.85092325693669, 114.67048557620657, -28.0, 8.0], [20.485758421538886, 137.85008194037627, -28.0, 8.0], [22.229670265142015, 162.78918319687187, -28.0, 8.0], [23.973582108745145, 187.72828445336748, -28.0, 8.0]], "sample_nodes": [[125.0, 25.0, -28.0, 8.0], [125.04465955479522, 27.785251224197626, -28.0, 8.0], [125.15630844178328, 30.581712618025016, -28.0, 8.0], [125.30145199486775, 33.3837790966673, -28.0, 8.0], [125.4465955479522, 36.185845575309585, -28.0, 8.0], [125.55824443494026, 38.98230696913698, -28.0, 8.0], [125.60290398973547, 41.767558193334594, -28.0, 8.0], [125.54707954624146, 44.535994163087565, -28.0, 8.0], [125.35727643836178, 47.282009793581004, -28.0, 8.0], [125.0, 50.0, -28.0, 8.0], [124.53355332802484, 52.739140622926, -28.0, 8.0], [124.02058263696703, 55.5296246674646, -28.0, 8.0], [123.43410793722327, 58.33737279558717, -28.0, 8.0], [122.74714923919024, 61.128305669265096, -28.0, 8.0], [121.9327265532647, 63.86834395046973, -28.0, 8.0], [120.9638598898433, 66.52340830117245, -28.0, 8.0], [119.81356925932278, 69.05941938334465, -28.0, 8.0], [118.4548746720998, 71.44229785895767, -28.0, 8.0], [116.86079613857109, 73.63796438998293, -28.0, 8.0], [114.77782974919127, 75.81878380093401, -28.0, 8.0], [112.31562936326334, 77.83567103942939, -28.0, 8.0], [109.55717679440302, 79.70061650173204, -28.0, 8.0], [106.58545385622618, 81.42561058410499, -28.0, 8.0], [103.48344236234861, 83.0226436828112, -28.0, 8.0], [100.33412412638606, 84.50370619411369, -28.0, 8.0], [97.2204809619544, 85.88078851427548, -28.0, 8.0], [94.22549468266938, 87.16588103955952, -28.0, 8.0], [91.43214710214681, 88.37097416622886, -28.0, 8.0], [89.30324230214288, 89.2747794621136, -28.0, 8.0], [87.23609503758396, 90.09166773868907, -28.0, 8.0], [85.21161236011083, 90.83074601877175, -28.0, 8.0], [83.21070132136424, 91.50112132517816, -28.0, 8.0], [81.21426897298494, 92.11190068072477, -28.0, 8.0], [79.2032223666136, 92.672191108228, -28.0, 8.0], [77.15846855389107, 93.1910996305044, -28.0, 8.0], [75.06091458645801, 93.67773327037038, -28.0, 8.0], [72.89146751595521, 94.14119905064248, -28.0, 8.0], [70.37027288811898, 94.51911867642056, -28.0, 8.0], [67.73649580322422, 94.69437157447446, -28.0, 8.0], [65.0256960039625, 94.74283932920976, -28.0, 8.0], [62.27343323302546, 94.74040352503206, -28.0, 8.0], [59.51526723310465, 94.76294574634696, -28.0, 8.0], [56.78675774689171, 94.88634757756003, -28.0, 8.0], [54.1234645170782, 95.18649060307683, -28.0, 8.0], [51.56094728635577, 95.739256407303, -28.0, 8.0], [49.134765797415945, 96.6205265746441, -28.0, 8.0], [46.68197887204444, 97.89903584178381, -28.0, 8.0], [44.26880900228841, 99.4550944843023, -28.0, 8.0], [41.91150649512056, 101.24765009843371, -28.0, 8.0], [39.62632165751363, 103.23565028041227, -28.0, 8.0], [37.42950479644027, 105.37804262647202, -28.0, 8.0], [35.3373062188732, 107.63377473284723, -28.0, 8.0], [33.365976231785126, 109.96179419577193, -28.0, 8.0], [31.53176514214872, 112.32104861148034, -28.0, 8.0], [29.85092325693669, 114.67048557620657, -28.0, 8.0], [28.342635714608605, 116.9930736228803, -28.0, 8.0], [26.933583497950995, 119.41521216934926, -28.0, 8.0], [25.63134936079028, 121.92133557217862, -28.0, 8.0], [24.443516056952845, 124.49587818793367, -28.0, 8.0], [23.37766634026509, 127.12327437317956, -28.0, 8.0], [22.44138296455342, 129.78795848448158, -28.0, 8.0], [21.64224868364423, 132.47436487840488, -28.0, 8.0], [20.98784625136392, 135.1669279115147, -28.0, 8.0], [20.48575842153889, 137.8500819403763, -28.0, 8.0], [20.191885178197083, 140.54385840844446, -28.0, 8.0], [20.126593759526074, 143.2738386808815, -28.0, 8.0], [20.24416780059171, 146.03278199681358, -28.0, 8.0], [20.49889093645983, 148.81344759536705, -28.0, 8.0], [20.845046802196265, 151.608594715668, -28.0, 8.0], [21.236919032866865, 154.41098259684273, -28.0, 8.0], [21.628791263537455, 157.21337047801748, -28.0, 8.0], [21.9749471292739, 160.00851759831846, -28.0, 8.0], [22.229670265142012, 162.78918319687187, -28.0, 8.0]], "num_spline_nodes": 10, "road_bbox_size": [0.0, 0.0, 250.0, 250.0], "distance_to_boundary": -0.8998040362810635}, "seed": {"control_nodes": [[125.0, 0.0, -28.0, 8.0], [125.0, 25.0, -28.0, 8.0], [125.0, 50.0, -28.0, 8.0], [116.86079613857109, 73.63796438998293, -28.0, 8.0], [91.43214710214681, 89.37097416622886, -28.0, 8.0], [72.89146751595521, 94.14119905064248, -28.0, 8.0], [49.13476579741595, 96.62052657464412, -28.0, 8.0], [29.85092325693669, 114.67048557620657, -28.0, 8.0], [20.485758421538886, 137.85008194037627, -28.0, 8.0], [22.229670265142015, 162.78918319687187, -28.0, 8.0], [23.973582108745145, 187.72828445336748, -28.0, 8.0]],