{"name": "Road307", "members_distance": null, "m1": {"control_nodes": [[125.0, 0.0, -28.0, 8.0], [125.0, 25.0, -28.0, 8.0], [125.0, 50.0, -28.0, 8.0], [113.69070738193159, 68.90761889907589, -28.0, 8.0], [112.51181381324014, 100.81248635136953, -28.0, 8.0], [108.46508022811146, 116.62614014240258, -28.0, 8.0], [93.77044892079964, 140.85156500177627, -28.0, 8.0], [74.4309382583696, 152.81076374040876, -28.0, 8.0], [49.4461675828922, 151.93827632284624, -28.0, 8.0], [28.967366475667408, 166.2776872316224, -28.0, 8.0], [8.488565368442611, 180.61709814039855, -28.0, 8.0]], "sample_nodes": [[125.0, 25.0, -28.0, 8.0], [125.06818978927983, 27.805280773647617, -28.0, 8.0], [125.2386642624794, 30.651816041099977, -28.0, 8.0], [125.46028107763883, 33.51897855545472, -28.0, 8.0], [125.68189789279825, 36.386141069809476, -28.0, 8.0], [125.85237236599781, 39.23267633726185, -28.0, 8.0], [125.92056215527762, 42.037957110909446, -28.0, 8.0], [125.83532491867786, 44.78135614384994, -28.0, 8.0], [125.5455183142386, 47.442246189180906, -28.0, 8.0], [125.0, 50.0, -28.0, 8.0], [124.17272212080162, 52.25692240440014, -28.0, 8.0], [123.0429349398524, 54.36621689087538, -28.0, 8.0], [121.69428778045878, 56.3744301535301, -28.0, 8.0], [120.21042996592737, 58.32810888646874, -28.0, 8.0], [118.67501081956468, 60.273799783795745, -28.0, 8.0], [117.17167966467719, 62.25804953961554, -28.0, 8.0], [115.78408582457149, 64.32740484803253, -28.0, 8.0], [114.59587862255412, 66.52841240315118, -28.0, 8.0], [113.69070738193159, 68.90761889907589, -28.0, 8.0], [112.99206138804341, 72.07674023937216, -28.0, 8.0], [112.61594895131913, 75.54536241016064, -28.0, 8.0], [112.48496188507299, 79.22539904824973, -28.0, 8.0], [112.5216920026194, 83.0287637904479, -28.0, 8.0], [112.64873111727263, 86.86737027356352, -28.0, 8.0], [112.788671042347, 90.6531321344051, -28.0, 8.0], [112.86410359115683, 94.29796300978097, -28.0, 8.0], [112.79762057701643, 97.71377653649967, -28.0, 8.0], [112.51181381324012, 100.81248635136953, -28.0, 8.0], [112.21309421561838, 102.81356397793533, -28.0, 8.0], [111.90988470847292, 104.67626972966256, -28.0, 8.0], [111.58793981009333, 106.4337624475766, -28.0, 8.0], [111.2330140387691, 108.11920097270274, -28.0, 8.0], [110.83086191278976, 109.76574414606637, -28.0, 8.0], [110.36723795044482, 111.40655080869283, -28.0, 8.0], [109.82789667002376, 113.07477980160745, -28.0, 8.0], [109.19859258981616, 114.80358996583561, -28.0, 8.0], [108.46508022811147, 116.62614014240258, -28.0, 8.0], [107.33955252664411, 119.2115642625947, -28.0, 8.0], [106.05482991203641, 121.97075069883874, -28.0, 8.0], [104.6247949423711, 124.84061807494162, -28.0, 8.0], [103.06333017573088, 127.7580850147101, -28.0, 8.0], [101.3843181701984, 130.66007014195108, -28.0, 8.0], [99.60164148385635, 133.48349208047136, -28.0, 8.0], [97.72918267478741, 136.1652694540777, -28.0, 8.0], [95.78082430107428, 138.64232088657707, -28.0, 8.0], [93.77044892079964, 140.85156500177627, -28.0, 8.0], [91.90184394955024, 142.65305725974582, -28.0, 8.0], [89.94921822528458, 144.3678776863254, -28.0, 8.0], [87.91855604785269, 145.98252573802625, -28.0, 8.0], [85.81584171710452, 147.48350087135975, -28.0, 8.0], [83.6470595328901, 148.857302542837, -28.0, 8.0], [81.41819379505938, 150.09043020896925, -28.0, 8.0], [79.13522880346241, 151.16938332626788, -28.0, 8.0], [76.80414885794916, 152.08066135124392, -28.0, 8.0], [74.4309382583696, 152.81076374040876, -28.0, 8.0], [71.84161229071977, 153.23304970732156, -28.0, 8.0], [69.11606713387009, 153.24762101207875, -28.0, 8.0], [66.29267247644636, 152.9735808298924, -28.0, 8.0], [63.40979800707436, 152.53003233597488, -28.0, 8.0], [60.50581341437983, 152.03607870553833, -28.0, 8.0], [57.619088386988594, 151.610823113795, -28.0, 8.0], [54.78799261352638, 151.37336873595703, -28.0, 8.0], [52.050895782618994, 151.44281874723671, -28.0, 8.0], [49.44616758289221, 151.93827632284626, -28.0, 8.0], [46.972952334786186, 152.86380655215768, -28.0, 8.0], [44.59245250989524, 154.1023388046448, -28.0, 8.0], [42.286125023576346, 155.59127267567246, -28.0, 8.0], [40.035426791186495, 157.2680077606056, -28.0, 8.0], [37.82181472808268, 159.06994365480892, -28.0, 8.0], [35.62674574962186, 160.93447995364744, -28.0, 8.0], [33.43167677116107, 162.79901625248596, -28.0, 8.0], [31.218064708057256, 164.60095214668934, -28.0, 8.0], [28.967366475667408, 166.2776872316224, -28.0, 8.0]], "num_spline_nodes": 10, "road_bbox_size": [0.0, 0.0, 250.0, 250.0], "distance_to_boundary": -0.5203764481097113}, "seed": {"control_nodes": [[125.0, 0.0, -28.0, 8.0], [125.0, 25.0, -28.0, 8.0], [125.0, 50.0, -28.0, 8.0], [116.69070738193159, 72.90761889907589, -28.0, 8.0], [116.51181381324014, 100.81248635136953, -28.0, 8.0], [108.46508022811146, 116.62614014240258, -28.0, 8.0], [88.77044892079964, 143.85156500177627, -28.0, 8.0], [74.4309382583696, 152.81076374040876, -28.0, 8.0], [49.4461675828922, 151.93827632284624, -28.0, 8.0], [28.967366475667408, 166.2776872316224, -28.0, 8.0], [8.488565368442611, 180.61709814039855, -28.0, 8.0]],