{"name": "Road494", "members_distance": null, "m1": {"control_nodes": [[125.0, 0.0, -28.0, 8.0], [125.0, 25.0, -28.0, 8.0], [125.0, 50.0, -28.0, 8.0], [117.69070738193159, 74.90761889907589, -28.0, 8.0], [112.51181381324014, 96.81248635136953, -28.0, 8.0], [107.46508022811146, 116.62614014240258, -28.0, 8.0], [89.77044892079964, 143.85156500177627, -28.0, 8.0], [74.4309382583696, 152.81076374040876, -28.0, 8.0], [49.4461675828922, 151.93827632284624, -28.0, 8.0], [28.967366475667408, 166.2776872316224, -28.0, 8.0], [8.488565368442611, 180.61709814039855, -28.0, 8.0]], "sample_nodes": [[125.0, 25.0, -28.0, 8.0], [125.03898888528481, 27.780801465221828, -28.0, 8.0], [125.13646109849682, 30.566138461609725, -28.0, 8.0], [125.26317497567243, 33.35374322358066, -28.0, 8.0], [125.38988885284806, 36.14134798555161, -28.0, 8.0], [125.48736106606006, 38.926684981939516, -28.0, 8.0], [125.52634995134483, 41.70748644716133, -28.0, 8.0], [125.47761384473887, 44.48148461563405, -28.0, 8.0], [125.31191108227843, 47.246411721774614, -28.0, 8.0], [125.0, 50.0, -28.0, 8.0], [124.50178784923989, 52.800495378395155, -28.0, 8.0], [123.83686780884602, 55.60101610699916, -28.0, 8.0], [123.04305060221817, 58.39801751778819, -28.0, 8.0], [122.1581469527563, 61.18795494273849, -28.0, 8.0], [121.21996758386024, 63.967283713826255, -28.0, 8.0], [120.26632321892987, 66.73245916302766, -28.0, 8.0], [119.33502458136506, 69.47993662231893, -28.0, 8.0], [118.46388239456567, 72.20617142367628, -28.0, 8.0], [117.69070738193159, 74.90761889907589, -28.0, 8.0], [117.04703376558125, 77.40232777465567, -28.0, 8.0], [116.43663423656892, 79.8808642840626, -28.0, 8.0], [115.85256000720757, 82.34364143627636, -28.0, 8.0], [115.28786228981028, 84.79107224027672, -28.0, 8.0], [114.73559229669004, 87.22356970504347, -28.0, 8.0], [114.1888012401599, 89.64154683955637, -28.0, 8.0], [113.64054033253282, 92.04541665279517, -28.0, 8.0], [113.08386078612193, 94.43559215373965, -28.0, 8.0], [112.51181381324014, 96.81248635136951, -28.0, 8.0], [111.99948401413131, 99.05087300474133, -28.0, 8.0], [111.55043559967302, 101.2548613306267, -28.0, 8.0], [111.13236029319181, 103.43524315878986, -28.0, 8.0], [110.71294981801432, 105.60281031899515, -28.0, 8.0], [110.25989589746702, 107.76835464100677, -28.0, 8.0], [109.7408902548765, 109.94266795458904, -28.0, 8.0], [109.12362461356938, 112.13654208950626, -28.0, 8.0], [108.37579069687219, 114.36076887552271, -28.0, 8.0], [107.46508022811146, 116.62614014240259, -28.0, 8.0], [106.07303860053905, 119.63606992619869, -28.0, 8.0], [104.44972583425736, 122.84077276790256, -28.0, 8.0], [102.63275507610417, 126.15839422371103, -28.0, 8.0], [100.65973947291732, 129.5070798498208, -28.0, 8.0], [98.56829217153452, 132.80497520242866, -28.0, 8.0], [96.39602631879356, 135.97022583773133, -28.0, 8.0], [94.18055506153226, 138.92097731192567, -28.0, 8.0], [91.95949154658832, 141.5753751812084, -28.0, 8.0], [89.77044892079964, 143.85156500177627, -28.0, 8.0], [88.17882081134962, 145.31293913184572, -28.0, 8.0], [86.59087470897282, 146.65172112366116, -28.0, 8.0], [84.99295097162144, 147.87053179323613, -28.0, 8.0], [83.37138995724764, 148.9719919565845, -28.0, 8.0], [81.71253202380365, 149.95872242972007, -28.0, 8.0], [80.00271752924166, 150.83334402865654, -28.0, 8.0], [78.22828683151386, 151.59847756940766, -28.0, 8.0], [76.37558028857242, 152.2567438679871, -28.0, 8.0], [74.4309382583696, 152.81076374040876, -28.0, 8.0], [71.95345594594245, 153.17821131370434, -28.0, 8.0], [69.28732773092985, 153.16364972185235, -28.0, 8.0], [66.48140864463466, 152.88104104066332, -28.0, 8.0], [63.584553718359814, 152.44434734594796, -28.0, 8.0], [60.64561798340819, 151.96753071351674, -28.0, 8.0], [57.71345647108273, 151.5645532191804, -28.0, 8.0], [54.8369242126863, 151.34937693874946, -28.0, 8.0], [52.06487623952182, 151.43596394803455, -28.0, 8.0], [49.446167582892194, 151.9382763228462, -28.0, 8.0], [46.972952334786186, 152.86380655215768, -28.0, 8.0], [44.59245250989524, 154.1023388046448, -28.0, 8.0], [42.286125023576346, 155.59127267567246, -28.0, 8.0], [40.035426791186495, 157.2680077606056, -28.0, 8.0], [37.82181472808268, 159.06994365480892, -28.0, 8.0], [35.62674574962186, 160.93447995364744, -28.0, 8.0], [33.43167677116107, 162.79901625248596, -28.0, 8.0], [31.218064708057256, 164.60095214668934, -28.0, 8.0], [28.967366475667408, 166.2776872316224, -28.0, 8.0]], "num_spline_nodes": 10, "road_bbox_size": [0.0, 0.0, 250.0, 250.0], "distance_to_boundary": -0.5703797776588058}, "seed": {"control_nodes": [[125.0, 0.0, -28.0, 8.0], [125.0, 25.0, -28.0, 8.0], [125.0, 50.0, -28.0, 8.0], [116.69070738193159, 72.90761889907589, -28.0, 8.0], [116.51181381324014, 100.81248635136953, -28.0, 8.0], [108.46508022811146, 116.62614014240258, -28.0, 8.0], [88.77044892079964, 143.85156500177627, -28.0, 8.0], [74.4309382583696, 152.81076374040876, -28.0, 8.0], [49.4461675828922, 151.93827632284624, -28.0, 8.0], [28.967366475667408, 166.2776872316224, -28.0, 8.0], [8.488565368442611, 180.61709814039855, -28.0, 8.0]],