{"name": "Road129", "members_distance": null, "m1": {"control_nodes": [[125.0, 0.0, -28.0, 8.0], [125.0, 25.0, -28.0, 8.0], [125.0, 50.0, -28.0, 8.0], [116.86079613857109, 73.63796438998293, -28.0, 8.0], [91.43214710214681, 88.37097416622886, -28.0, 8.0], [72.89146751595521, 95.14119905064248, -28.0, 8.0], [51.13476579741595, 96.62052657464412, -28.0, 8.0], [29.85092325693669, 114.67048557620657, -28.0, 8.0], [20.485758421538886, 137.85008194037627, -28.0, 8.0], [22.229670265142015, 162.78918319687187, -28.0, 8.0], [23.973582108745145, 187.72828445336748, -28.0, 8.0]], "sample_nodes": [[125.0, 25.0, -28.0, 8.0], [125.04465955479522, 27.785251224197626, -28.0, 8.0], [125.15630844178328, 30.581712618025016, -28.0, 8.0], [125.30145199486775, 33.3837790966673, -28.0, 8.0], [125.4465955479522, 36.185845575309585, -28.0, 8.0], [125.55824443494026, 38.98230696913698, -28.0, 8.0], [125.60290398973547, 41.767558193334594, -28.0, 8.0], [125.54707954624146, 44.535994163087565, -28.0, 8.0], [125.35727643836178, 47.282009793581004, -28.0, 8.0], [125.0, 50.0, -28.0, 8.0], [124.53355332802484, 52.739140622926, -28.0, 8.0], [124.02058263696703, 55.5296246674646, -28.0, 8.0], [123.43410793722327, 58.33737279558717, -28.0, 8.0], [122.74714923919024, 61.128305669265096, -28.0, 8.0], [121.9327265532647, 63.86834395046973, -28.0, 8.0], [120.9638598898433, 66.52340830117245, -28.0, 8.0], [119.81356925932278, 69.05941938334465, -28.0, 8.0], [118.4548746720998, 71.44229785895767, -28.0, 8.0], [116.86079613857109, 73.63796438998293, -28.0, 8.0], [114.77676727721384, 75.81160367376981, -28.0, 8.0], [112.31191071134234, 77.81054059435468, -28.0, 8.0], [109.55000510855537, 79.65215064337366, -28.0, 8.0], [106.57482913645188, 81.35380931246294, -28.0, 8.0], [103.47016146263076, 82.93289209325864, -28.0, 8.0], [100.3197807546908, 84.40677447739695, -28.0, 8.0], [97.2074656802309, 85.79283195651398, -28.0, 8.0], [94.21699490684996, 87.10844002224587, -28.0, 8.0], [91.43214710214681, 88.37097416622886, -28.0, 8.0], [89.29271764557001, 89.36164105441615, -28.0, 8.0], [87.21321920120062, 90.29703707520446, -28.0, 8.0], [85.17646925812835, 91.17530477760674, -28.0, 8.0], [83.16528530544284, 91.99458671063604, -28.0, 8.0], [81.16248483223379, 92.7530254233053, -28.0, 8.0], [79.15088532759081, 93.44876346462759, -28.0, 8.0], [77.11330428060361, 94.07994338361587, -28.0, 8.0], [75.03255918036186, 94.64470772928317, -28.0, 8.0], [72.89146751595521, 95.1411990506425, -28.0, 8.0], [70.5609675856262, 95.48462801657438, -28.0, 8.0], [68.15990128310001, 95.59737275359217, -28.0, 8.0], [65.70919940663288, 95.55911301254727, -28.0, 8.0], [63.22979275448097, 95.4495285442912, -28.0, 8.0], [60.74261212490045, 95.34829909967536, -28.0, 8.0], [58.2685883161475, 95.33510442955128, -28.0, 8.0], [55.828652126478325, 95.48962428477041, -28.0, 8.0], [53.443734354149065, 95.89153841618422, -28.0, 8.0], [51.13476579741596, 96.62052657464413, -28.0, 8.0], [48.55058025480783, 97.82664065311113, -28.0, 8.0], [45.94278468554182, 99.33600725015377, -28.0, 8.0], [43.34499561703075, 101.10431495656539, -28.0, 8.0], [40.79082957668746, 103.08725236313921, -28.0, 8.0], [38.313903091924765, 105.24050806066856, -28.0, 8.0], [35.94783269015552, 107.51977063994667, -28.0, 8.0], [33.72623489879254, 109.88072869176688, -28.0, 8.0], [31.68272624524865, 112.27907080692239, -28.0, 8.0], [29.850923256936692, 114.67048557620657, -28.0, 8.0], [28.28922328490129, 116.9761273318038, -28.0, 8.0], [26.851795714961668, 119.38926316113835, -28.0, 8.0], [25.541215885659184, 121.89273870598701, -28.0, 8.0], [24.360059135535167, 124.46939960812665, -28.0, 8.0], [23.310900803130945, 127.10209150933395, -28.0, 8.0], [22.396316226987878, 129.77366005138578, -28.0, 8.0], [21.61888074564728, 132.46695087605892, -28.0, 8.0], [20.981169697650504, 135.16480962513015, -28.0, 8.0], [20.48575842153889, 137.8500819403763, -28.0, 8.0], [20.191885178197083, 140.54385840844446, -28.0, 8.0], [20.126593759526074, 143.2738386808815, -28.0, 8.0], [20.24416780059171, 146.03278199681358, -28.0, 8.0], [20.49889093645983, 148.81344759536705, -28.0, 8.0], [20.845046802196265, 151.608594715668, -28.0, 8.0], [21.236919032866865, 154.41098259684273, -28.0, 8.0], [21.628791263537455, 157.21337047801748, -28.0, 8.0], [21.9749471292739, 160.00851759831846, -28.0, 8.0], [22.229670265142012, 162.78918319687187, -28.0, 8.0]], "num_spline_nodes": 10, "road_bbox_size": [0.0, 0.0, 250.0, 250.0], "distance_to_boundary": -0.6810581537880736}, "seed": {"control_nodes": [[125.0, 0.0, -28.0, 8.0], [125.0, 25.0, -28.0, 8.0], [125.0, 50.0, -28.0, 8.0], [116.86079613857109, 73.63796438998293, -28.0, 8.0], [91.43214710214681, 85.37097416622886, -28.0, 8.0], [72.89146751595521, 95.14119905064248, -28.0, 8.0], [51.13476579741595, 96.62052657464412, -28.0, 8.0], [29.85092325693669, 114.67048557620657, -28.0, 8.0], [20.485758421538886, 137.85008194037627, -28.0, 8.0], [22.229670265142015, 162.78918319687187, -28.0, 8.0], [23.973582108745145, 187.72828445336748, -28.0, 8.0]],