{"name": "Road298", "members_distance": null, "m1": {"control_nodes": [[125.0, 0.0, -28.0, 8.0], [125.0, 25.0, -28.0, 8.0], [125.0, 50.0, -28.0, 8.0], [114.69070738193159, 73.90761889907589, -28.0, 8.0], [113.51181381324014, 100.81248635136953, -28.0, 8.0], [112.46508022811146, 124.62614014240258, -28.0, 8.0], [90.77044892079964, 143.85156500177627, -28.0, 8.0], [74.4309382583696, 152.81076374040876, -28.0, 8.0], [49.4461675828922, 151.93827632284624, -28.0, 8.0], [28.967366475667408, 166.2776872316224, -28.0, 8.0], [8.488565368442611, 180.61709814039855, -28.0, 8.0]], "sample_nodes": [[125.0, 25.0, -28.0, 8.0], [125.05486779306979, 27.786319634657705, -28.0, 8.0], [125.1920372757443, 30.58545205463529, -28.0, 8.0], [125.37035760322112, 33.390990867272826, -28.0, 8.0], [125.54867793069795, 36.19652967991037, -28.0, 8.0], [125.68584741337244, 38.995662099887966, -28.0, 8.0], [125.74071520644222, 41.78198173454567, -28.0, 8.0], [125.672130465105, 44.54908219122353, -28.0, 8.0], [125.43894234455834, 47.29055707726163, -28.0, 8.0], [125.0, 50.0, -28.0, 8.0], [124.26186685842187, 52.71371392572741, -28.0, 8.0], [123.23478223255543, 55.373288057902194, -28.0, 8.0], [121.99893849252582, 57.99578461242221, -28.0, 8.0], [120.63452800845822, 60.59826580518545, -28.0, 8.0], [119.22174315047783, 63.19779385208974, -28.0, 8.0], [117.84077628870979, 65.81143096903303, -28.0, 8.0], [116.57181979327932, 68.45623937191321, -28.0, 8.0], [115.4950660343115, 71.1492812766282, -28.0, 8.0], [114.69070738193159, 73.90761889907589, -28.0, 8.0], [114.14739442910299, 76.79141373852852, -28.0, 8.0], [113.7966206878227, 79.74245622151793, -28.0, 8.0], [113.60004700798383, 82.74324395197141, -28.0, 8.0], [113.51933423947966, 85.77627453381632, -28.0, 8.0], [113.51614323220333, 88.82404557098002, -28.0, 8.0], [113.55213483604801, 91.86905466738988, -28.0, 8.0], [113.58896990090695, 94.8937994269732, -28.0, 8.0], [113.58830927667323, 97.88077745365729, -28.0, 8.0], [113.51181381324014, 100.81248635136953, -28.0, 8.0], [113.49006246646843, 103.55551602002836, -28.0, 8.0], [113.6153655942203, 106.31859456174197, -28.0, 8.0], [113.81456923760246, 109.08272944488097, -28.0, 8.0], [114.01451943772175, 111.828928137816, -28.0, 8.0], [114.14206223568486, 114.53819810891764, -28.0, 8.0], [114.12404367259862, 117.19154682655648, -28.0, 8.0], [113.88730978956983, 119.76998175910322, -28.0, 8.0], [113.35870662770516, 122.25451037492833, -28.0, 8.0], [112.46508022811146, 124.62614014240256, -28.0, 8.0], [110.99225004913214, 127.1352531814848, -28.0, 8.0], [109.06410573220894, 129.56608559846268, -28.0, 8.0], [106.77531572102617, 131.912226796948, -28.0, 8.0], [104.22054845926814, 134.1672661805526, -28.0, 8.0], [101.49447239061917, 136.3247931528881, -28.0, 8.0], [98.6917559587635, 138.37839711756646, -28.0, 8.0], [95.90706760738549, 140.3216674781994, -28.0, 8.0], [93.23507578016942, 142.14819363839874, -28.0, 8.0], [90.77044892079964, 143.85156500177627, -28.0, 8.0], [88.94033989901166, 145.1486032208714, -28.0, 8.0], [87.16944440484737, 146.40150436370038, -28.0, 8.0], [85.43395033758298, 147.596873067315, -28.0, 8.0], [83.71004559649494, 148.72131396876728, -28.0, 8.0], [81.97391808085945, 149.76143170510898, -28.0, 8.0], [80.20175568995285, 150.7038309133921, -28.0, 8.0], [78.36974632305149, 151.53511623066848, -28.0, 8.0], [76.45407787943161, 152.24189229399005, -28.0, 8.0], [74.4309382583696, 152.81076374040876, -28.0, 8.0], [71.91560512466283, 153.1603788796672, -28.0, 8.0], [69.22936866084542, 153.13634380723303, -28.0, 8.0], [66.4175353837253, 152.85094880822567, -28.0, 8.0], [63.5254118101104, 152.41648416776496, -28.0, 8.0], [60.59830445680868, 151.9452401709704, -28.0, 8.0], [57.681519840628056, 151.54950710296157, -28.0, 8.0], [54.82036447837647, 151.34157524885825, -28.0, 8.0], [52.06014488686188, 151.43373489377993, -28.0, 8.0], [49.4461675828922, 151.93827632284624, -28.0, 8.0], [46.972952334786186, 152.86380655215768, -28.0, 8.0], [44.59245250989524, 154.1023388046448, -28.0, 8.0], [42.286125023576346, 155.59127267567246, -28.0, 8.0], [40.035426791186495, 157.2680077606056, -28.0, 8.0], [37.82181472808268, 159.06994365480892, -28.0, 8.0], [35.62674574962186, 160.93447995364744, -28.0, 8.0], [33.43167677116107, 162.79901625248596, -28.0, 8.0], [31.218064708057256, 164.60095214668934, -28.0, 8.0], [28.967366475667408, 166.2776872316224, -28.0, 8.0]], "num_spline_nodes": 10, "road_bbox_size": [0.0, 0.0, 250.0, 250.0], "distance_to_boundary": -0.5350982094074888}, "seed": {"control_nodes": [[125.0, 0.0, -28.0, 8.0], [125.0, 25.0, -28.0, 8.0], [125.0, 50.0, -28.0, 8.0], [114.69070738193159, 73.90761889907589, -28.0, 8.0], [113.51181381324014, 100.81248635136953, -28.0, 8.0], [112.46508022811146, 118.62614014240258, -28.0, 8.0], [90.77044892079964, 143.85156500177627, -28.0, 8.0], [74.4309382583696, 152.81076374040876, -28.0, 8.0], [49.4461675828922, 151.93827632284624, -28.0, 8.0], [28.967366475667408, 166.2776872316224, -28.0, 8.0], [8.488565368442611, 180.61709814039855, -28.0, 8.0]],