{"name": "Road448", "members_distance": null, "m1": {"control_nodes": [[125.0, 0.0, -28.0, 8.0], [125.0, 25.0, -28.0, 8.0], [125.0, 50.0, -28.0, 8.0], [116.86079613857109, 71.63796438998293, -28.0, 8.0], [99.43214710214681, 89.37097416622886, -28.0, 8.0], [68.89146751595521, 94.14119905064248, -28.0, 8.0], [49.13476579741595, 96.62052657464412, -28.0, 8.0], [29.85092325693669, 114.67048557620657, -28.0, 8.0], [20.485758421538886, 137.85008194037627, -28.0, 8.0], [22.229670265142015, 162.78918319687187, -28.0, 8.0], [23.973582108745145, 187.72828445336748, -28.0, 8.0]], "sample_nodes": [[125.0, 25.0, -28.0, 8.0], [125.04735018643107, 27.791755571632972, -28.0, 8.0], [125.16572565250877, 30.60447783404872, -28.0, 8.0], [125.31961375840976, 33.42768344185587, -28.0, 8.0], [125.47350186431075, 36.25088904966303, -28.0, 8.0], [125.59187733038846, 39.063611312078784, -28.0, 8.0], [125.63922751681952, 41.85536688371174, -28.0, 8.0], [125.58003978378069, 44.61567241917054, -28.0, 8.0], [125.3788014914486, 47.33404457306376, -28.0, 8.0], [125.0, 50.0, -28.0, 8.0], [124.4926183853268, 52.532074546546895, -28.0, 8.0], [123.89107009929141, 55.052354988079315, -28.0, 8.0], [123.19317931855659, 57.55219705378276, -28.0, 8.0], [122.39677021978505, 60.02295647284274, -28.0, 8.0], [121.49966697963947, 62.455988974444736, -28.0, 8.0], [120.49969377478259, 64.84265028777423, -28.0, 8.0], [119.3946747818771, 67.1742961420168, -28.0, 8.0], [118.18243417758569, 69.44228226635784, -28.0, 8.0], [116.86079613857109, 71.63796438998293, -28.0, 8.0], [115.3776725963554, 73.88849343464894, -28.0, 8.0], [113.78378784126474, 76.14512345049387, -28.0, 8.0], [112.07803314123984, 78.37521888289643, -28.0, 8.0], [110.25929976422128, 80.5461441772353, -28.0, 8.0], [108.32647897814977, 82.6252637788892, -28.0, 8.0], [106.27846205096593, 84.57994213323684, -28.0, 8.0], [104.11414025061036, 86.37754368565683, -28.0, 8.0], [101.83240484502382, 87.98543288152798, -28.0, 8.0], [99.43214710214681, 89.37097416622888, -28.0, 8.0], [96.51676930739418, 90.60555638338282, -28.0, 8.0], [93.30630416759897, 91.53002605796179, -28.0, 8.0], [89.87600007547687, 92.20180029071254, -28.0, 8.0], [86.30110542374352, 92.67829618238184, -28.0, 8.0], [82.65686860511457, 93.01693083371643, -28.0, 8.0], [79.01853801230558, 93.27512134546302, -28.0, 8.0], [75.4613620380323, 93.5102848183684, -28.0, 8.0], [72.06058907501028, 93.77983835317929, -28.0, 8.0], [68.89146751595521, 94.14119905064248, -28.0, 8.0], [66.49503622951539, 94.40213844519823, -28.0, 8.0], [64.16267849775991, 94.53743372635229, -28.0, 8.0], [61.88849589081714, 94.60249038286015, -28.0, 8.0], [59.666589978815466, 94.6527139034773, -28.0, 8.0], [57.49106233188321, 94.7435097769592, -28.0, 8.0], [55.35601452014876, 94.93028349206136, -28.0, 8.0], [53.2555481137405, 95.26844053753922, -28.0, 8.0], [51.18376468278678, 95.81338640214834, -28.0, 8.0], [49.13476579741595, 96.6205265746441, -28.0, 8.0], [46.77529241228441, 97.87994319419445, -28.0, 8.0], [44.411695360780854, 99.42585886768106, -28.0, 8.0], [42.068973094275506, 101.21543125562664, -28.0, 8.0], [39.772124064138566, 103.20581801855386, -28.0, 8.0], [37.54614672174023, 105.35417681698532, -28.0, 8.0], [35.416039518450674, 107.61766531144366, -28.0, 8.0], [33.40680090564011, 109.95344116245158, -28.0, 8.0], [31.543429334678716, 112.31866203053166, -28.0, 8.0], [29.85092325693669, 114.67048557620657, -28.0, 8.0], [28.342635714608605, 116.9930736228803, -28.0, 8.0], [26.933583497950995, 119.41521216934926, -28.0, 8.0], [25.63134936079028, 121.92133557217862, -28.0, 8.0], [24.443516056952845, 124.49587818793367, -28.0, 8.0], [23.37766634026509, 127.12327437317956, -28.0, 8.0], [22.44138296455342, 129.78795848448158, -28.0, 8.0], [21.64224868364423, 132.47436487840488, -28.0, 8.0], [20.98784625136392, 135.1669279115147, -28.0, 8.0], [20.48575842153889, 137.8500819403763, -28.0, 8.0], [20.191885178197083, 140.54385840844446, -28.0, 8.0], [20.126593759526074, 143.2738386808815, -28.0, 8.0], [20.24416780059171, 146.03278199681358, -28.0, 8.0], [20.49889093645983, 148.81344759536705, -28.0, 8.0], [20.845046802196265, 151.608594715668, -28.0, 8.0], [21.236919032866865, 154.41098259684273, -28.0, 8.0], [21.628791263537455, 157.21337047801748, -28.0, 8.0], [21.9749471292739, 160.00851759831846, -28.0, 8.0], [22.229670265142012, 162.78918319687187, -28.0, 8.0]], "num_spline_nodes": 10, "road_bbox_size": [0.0, 0.0, 250.0, 250.0], "distance_to_boundary": -1.1644649905783466}, "seed": {"control_nodes": [[125.0, 0.0, -28.0, 8.0], [125.0, 25.0, -28.0, 8.0], [125.0, 50.0, -28.0, 8.0], [116.86079613857109, 73.63796438998293, -28.0, 8.0], [91.43214710214681, 89.37097416622886, -28.0, 8.0], [72.89146751595521, 94.14119905064248, -28.0, 8.0], [49.13476579741595, 96.62052657464412, -28.0, 8.0], [29.85092325693669, 114.67048557620657, -28.0, 8.0], [20.485758421538886, 137.85008194037627, -28.0, 8.0], [22.229670265142015, 162.78918319687187, -28.0, 8.0], [23.973582108745145, 187.72828445336748, -28.0, 8.0]],