{"name": "Road510", "members_distance": null, "m1": {"control_nodes": [[125.0, 0.0, -28.0, 8.0], [125.0, 25.0, -28.0, 8.0], [125.0, 50.0, -28.0, 8.0], [117.69070738193159, 79.90761889907589, -28.0, 8.0], [112.51181381324014, 96.81248635136953, -28.0, 8.0], [107.46508022811146, 116.62614014240258, -28.0, 8.0], [89.77044892079964, 143.85156500177627, -28.0, 8.0], [74.4309382583696, 152.81076374040876, -28.0, 8.0], [49.4461675828922, 151.93827632284624, -28.0, 8.0], [28.967366475667408, 166.2776872316224, -28.0, 8.0], [8.488565368442611, 180.61709814039855, -28.0, 8.0]], "sample_nodes": [[125.0, 25.0, -28.0, 8.0], [125.03426021351007, 27.767633613100827, -28.0, 8.0], [125.11991074728526, 30.52005097918622, -28.0, 8.0], [125.23125644119298, 33.264860221763904, -28.0, 8.0], [125.3426021351007, 36.0096694643416, -28.0, 8.0], [125.42825266887587, 38.762086830426995, -28.0, 8.0], [125.46251288238594, 41.52972044352781, -28.0, 8.0], [125.41968761549835, 44.32017842715178, -28.0, 8.0], [125.27408170808057, 47.14106890480661, -28.0, 8.0], [124.99999999999999, 50.0, -28.0, 8.0], [124.52242512915916, 53.270573220313544, -28.0, 8.0], [123.88218054869644, 56.65916281498728, -28.0, 8.0], [123.11313519630096, 60.12081486067938, -28.0, 8.0], [122.2491580096619, 63.61057543404805, -28.0, 8.0], [121.32411792646832, 67.08349061175144, -28.0, 8.0], [120.37188388440936, 70.49460647044774, -28.0, 8.0], [119.42632482117418, 73.79896908679514, -28.0, 8.0], [118.52130967445189, 76.9516245374518, -28.0, 8.0], [117.69070738193159, 79.90761889907589, -28.0, 8.0], [117.0990762490168, 81.99587246415749, -28.0, 8.0], [116.5099797734903, 83.96989620666496, -28.0, 8.0], [115.92406722870405, 85.85615273349387, -28.0, 8.0], [115.34198788801004, 87.68110465153981, -28.0, 8.0], [114.76439102476007, 89.4712145676983, -28.0, 8.0], [114.19192591230617, 91.25294508886495, -28.0, 8.0], [113.62524182400027, 93.05275882193533, -28.0, 8.0], [113.06498803319428, 94.89711837380501, -28.0, 8.0], [112.51181381324011, 96.8124863513695, -28.0, 8.0], [111.97096641696452, 98.93095545419321, -28.0, 8.0], [111.50676802901137, 101.07123758134988, -28.0, 8.0], [111.08423684797283, 103.23288229223989, -28.0, 8.0], [110.66839107244118, 105.4154391462637, -28.0, 8.0], [110.22424890100851, 107.61845770282162, -28.0, 8.0], [109.71682853226702, 109.84148752131406, -28.0, 8.0], [109.1111481648089, 112.08407816114146, -28.0, 8.0], [108.37222599722634, 114.34577918170419, -28.0, 8.0], [107.46508022811146, 116.62614014240259, -28.0, 8.0], [106.07303860053905, 119.63606992619869, -28.0, 8.0], [104.44972583425736, 122.84077276790256, -28.0, 8.0], [102.63275507610417, 126.15839422371103, -28.0, 8.0], [100.65973947291732, 129.5070798498208, -28.0, 8.0], [98.56829217153452, 132.80497520242866, -28.0, 8.0], [96.39602631879356, 135.97022583773133, -28.0, 8.0], [94.18055506153226, 138.92097731192567, -28.0, 8.0], [91.95949154658832, 141.5753751812084, -28.0, 8.0], [89.77044892079964, 143.85156500177627, -28.0, 8.0], [88.17882081134962, 145.31293913184572, -28.0, 8.0], [86.59087470897282, 146.65172112366116, -28.0, 8.0], [84.99295097162144, 147.87053179323613, -28.0, 8.0], [83.37138995724764, 148.9719919565845, -28.0, 8.0], [81.71253202380365, 149.95872242972007, -28.0, 8.0], [80.00271752924166, 150.83334402865654, -28.0, 8.0], [78.22828683151386, 151.59847756940766, -28.0, 8.0], [76.37558028857242, 152.2567438679871, -28.0, 8.0], [74.4309382583696, 152.81076374040876, -28.0, 8.0], [71.95345594594245, 153.17821131370434, -28.0, 8.0], [69.28732773092985, 153.16364972185235, -28.0, 8.0], [66.48140864463466, 152.88104104066332, -28.0, 8.0], [63.584553718359814, 152.44434734594796, -28.0, 8.0], [60.64561798340819, 151.96753071351674, -28.0, 8.0], [57.71345647108273, 151.5645532191804, -28.0, 8.0], [54.8369242126863, 151.34937693874946, -28.0, 8.0], [52.06487623952182, 151.43596394803455, -28.0, 8.0], [49.446167582892194, 151.9382763228462, -28.0, 8.0], [46.972952334786186, 152.86380655215768, -28.0, 8.0], [44.59245250989524, 154.1023388046448, -28.0, 8.0], [42.286125023576346, 155.59127267567246, -28.0, 8.0], [40.035426791186495, 157.2680077606056, -28.0, 8.0], [37.82181472808268, 159.06994365480892, -28.0, 8.0], [35.62674574962186, 160.93447995364744, -28.0, 8.0], [33.43167677116107, 162.79901625248596, -28.0, 8.0], [31.218064708057256, 164.60095214668934, -28.0, 8.0], [28.967366475667408, 166.2776872316224, -28.0, 8.0]], "num_spline_nodes": 10, "road_bbox_size": [0.0, 0.0, 250.0, 250.0], "distance_to_boundary": -0.5653040862622283}, "seed": {"control_nodes": [[125.0, 0.0, -28.0, 8.0], [125.0, 25.0, -28.0, 8.0], [125.0, 50.0, -28.0, 8.0], [116.69070738193159, 72.90761889907589, -28.0, 8.0], [116.51181381324014, 100.81248635136953, -28.0, 8.0], [108.46508022811146, 116.62614014240258, -28.0, 8.0], [88.77044892079964, 143.85156500177627, -28.0, 8.0], [74.4309382583696, 152.81076374040876, -28.0, 8.0], [49.4461675828922, 151.93827632284624, -28.0, 8.0], [28.967366475667408, 166.2776872316224, -28.0, 8.0], [8.488565368442611, 180.61709814039855, -28.0, 8.0]],