{"name": "Road383", "members_distance": null, "m1": {"control_nodes": [[125.0, 0.0, -28.0, 8.0], [125.0, 25.0, -28.0, 8.0], [125.0, 50.0, -28.0, 8.0], [116.86079613857109, 73.63796438998293, -28.0, 8.0], [96.43214710214681, 89.37097416622886, -28.0, 8.0], [70.89146751595521, 94.14119905064248, -28.0, 8.0], [49.13476579741595, 96.62052657464412, -28.0, 8.0], [29.85092325693669, 114.67048557620657, -28.0, 8.0], [20.485758421538886, 137.85008194037627, -28.0, 8.0], [22.229670265142015, 162.78918319687187, -28.0, 8.0], [23.973582108745145, 187.72828445336748, -28.0, 8.0]], "sample_nodes": [[125.0, 25.0, -28.0, 8.0], [125.04465955479522, 27.785251224197626, -28.0, 8.0], [125.15630844178328, 30.581712618025016, -28.0, 8.0], [125.30145199486775, 33.3837790966673, -28.0, 8.0], [125.4465955479522, 36.185845575309585, -28.0, 8.0], [125.55824443494026, 38.98230696913698, -28.0, 8.0], [125.60290398973547, 41.767558193334594, -28.0, 8.0], [125.54707954624146, 44.535994163087565, -28.0, 8.0], [125.35727643836178, 47.282009793581004, -28.0, 8.0], [125.0, 50.0, -28.0, 8.0], [124.51812538521396, 52.73058082919259, -28.0, 8.0], [123.96658483712896, 55.49966538939767, -28.0, 8.0], [123.32996932324986, 58.27959418788666, -28.0, 8.0], [122.59286981108148, 61.042707731930996, -28.0, 8.0], [121.73987726812877, 63.761346528802115, -28.0, 8.0], [120.75558266189645, 66.40785108577141, -28.0, 8.0], [119.62457695988954, 68.95456191011037, -28.0, 8.0], [118.33145112961279, 71.3738195090904, -28.0, 8.0], [116.86079613857109, 73.63796438998293, -28.0, 8.0], [115.15642497875847, 75.81217489390565, -28.0, 8.0], [113.24105426030187, 77.90504690373243, -28.0, 8.0], [111.1445253583569, 79.905786384087, -28.0, 8.0], [108.89667964807921, 81.80359929959313, -28.0, 8.0], [106.52735850462443, 83.58769161487461, -28.0, 8.0], [104.06640330314815, 85.24726929455517, -28.0, 8.0], [101.54365541880605, 86.77153830325854, -28.0, 8.0], [98.98895622675376, 88.14970460560855, -28.0, 8.0], [96.43214710214681, 89.37097416622888, -28.0, 8.0], [93.80514836757249, 90.39762237349888, -28.0, 8.0], [91.05856954039719, 91.21478986156859, -28.0, 8.0], [88.2210676725092, 91.8590444507975, -28.0, 8.0], [85.32129981579676, 92.366953961545, -28.0, 8.0], [82.38792302214804, 92.77508621417059, -28.0, 8.0], [79.44959434345131, 93.12000902903367, -28.0, 8.0], [76.53497083159479, 93.43829022649373, -28.0, 8.0], [73.67270953846668, 93.76649762691018, -28.0, 8.0], [70.89146751595521, 94.14119905064248, -28.0, 8.0], [68.3810638271947, 94.42352737579189, -28.0, 8.0], [65.87102006009083, 94.55895485897389, -28.0, 8.0], [63.37114543250867, 94.60970534433709, -28.0, 8.0], [60.891249162313315, 94.63800267603014, -28.0, 8.0], [58.44114046736981, 94.70607069820161, -28.0, 8.0], [56.03062856554325, 94.87613325500013, -28.0, 8.0], [53.669522674698705, 95.21041419057431, -28.0, 8.0], [51.36763201270126, 95.77113734907277, -28.0, 8.0], [49.13476579741596, 96.62052657464413, -28.0, 8.0], [46.726504199846694, 97.88964823994745, -28.0, 8.0], [44.3369884104856, 99.44071971899038, -28.0, 8.0], [41.98664298578689, 101.2318085203349, -28.0, 8.0], [39.69589248220466, 103.22098215254294, -28.0, 8.0], [37.485161456193104, 105.36630812417661, -28.0, 8.0], [35.37487446420637, 107.62585394379778, -28.0, 8.0], [33.38545606269861, 109.95768711996851, -28.0, 8.0], [31.537330808124, 112.31987516125078, -28.0, 8.0], [29.85092325693669, 114.67048557620657, -28.0, 8.0], [28.342635714608605, 116.9930736228803, -28.0, 8.0], [26.933583497950995, 119.41521216934926, -28.0, 8.0], [25.63134936079028, 121.92133557217862, -28.0, 8.0], [24.443516056952845, 124.49587818793367, -28.0, 8.0], [23.37766634026509, 127.12327437317956, -28.0, 8.0], [22.44138296455342, 129.78795848448158, -28.0, 8.0], [21.64224868364423, 132.47436487840488, -28.0, 8.0], [20.98784625136392, 135.1669279115147, -28.0, 8.0], [20.48575842153889, 137.8500819403763, -28.0, 8.0], [20.191885178197083, 140.54385840844446, -28.0, 8.0], [20.126593759526074, 143.2738386808815, -28.0, 8.0], [20.24416780059171, 146.03278199681358, -28.0, 8.0], [20.49889093645983, 148.81344759536705, -28.0, 8.0], [20.845046802196265, 151.608594715668, -28.0, 8.0], [21.236919032866865, 154.41098259684273, -28.0, 8.0], [21.628791263537455, 157.21337047801748, -28.0, 8.0], [21.9749471292739, 160.00851759831846, -28.0, 8.0], [22.229670265142012, 162.78918319687187, -28.0, 8.0]], "num_spline_nodes": 10, "road_bbox_size": [0.0, 0.0, 250.0, 250.0], "distance_to_boundary": -1.135572245839933}, "seed": {"control_nodes": [[125.0, 0.0, -28.0, 8.0], [125.0, 25.0, -28.0, 8.0], [125.0, 50.0, -28.0, 8.0], [116.86079613857109, 73.63796438998293, -28.0, 8.0], [91.43214710214681, 89.37097416622886, -28.0, 8.0], [72.89146751595521, 94.14119905064248, -28.0, 8.0], [49.13476579741595, 96.62052657464412, -28.0, 8.0], [29.85092325693669, 114.67048557620657, -28.0, 8.0], [20.485758421538886, 137.85008194037627, -28.0, 8.0], [22.229670265142015, 162.78918319687187, -28.0, 8.0], [23.973582108745145, 187.72828445336748, -28.0, 8.0]],