{"name": "Road197", "members_distance": null, "m1": {"control_nodes": [[125.0, 0.0, -28.0, 8.0], [125.0, 25.0, -28.0, 8.0], [125.0, 50.0, -28.0, 8.0], [126.69070738193159, 76.90761889907589, -28.0, 8.0], [114.51181381324014, 101.81248635136953, -28.0, 8.0], [110.46508022811146, 120.62614014240258, -28.0, 8.0], [91.77044892079964, 144.85156500177627, -28.0, 8.0], [74.4309382583696, 152.81076374040876, -28.0, 8.0], [49.4461675828922, 151.93827632284624, -28.0, 8.0], [28.967366475667408, 166.2776872316224, -28.0, 8.0], [8.488565368442611, 180.61709814039855, -28.0, 8.0]], "sample_nodes": [[125.0, 25.0, -28.0, 8.0], [124.99123543469341, 27.7728748892592, -28.0, 8.0], [124.96932402142694, 30.538395445740512, -28.0, 8.0], [124.94083918418053, 33.3002388358329, -28.0, 8.0], [124.91235434693408, 36.062082225925295, -28.0, 8.0], [124.8904429336676, 38.827602782406615, -28.0, 8.0], [124.88167836836101, 41.6004776716658, -28.0, 8.0], [124.89263407499426, 44.384384060091804, -28.0, 8.0], [124.92988347754726, 47.18299911407357, -28.0, 8.0], [125.0, 50.0, -28.0, 8.0], [125.18689322591919, 52.9602278544112, -28.0, 8.0], [125.52120988907474, 55.95947103222404, -28.0, 8.0], [125.93987171099215, 58.98417020685416, -28.0, 8.0], [126.37980041319713, 62.02076605171725, -28.0, 8.0], [126.77791771721529, 65.055699240229, -28.0, 8.0], [127.07114534457219, 68.07541044580505, -28.0, 8.0], [127.19640501679348, 71.0663403418611, -28.0, 8.0], [127.09061845540474, 74.01492960181284, -28.0, 8.0], [126.69070738193159, 76.90761889907589, -28.0, 8.0], [125.90777727973456, 79.79396435854582, -28.0, 8.0], [124.77123639302908, 82.65184926166413, -28.0, 8.0], [123.37153074078398, 85.48070620778468, -28.0, 8.0], [121.79910634196823, 88.27996779626133, -28.0, 8.0], [120.14440921555067, 91.04906662644785, -28.0, 8.0], [118.49788538050015, 93.78743529769811, -28.0, 8.0], [116.94998085578567, 96.49450640936593, -28.0, 8.0], [115.59114166037602, 99.16971256080512, -28.0, 8.0], [114.51181381324014, 101.81248635136953, -28.0, 8.0], [113.8710918837094, 103.97820672267729, -28.0, 8.0], [113.42293546258524, 106.10482334352622, -28.0, 8.0], [113.10528985317725, 108.20102556469942, -28.0, 8.0], [112.8561003587952, 110.27550273698003, -28.0, 8.0], [112.61331228274867, 112.3369442111511, -28.0, 8.0], [112.31487092834735, 114.39403933799576, -28.0, 8.0], [111.89872159890093, 116.45547746829719, -28.0, 8.0], [111.30280959771908, 118.5299479528384, -28.0, 8.0], [110.46508022811147, 120.62614014240258, -28.0, 8.0], [109.07340706398897, 123.38004076091588, -28.0, 8.0], [107.39981523017778, 126.27556248504146, -28.0, 8.0], [105.49167971808959, 129.24534768966873, -28.0, 8.0], [103.39637551913611, 132.22203874968716, -28.0, 8.0], [101.16127762472907, 135.13827803998615, -28.0, 8.0], [98.8337610262802, 137.9267079354551, -28.0, 8.0], [96.4612007152012, 140.51997081098352, -28.0, 8.0], [94.09097168290377, 142.85070904146076, -28.0, 8.0], [91.77044892079965, 144.8515650017763, -28.0, 8.0], [89.96665145193262, 146.21320652001128, -28.0, 8.0], [88.150484224275, 147.43897629968905, -28.0, 8.0], [86.3140898315629, 148.53596728917358, -28.0, 8.0], [84.44961086753247, 149.51127243682896, -28.0, 8.0], [82.5491899259198, 150.37198469101907, -28.0, 8.0], [80.60496960046106, 151.1251970001081, -28.0, 8.0], [78.60909248489237, 151.77800231246005, -28.0, 8.0], [76.55370117294981, 152.3374935764389, -28.0, 8.0], [74.4309382583696, 152.81076374040876, -28.0, 8.0], [71.87079728739806, 153.09814927233907, -28.0, 8.0], [69.16075666003374, 153.0410547210118, -28.0, 8.0], [66.34192215834096, 152.7459363458594, -28.0, 8.0], [63.455399564384194, 152.31925040631472, -28.0, 8.0], [60.542294660227704, 151.8674531618102, -28.0, 8.0], [57.64371322793589, 151.49700087177845, -28.0, 8.0], [54.800761049573126, 151.3143497956522, -28.0, 8.0], [52.05454390720378, 151.4259561928639, -28.0, 8.0], [49.4461675828922, 151.93827632284624, -28.0, 8.0], [46.972952334786186, 152.86380655215768, -28.0, 8.0], [44.59245250989524, 154.1023388046448, -28.0, 8.0], [42.286125023576346, 155.59127267567246, -28.0, 8.0], [40.035426791186495, 157.2680077606056, -28.0, 8.0], [37.82181472808268, 159.06994365480892, -28.0, 8.0], [35.62674574962186, 160.93447995364744, -28.0, 8.0], [33.43167677116107, 162.79901625248596, -28.0, 8.0], [31.218064708057256, 164.60095214668934, -28.0, 8.0], [28.967366475667408, 166.2776872316224, -28.0, 8.0]], "num_spline_nodes": 10, "road_bbox_size": [0.0, 0.0, 250.0, 250.0], "distance_to_boundary": -0.559990183644111}, "seed": {"control_nodes": [[125.0, 0.0, -28.0, 8.0], [125.0, 25.0, -28.0, 8.0], [125.0, 50.0, -28.0, 8.0], [116.69070738193159, 68.90761889907589, -28.0, 8.0], [114.51181381324014, 106.81248635136953, -28.0, 8.0], [108.46508022811146, 116.62614014240258, -28.0, 8.0], [88.77044892079964, 143.85156500177627, -28.0, 8.0], [74.4309382583696, 152.81076374040876, -28.0, 8.0], [49.4461675828922, 151.93827632284624, -28.0, 8.0], [28.967366475667408, 166.2776872316224, -28.0, 8.0], [8.488565368442611, 180.61709814039855, -28.0, 8.0]],