{"name": "Road101", "members_distance": null, "m1": {"control_nodes": [[125.0, 0.0, -28.0, 8.0], [125.0, 25.0, -28.0, 8.0], [125.0, 50.0, -28.0, 8.0], [121.69070738193159, 75.90761889907589, -28.0, 8.0], [114.51181381324014, 101.81248635136953, -28.0, 8.0], [108.46508022811146, 120.62614014240258, -28.0, 8.0], [88.77044892079964, 143.85156500177627, -28.0, 8.0], [74.4309382583696, 152.81076374040876, -28.0, 8.0], [49.4461675828922, 151.93827632284624, -28.0, 8.0], [28.967366475667408, 166.2776872316224, -28.0, 8.0], [8.488565368442611, 180.61709814039855, -28.0, 8.0]], "sample_nodes": [[125.0, 25.0, -28.0, 8.0], [125.0175707475279, 27.775894627776267, -28.0, 8.0], [125.06149761634767, 30.548964530550265, -28.0, 8.0], [125.11860254581333, 33.320622070823134, -28.0, 8.0], [125.175707475279, 36.092279611096004, -28.0, 8.0], [125.21963434409875, 38.86534951387001, -28.0, 8.0], [125.23720509162663, 41.64124414164627, -28.0, 8.0], [125.2152416572168, 44.42137585692594, -28.0, 8.0], [125.1405659802232, 47.20715702221015, -28.0, 8.0], [125.0, 50.0, -28.0, 8.0], [124.79967404140825, 52.86491767140374, -28.0, 8.0], [124.56129154460393, 55.740261498185696, -28.0, 8.0], [124.28322960940741, 58.62303169776048, -28.0, 8.0], [123.96386533563906, 61.51022848754269, -28.0, 8.0], [123.60157582311916, 64.3988520849469, -28.0, 8.0], [123.19473817166812, 67.28590270738772, -28.0, 8.0], [122.74172948110629, 70.16838057227977, -28.0, 8.0], [122.240926851254, 73.04328589703763, -28.0, 8.0], [121.69070738193159, 75.90761889907589, -28.0, 8.0], [121.06126499104376, 78.82608128611417, -28.0, 8.0], [120.35150135083566, 81.77181484656428, -28.0, 8.0], [119.57781709136486, 84.72883081526105, -28.0, 8.0], [118.75661284268878, 87.68114042703922, -28.0, 8.0], [117.90428923486488, 90.61275491673365, -28.0, 8.0], [117.03724689795058, 93.50768551917908, -28.0, 8.0], [116.17188646200339, 96.34994346921033, -28.0, 8.0], [115.32460855708074, 99.12354000166219, -28.0, 8.0], [114.51181381324012, 101.81248635136951, -28.0, 8.0], [113.88363202369125, 104.04107868829284, -28.0, 8.0], [113.32962153117917, 106.20589746788335, -28.0, 8.0], [112.81331490507878, 108.31946853326853, -28.0, 8.0], [112.29824471476485, 110.39431772757575, -28.0, 8.0], [111.7479435296122, 112.44297089393247, -28.0, 8.0], [111.12594391899572, 114.47795387546608, -28.0, 8.0], [110.39577845229019, 116.51179251530402, -28.0, 8.0], [109.52097969887053, 118.5570126565737, -28.0, 8.0], [108.46508022811147, 120.62614014240259, -28.0, 8.0], [106.86658836897486, 123.28345420259062, -28.0, 8.0], [104.98604576651005, 126.0434915512606, -28.0, 8.0], [102.88113839910663, 128.8540088542736, -28.0, 8.0], [100.6095522451544, 131.66276277749068, -28.0, 8.0], [98.22897328304299, 134.417509986773, -28.0, 8.0], [95.7970874911621, 137.06600714798162, -28.0, 8.0], [93.37158084790147, 139.55601092697765, -28.0, 8.0], [91.01013933165076, 141.83527798962217, -28.0, 8.0], [88.77044892079962, 143.85156500177624, -28.0, 8.0], [87.19531839771284, 145.20785404853993, -28.0, 8.0], [85.67220469798767, 146.48935251480657, -28.0, 8.0], [84.17687042167566, 147.68945395076253, -28.0, 8.0], [82.68507816882848, 148.8015519065941, -28.0, 8.0], [81.17259053949768, 149.81903993248775, -28.0, 8.0], [79.61517013373481, 150.73531157862968, -28.0, 8.0], [77.98857955159143, 151.54376039520625, -28.0, 8.0], [76.26858139311918, 152.23777993240387, -28.0, 8.0], [74.4309382583696, 152.81076374040873, -28.0, 8.0], [71.99376527834265, 153.19719236001234, -28.0, 8.0], [69.34905139616761, 153.19271444901142, -28.0, 8.0], [66.54943064305996, 152.91307155630807, -28.0, 8.0], [63.64753705023509, 152.47400523080418, -28.0, 8.0], [60.69600464890842, 151.99125702140174, -28.0, 8.0], [57.74746747029538, 151.58056847700277, -28.0, 8.0], [54.85455954561138, 151.3576811465092, -28.0, 8.0], [52.06991490607185, 151.43833657882305, -28.0, 8.0], [49.44616758289221, 151.93827632284626, -28.0, 8.0], [46.972952334786186, 152.86380655215768, -28.0, 8.0], [44.59245250989524, 154.1023388046448, -28.0, 8.0], [42.286125023576346, 155.59127267567246, -28.0, 8.0], [40.035426791186495, 157.2680077606056, -28.0, 8.0], [37.82181472808268, 159.06994365480892, -28.0, 8.0], [35.62674574962186, 160.93447995364744, -28.0, 8.0], [33.43167677116107, 162.79901625248596, -28.0, 8.0], [31.218064708057256, 164.60095214668934, -28.0, 8.0], [28.967366475667408, 166.2776872316224, -28.0, 8.0]], "num_spline_nodes": 10, "road_bbox_size": [0.0, 0.0, 250.0, 250.0], "distance_to_boundary": -0.5103920096988057}, "seed": {"control_nodes": [[125.0, 0.0, -28.0, 8.0], [125.0, 25.0, -28.0, 8.0], [125.0, 50.0, -28.0, 8.0], [116.69070738193159, 68.90761889907589, -28.0, 8.0], [114.51181381324014, 106.81248635136953, -28.0, 8.0], [108.46508022811146, 116.62614014240258, -28.0, 8.0], [88.77044892079964, 143.85156500177627, -28.0, 8.0], [74.4309382583696, 152.81076374040876, -28.0, 8.0], [49.4461675828922, 151.93827632284624, -28.0, 8.0], [28.967366475667408, 166.2776872316224, -28.0, 8.0], [8.488565368442611, 180.61709814039855, -28.0, 8.0]],