{"name": "Road217", "members_distance": null, "m1": {"control_nodes": [[125.0, 0.0, -28.0, 8.0], [125.0, 25.0, -28.0, 8.0], [125.0, 50.0, -28.0, 8.0], [126.69070738193159, 76.90761889907589, -28.0, 8.0], [114.51181381324014, 101.81248635136953, -28.0, 8.0], [105.46508022811146, 121.62614014240258, -28.0, 8.0], [91.77044892079964, 143.85156500177627, -28.0, 8.0], [74.4309382583696, 152.81076374040876, -28.0, 8.0], [49.4461675828922, 151.93827632284624, -28.0, 8.0], [28.967366475667408, 166.2776872316224, -28.0, 8.0], [8.488565368442611, 180.61709814039855, -28.0, 8.0]], "sample_nodes": [[125.0, 25.0, -28.0, 8.0], [124.99123543469341, 27.7728748892592, -28.0, 8.0], [124.96932402142694, 30.538395445740512, -28.0, 8.0], [124.94083918418053, 33.3002388358329, -28.0, 8.0], [124.91235434693408, 36.062082225925295, -28.0, 8.0], [124.8904429336676, 38.827602782406615, -28.0, 8.0], [124.88167836836101, 41.6004776716658, -28.0, 8.0], [124.89263407499426, 44.384384060091804, -28.0, 8.0], [124.92988347754726, 47.18299911407357, -28.0, 8.0], [125.0, 50.0, -28.0, 8.0], [125.18689322591919, 52.9602278544112, -28.0, 8.0], [125.52120988907474, 55.95947103222404, -28.0, 8.0], [125.93987171099215, 58.98417020685416, -28.0, 8.0], [126.37980041319713, 62.02076605171725, -28.0, 8.0], [126.77791771721529, 65.055699240229, -28.0, 8.0], [127.07114534457219, 68.07541044580505, -28.0, 8.0], [127.19640501679348, 71.0663403418611, -28.0, 8.0], [127.09061845540474, 74.01492960181284, -28.0, 8.0], [126.69070738193159, 76.90761889907589, -28.0, 8.0], [125.94013310937044, 79.79489702339212, -28.0, 8.0], [124.88448179675464, 82.65511358862622, -28.0, 8.0], [123.58993259082612, 85.48700169549728, -28.0, 8.0], [122.12266463832697, 88.28929444472445, -28.0, 8.0], [120.54885708599909, 91.06072493702675, -28.0, 8.0], [118.93468908058446, 93.80002627312331, -28.0, 8.0], [117.34633976882513, 96.50593155373325, -28.0, 8.0], [115.849988297463, 99.1771738795756, -28.0, 8.0], [114.51181381324014, 101.81248635136953, -28.0, 8.0], [113.45263490851278, 104.10474044239717, -28.0, 8.0], [112.45447117250218, 106.34943236558098, -28.0, 8.0], [111.49695749191794, 108.55722408537528, -28.0, 8.0], [110.55972875346987, 110.73877756623435, -28.0, 8.0], [109.62241984386763, 112.90475477261253, -28.0, 8.0], [108.66466564982096, 115.06581766896412, -28.0, 8.0], [107.66610105803954, 117.23262821974345, -28.0, 8.0], [106.60636095523314, 119.41584838940486, -28.0, 8.0], [105.46508022811146, 121.62614014240259, -28.0, 8.0], [104.15479225741107, 124.14095966945148, -28.0, 8.0], [102.81911990313203, 126.77199266808515, -28.0, 8.0], [101.4462988585818, 129.46457680662354, -28.0, 8.0], [100.02456481706774, 132.16404975338676, -28.0, 8.0], [98.54215347189728, 134.81574917669482, -28.0, 8.0], [96.98730051637784, 137.36501274486778, -28.0, 8.0], [95.3482416438168, 139.75717812622563, -28.0, 8.0], [93.6132125475216, 141.93758298908844, -28.0, 8.0], [91.77044892079965, 143.8515650017763, -28.0, 8.0], [90.0920556117065, 145.3147215252592, -28.0, 8.0], [88.34531012157643, 146.6572602162087, -28.0, 8.0], [86.53291135084682, 147.88076478889258, -28.0, 8.0], [84.65755819995496, 148.98681895757846, -28.0, 8.0], [82.72194956933822, 149.97700643653408, -28.0, 8.0], [80.72878435943399, 150.8529109400272, -28.0, 8.0], [78.68076147067954, 151.61611618232547, -28.0, 8.0], [76.5805798035123, 152.26820587769677, -28.0, 8.0], [74.4309382583696, 152.81076374040873, -28.0, 8.0], [71.87997006746981, 153.14362636011134, -28.0, 8.0], [69.17480247951859, 153.11069151166308, -28.0, 8.0], [66.35740122471205, 152.82267893147514, -28.0, 8.0], [63.46973203324629, 152.3903083559589, -28.0, 8.0], [60.55376063531739, 151.92429952152554, -28.0, 8.0], [57.65145276112143, 151.5353721645863, -28.0, 8.0], [54.80477414085451, 151.33424602155256, -28.0, 8.0], [52.05569050471275, 151.43164082883544, -28.0, 8.0], [49.4461675828922, 151.93827632284624, -28.0, 8.0], [46.972952334786186, 152.86380655215768, -28.0, 8.0], [44.59245250989524, 154.1023388046448, -28.0, 8.0], [42.286125023576346, 155.59127267567246, -28.0, 8.0], [40.035426791186495, 157.2680077606056, -28.0, 8.0], [37.82181472808268, 159.06994365480892, -28.0, 8.0], [35.62674574962186, 160.93447995364744, -28.0, 8.0], [33.43167677116107, 162.79901625248596, -28.0, 8.0], [31.218064708057256, 164.60095214668934, -28.0, 8.0], [28.967366475667408, 166.2776872316224, -28.0, 8.0]], "num_spline_nodes": 10, "road_bbox_size": [0.0, 0.0, 250.0, 250.0], "distance_to_boundary": -0.6253646671524984}, "seed": {"control_nodes": [[125.0, 0.0, -28.0, 8.0], [125.0, 25.0, -28.0, 8.0], [125.0, 50.0, -28.0, 8.0], [116.69070738193159, 68.90761889907589, -28.0, 8.0], [114.51181381324014, 106.81248635136953, -28.0, 8.0], [108.46508022811146, 116.62614014240258, -28.0, 8.0], [88.77044892079964, 143.85156500177627, -28.0, 8.0], [74.4309382583696, 152.81076374040876, -28.0, 8.0], [49.4461675828922, 151.93827632284624, -28.0, 8.0], [28.967366475667408, 166.2776872316224, -28.0, 8.0], [8.488565368442611, 180.61709814039855, -28.0, 8.0]],