{"name": "Road431", "members_distance": null, "m1": {"control_nodes": [[125.0, 0.0, -28.0, 8.0], [125.0, 25.0, -28.0, 8.0], [125.0, 50.0, -28.0, 8.0], [114.69070738193159, 73.90761889907589, -28.0, 8.0], [115.51181381324014, 100.81248635136953, -28.0, 8.0], [112.46508022811146, 118.62614014240258, -28.0, 8.0], [100.77044892079964, 143.85156500177627, -28.0, 8.0], [74.4309382583696, 152.81076374040876, -28.0, 8.0], [49.4461675828922, 151.93827632284624, -28.0, 8.0], [28.967366475667408, 166.2776872316224, -28.0, 8.0], [8.488565368442611, 180.61709814039855, -28.0, 8.0]], "sample_nodes": [[125.0, 25.0, -28.0, 8.0], [125.05486779306979, 27.786319634657705, -28.0, 8.0], [125.1920372757443, 30.58545205463529, -28.0, 8.0], [125.37035760322112, 33.390990867272826, -28.0, 8.0], [125.54867793069795, 36.19652967991037, -28.0, 8.0], [125.68584741337244, 38.995662099887966, -28.0, 8.0], [125.74071520644222, 41.78198173454567, -28.0, 8.0], [125.672130465105, 44.54908219122353, -28.0, 8.0], [125.43894234455834, 47.29055707726163, -28.0, 8.0], [125.0, 50.0, -28.0, 8.0], [124.25115937818936, 52.7136766746515, -28.0, 8.0], [123.19730605174165, 55.37315767913651, -28.0, 8.0], [121.9266630009564, 57.995533167659815, -28.0, 8.0], [120.52745320613315, 60.597893294426356, -28.0, 8.0], [119.08789964757148, 63.197328213640866, -28.0, 8.0], [117.69622530557095, 65.81092807950826, -28.0, 8.0], [116.44065316043111, 68.45578304623334, -28.0, 8.0], [115.40940619245144, 71.14898326802091, -28.0, 8.0], [114.69070738193159, 73.90761889907589, -28.0, 8.0], [114.30901410175987, 76.81330764818392, -28.0, 8.0], [114.20291013144531, 79.81958010914687, -28.0, 8.0], [114.3049565519164, 82.89230122343547, -28.0, 8.0], [114.54771444410176, 85.99733593252053, -28.0, 8.0], [114.86374488892983, 89.10054917787281, -28.0, 8.0], [115.18560896732916, 92.16780590096306, -28.0, 8.0], [115.44586776022832, 95.16497104326209, -28.0, 8.0], [115.57708234855582, 98.05790954624068, -28.0, 8.0], [115.51181381324014, 100.81248635136953, -28.0, 8.0], [115.35161088272945, 102.9467432825901, -28.0, 8.0], [115.16936021904681, 104.98402718805359, -28.0, 8.0], [114.95540481247386, 106.94929485748983, -28.0, 8.0], [114.7000876532922, 108.86750308062855, -28.0, 8.0], [114.39375173178351, 110.76360864719958, -28.0, 8.0], [114.02674003822946, 112.66256834693269, -28.0, 8.0], [113.58939556291163, 114.58933896955767, -28.0, 8.0], [113.07206129611176, 116.56887730480439, -28.0, 8.0], [112.46508022811147, 118.62614014240259, -28.0, 8.0], [111.63071422510222, 121.36608595866934, -28.0, 8.0], [110.73645107573903, 124.31122452300573, -28.0, 8.0], [109.75813554178993, 127.38035313996492, -28.0, 8.0], [108.67161238502287, 130.49226911410005, -28.0, 8.0], [107.45272636720595, 133.56576974996432, -28.0, 8.0], [106.07732225010716, 136.5196523521109, -28.0, 8.0], [104.52124479549447, 139.27271422509295, -28.0, 8.0], [102.76033876513597, 141.7437526734637, -28.0, 8.0], [100.77044892079964, 143.85156500177627, -28.0, 8.0], [98.48672401191004, 145.61715758081684, -28.0, 8.0], [95.9018395007513, 147.13133013327206, -28.0, 8.0], [93.07598299683853, 148.41932059347945, -28.0, 8.0], [90.06934210968677, 149.5063668957763, -28.0, 8.0], [86.94210444881104, 150.41770697449988, -28.0, 8.0], [83.75445762372641, 151.17857876398762, -28.0, 8.0], [80.56658924394793, 151.81422019857675, -28.0, 8.0], [77.43868691899064, 152.34986921260472, -28.0, 8.0], [74.4309382583696, 152.81076374040873, -28.0, 8.0], [71.63083637520153, 153.0304605439212, -28.0, 8.0], [68.79331651323278, 152.93740635562193, -28.0, 8.0], [65.93698811900933, 152.6317116166543, -28.0, 8.0], [63.080460639077096, 152.21348676816183, -28.0, 8.0], [60.242343519982015, 151.78284225128783, -28.0, 8.0], [57.441246208270066, 151.43988850717588, -28.0, 8.0], [54.69577815048714, 151.28473597696933, -28.0, 8.0], [52.0245487931792, 151.41749510181165, -28.0, 8.0], [49.446167582892194, 151.9382763228462, -28.0, 8.0], [46.972952334786186, 152.86380655215768, -28.0, 8.0], [44.59245250989524, 154.1023388046448, -28.0, 8.0], [42.286125023576346, 155.59127267567246, -28.0, 8.0], [40.035426791186495, 157.2680077606056, -28.0, 8.0], [37.82181472808268, 159.06994365480892, -28.0, 8.0], [35.62674574962186, 160.93447995364744, -28.0, 8.0], [33.43167677116107, 162.79901625248596, -28.0, 8.0], [31.218064708057256, 164.60095214668934, -28.0, 8.0], [28.967366475667408, 166.2776872316224, -28.0, 8.0]], "num_spline_nodes": 10, "road_bbox_size": [0.0, 0.0, 250.0, 250.0], "distance_to_boundary": -0.539393251053514}, "seed": {"control_nodes": [[125.0, 0.0, -28.0, 8.0], [125.0, 25.0, -28.0, 8.0], [125.0, 50.0, -28.0, 8.0], [114.69070738193159, 73.90761889907589, -28.0, 8.0], [115.51181381324014, 100.81248635136953, -28.0, 8.0], [112.46508022811146, 118.62614014240258, -28.0, 8.0], [96.77044892079964, 143.85156500177627, -28.0, 8.0], [74.4309382583696, 152.81076374040876, -28.0, 8.0], [49.4461675828922, 151.93827632284624, -28.0, 8.0], [28.967366475667408, 166.2776872316224, -28.0, 8.0], [8.488565368442611, 180.61709814039855, -28.0, 8.0]],