{"name": "Road451", "members_distance": null, "m1": {"control_nodes": [[125.0, 0.0, -28.0, 8.0], [125.0, 25.0, -28.0, 8.0], [125.0, 50.0, -28.0, 8.0], [114.69070738193159, 73.90761889907589, -28.0, 8.0], [115.51181381324014, 100.81248635136953, -28.0, 8.0], [112.46508022811146, 118.62614014240258, -28.0, 8.0], [100.77044892079964, 139.85156500177627, -28.0, 8.0], [74.4309382583696, 152.81076374040876, -28.0, 8.0], [49.4461675828922, 151.93827632284624, -28.0, 8.0], [28.967366475667408, 166.2776872316224, -28.0, 8.0], [8.488565368442611, 180.61709814039855, -28.0, 8.0]], "sample_nodes": [[125.0, 25.0, -28.0, 8.0], [125.05486779306979, 27.786319634657705, -28.0, 8.0], [125.1920372757443, 30.58545205463529, -28.0, 8.0], [125.37035760322112, 33.390990867272826, -28.0, 8.0], [125.54867793069795, 36.19652967991037, -28.0, 8.0], [125.68584741337244, 38.995662099887966, -28.0, 8.0], [125.74071520644222, 41.78198173454567, -28.0, 8.0], [125.672130465105, 44.54908219122353, -28.0, 8.0], [125.43894234455834, 47.29055707726163, -28.0, 8.0], [125.0, 50.0, -28.0, 8.0], [124.25115937818936, 52.7136766746515, -28.0, 8.0], [123.19730605174165, 55.37315767913651, -28.0, 8.0], [121.9266630009564, 57.995533167659815, -28.0, 8.0], [120.52745320613315, 60.597893294426356, -28.0, 8.0], [119.08789964757148, 63.197328213640866, -28.0, 8.0], [117.69622530557095, 65.81092807950826, -28.0, 8.0], [116.44065316043111, 68.45578304623334, -28.0, 8.0], [115.40940619245144, 71.14898326802091, -28.0, 8.0], [114.69070738193159, 73.90761889907589, -28.0, 8.0], [114.30901410175987, 76.81330764818392, -28.0, 8.0], [114.20291013144531, 79.81958010914687, -28.0, 8.0], [114.3049565519164, 82.89230122343547, -28.0, 8.0], [114.54771444410176, 85.99733593252053, -28.0, 8.0], [114.86374488892983, 89.10054917787281, -28.0, 8.0], [115.18560896732916, 92.16780590096306, -28.0, 8.0], [115.44586776022832, 95.16497104326209, -28.0, 8.0], [115.57708234855582, 98.05790954624068, -28.0, 8.0], [115.51181381324014, 100.81248635136953, -28.0, 8.0], [115.35621485059553, 102.95648029045658, -28.0, 8.0], [115.18547410657808, 105.01810671558627, -28.0, 8.0], [114.98648159556988, 107.01501966058856, -28.0, 8.0], [114.74612733195298, 108.96487315929335, -28.0, 8.0], [114.45130133010949, 110.88532124553056, -28.0, 8.0], [114.08889360442151, 112.79401795313018, -28.0, 8.0], [113.64579416927108, 114.70861731592206, -28.0, 8.0], [113.1088930390404, 116.64677336773623, -28.0, 8.0], [112.46508022811146, 118.62614014240258, -28.0, 8.0], [111.61432847544307, 121.00575054018883, -28.0, 8.0], [110.67913439371551, 123.4726115234609, -28.0, 8.0], [109.64761772474829, 125.98705535652607, -28.0, 8.0], [108.50789821036079, 128.50941430369153, -28.0, 8.0], [107.2480955923725, 131.00002062926453, -28.0, 8.0], [105.85632961260276, 133.41920659755223, -28.0, 8.0], [104.32072001287109, 135.727304472862, -28.0, 8.0], [102.62938653499691, 137.8846465195009, -28.0, 8.0], [100.77044892079965, 139.8515650017763, -28.0, 8.0], [98.46754569100155, 141.84927644654334, -28.0, 8.0], [95.88052680416271, 143.7417501091032, -28.0, 8.0], [93.06433014194049, 145.51432355963664, -28.0, 8.0], [90.07389358599227, 147.15233436832455, -28.0, 8.0], [86.96415501797546, 148.64112010534765, -28.0, 8.0], [83.79005231954736, 149.96601834088682, -28.0, 8.0], [80.60652337236544, 151.11236664512282, -28.0, 8.0], [77.46850605808704, 152.0655025882365, -28.0, 8.0], [74.4309382583696, 152.81076374040873, -28.0, 8.0], [71.65867191089862, 153.17101621880275, -28.0, 8.0], [68.83593967726897, 153.15263223278427, -28.0, 8.0], [65.98396058549817, 152.8688993180169, -28.0, 8.0], [63.123953663603814, 152.43310501016424, -28.0, 8.0], [60.27713793960339, 151.95853684488978, -28.0, 8.0], [57.46473244151449, 151.5584823578572, -28.0, 8.0], [54.70795619735462, 151.34622908473006, -28.0, 8.0], [52.02802823514135, 151.43506456117186, -28.0, 8.0], [49.4461675828922, 151.93827632284624, -28.0, 8.0], [46.972952334786186, 152.86380655215768, -28.0, 8.0], [44.59245250989524, 154.1023388046448, -28.0, 8.0], [42.286125023576346, 155.59127267567246, -28.0, 8.0], [40.035426791186495, 157.2680077606056, -28.0, 8.0], [37.82181472808268, 159.06994365480892, -28.0, 8.0], [35.62674574962186, 160.93447995364744, -28.0, 8.0], [33.43167677116107, 162.79901625248596, -28.0, 8.0], [31.218064708057256, 164.60095214668934, -28.0, 8.0], [28.967366475667408, 166.2776872316224, -28.0, 8.0]], "num_spline_nodes": 10, "road_bbox_size": [0.0, 0.0, 250.0, 250.0], "distance_to_boundary": -0.5793537743989168}, "seed": {"control_nodes": [[125.0, 0.0, -28.0, 8.0], [125.0, 25.0, -28.0, 8.0], [125.0, 50.0, -28.0, 8.0], [114.69070738193159, 73.90761889907589, -28.0, 8.0], [115.51181381324014, 100.81248635136953, -28.0, 8.0], [112.46508022811146, 118.62614014240258, -28.0, 8.0], [96.77044892079964, 143.85156500177627, -28.0, 8.0], [74.4309382583696, 152.81076374040876, -28.0, 8.0], [49.4461675828922, 151.93827632284624, -28.0, 8.0], [28.967366475667408, 166.2776872316224, -28.0, 8.0], [8.488565368442611, 180.61709814039855, -28.0, 8.0]],