{"name": "Road163", "members_distance": null, "m1": {"control_nodes": [[125.0, 0.0, -28.0, 8.0], [125.0, 25.0, -28.0, 8.0], [125.0, 50.0, -28.0, 8.0], [121.69070738193159, 76.90761889907589, -28.0, 8.0], [114.51181381324014, 101.81248635136953, -28.0, 8.0], [110.46508022811146, 120.62614014240258, -28.0, 8.0], [91.77044892079964, 143.85156500177627, -28.0, 8.0], [74.4309382583696, 152.81076374040876, -28.0, 8.0], [49.4461675828922, 151.93827632284624, -28.0, 8.0], [28.967366475667408, 166.2776872316224, -28.0, 8.0], [8.488565368442611, 180.61709814039855, -28.0, 8.0]], "sample_nodes": [[125.0, 25.0, -28.0, 8.0], [125.01708370665703, 27.773266838339165, -28.0, 8.0], [125.05979297329962, 30.5397672675204, -28.0, 8.0], [125.11531501993497, 33.30288449212268, -28.0, 8.0], [125.17083706657031, 36.06600171672497, -28.0, 8.0], [125.21354633321289, 38.832502145906204, -28.0, 8.0], [125.23063003986991, 41.60576898424536, -28.0, 8.0], [125.20927540654864, 44.38918543632141, -28.0, 8.0], [125.13666965325625, 47.18613470671331, -28.0, 8.0], [125.0, 50.0, -28.0, 8.0], [124.80288352121877, 52.95857363661533, -28.0, 8.0], [124.5698595172569, 55.94744927640287, -28.0, 8.0], [124.2980402095128, 58.95697911049758, -28.0, 8.0], [123.98453781938493, 61.97751533003448, -28.0, 8.0], [123.62646456827154, 64.99941012614852, -28.0, 8.0], [123.22093267757114, 68.0130156899747, -28.0, 8.0], [122.76505436868212, 71.008684212648, -28.0, 8.0], [122.25594186300277, 73.9767678853034, -28.0, 8.0], [121.69070738193159, 76.90761889907589, -28.0, 8.0], [121.04956131854713, 79.75390118583758, -28.0, 8.0], [120.30624209973224, 82.59875453587202, -28.0, 8.0], [119.48776942307339, 85.43431905148421, -28.0, 8.0], [118.62116298615706, 88.25273483497911, -28.0, 8.0], [117.73344248656971, 91.04614198866173, -28.0, 8.0], [116.85162762189788, 93.80668061483709, -28.0, 8.0], [116.00273808972804, 96.52649081581019, -28.0, 8.0], [115.21379358764662, 99.19771269388599, -28.0, 8.0], [114.51181381324014, 101.81248635136953, -28.0, 8.0], [114.0289003289582, 104.01116514044647, -28.0, 8.0], [113.66719428054827, 106.16057625100069, -28.0, 8.0], [113.37831495470105, 108.27023374393895, -28.0, 8.0], [113.11388163810722, 110.34965168016775, -28.0, 8.0], [112.82551361745735, 112.4083441205938, -28.0, 8.0], [112.4648301794422, 114.45582512612367, -28.0, 8.0], [111.98345061075239, 116.50160875766403, -28.0, 8.0], [111.33299419807861, 118.55520907612146, -28.0, 8.0], [110.46508022811147, 120.62614014240259, -28.0, 8.0], [109.0693653397923, 123.28980848880649, -28.0, 8.0], [107.38689125544964, 126.05966706113554, -28.0, 8.0], [105.46754051965982, 128.88130587853783, -28.0, 8.0], [103.36119567699905, 131.7003149601613, -28.0, 8.0], [101.1177392720436, 134.46228432515397, -28.0, 8.0], [98.78705384936964, 137.1128039926638, -28.0, 8.0], [96.41902195355354, 139.5974639818388, -28.0, 8.0], [94.06352612917144, 141.86185431182693, -28.0, 8.0], [91.77044892079965, 143.8515650017763, -28.0, 8.0], [89.95514357647153, 145.2831666824736, -28.0, 8.0], [88.13566356762288, 146.60894186319328, -28.0, 8.0], [86.30187229138778, 147.82751599169183, -28.0, 8.0], [84.4436331449003, 148.93751451572592, -28.0, 8.0], [82.55080952529451, 149.93756288305207, -28.0, 8.0], [80.61326482970446, 150.82628654142684, -28.0, 8.0], [78.62086245526426, 151.60231093860685, -28.0, 8.0], [76.56346579910793, 152.2642615223486, -28.0, 8.0], [74.4309382583696, 152.81076374040876, -28.0, 8.0], [71.87997006746981, 153.14362636011134, -28.0, 8.0], [69.17480247951859, 153.11069151166308, -28.0, 8.0], [66.35740122471205, 152.82267893147514, -28.0, 8.0], [63.46973203324629, 152.3903083559589, -28.0, 8.0], [60.55376063531739, 151.92429952152554, -28.0, 8.0], [57.65145276112143, 151.5353721645863, -28.0, 8.0], [54.80477414085451, 151.33424602155256, -28.0, 8.0], [52.05569050471275, 151.43164082883544, -28.0, 8.0], [49.4461675828922, 151.93827632284624, -28.0, 8.0], [46.972952334786186, 152.86380655215768, -28.0, 8.0], [44.59245250989524, 154.1023388046448, -28.0, 8.0], [42.286125023576346, 155.59127267567246, -28.0, 8.0], [40.035426791186495, 157.2680077606056, -28.0, 8.0], [37.82181472808268, 159.06994365480892, -28.0, 8.0], [35.62674574962186, 160.93447995364744, -28.0, 8.0], [33.43167677116107, 162.79901625248596, -28.0, 8.0], [31.218064708057256, 164.60095214668934, -28.0, 8.0], [28.967366475667408, 166.2776872316224, -28.0, 8.0]], "num_spline_nodes": 10, "road_bbox_size": [0.0, 0.0, 250.0, 250.0], "distance_to_boundary": -0.5175674154460879}, "seed": {"control_nodes": [[125.0, 0.0, -28.0, 8.0], [125.0, 25.0, -28.0, 8.0], [125.0, 50.0, -28.0, 8.0], [116.69070738193159, 68.90761889907589, -28.0, 8.0], [114.51181381324014, 106.81248635136953, -28.0, 8.0], [108.46508022811146, 116.62614014240258, -28.0, 8.0], [88.77044892079964, 143.85156500177627, -28.0, 8.0], [74.4309382583696, 152.81076374040876, -28.0, 8.0], [49.4461675828922, 151.93827632284624, -28.0, 8.0], [28.967366475667408, 166.2776872316224, -28.0, 8.0], [8.488565368442611, 180.61709814039855, -28.0, 8.0]],