{"name": "Road91", "members_distance": null, "m1": {"control_nodes": [[125.0, 0.0, -28.0, 8.0], [125.0, 25.0, -28.0, 8.0], [125.0, 50.0, -28.0, 8.0], [121.69070738193159, 75.90761889907589, -28.0, 8.0], [114.51181381324014, 106.81248635136953, -28.0, 8.0], [108.46508022811146, 120.62614014240258, -28.0, 8.0], [88.77044892079964, 143.85156500177627, -28.0, 8.0], [74.4309382583696, 152.81076374040876, -28.0, 8.0], [49.4461675828922, 151.93827632284624, -28.0, 8.0], [28.967366475667408, 166.2776872316224, -28.0, 8.0], [8.488565368442611, 180.61709814039855, -28.0, 8.0]], "sample_nodes": [[125.0, 25.0, -28.0, 8.0], [125.0175707475279, 27.775894627776267, -28.0, 8.0], [125.06149761634767, 30.548964530550265, -28.0, 8.0], [125.11860254581333, 33.320622070823134, -28.0, 8.0], [125.175707475279, 36.092279611096004, -28.0, 8.0], [125.21963434409875, 38.86534951387001, -28.0, 8.0], [125.23720509162663, 41.64124414164627, -28.0, 8.0], [125.2152416572168, 44.42137585692594, -28.0, 8.0], [125.1405659802232, 47.20715702221015, -28.0, 8.0], [125.0, 50.0, -28.0, 8.0], [124.79588006062184, 52.851753520971975, -28.0, 8.0], [124.54801261185152, 55.694186971674526, -28.0, 8.0], [124.2576202390992, 58.53417368234608, -28.0, 8.0], [123.92592552777501, 61.37858698322506, -28.0, 8.0], [123.55415106328911, 64.23430020454987, -28.0, 8.0], [123.14351943105169, 67.10818667655892, -28.0, 8.0], [122.69525321647285, 70.00711972949067, -28.0, 8.0], [122.21057500496279, 72.93797269358353, -28.0, 8.0], [121.69070738193159, 75.90761889907589, -28.0, 8.0], [121.06594653722429, 79.30390472430534, -28.0, 8.0], [120.3805031487603, 82.85679022678697, -28.0, 8.0], [119.64185966426489, 86.50318858085589, -28.0, 8.0], [118.85749853146316, 90.18001296084725, -28.0, 8.0], [118.03490219808026, 93.82417654109611, -28.0, 8.0], [117.18155311184138, 97.37259249593768, -28.0, 8.0], [116.30493372047161, 100.76217399970699, -28.0, 8.0], [115.41252647169614, 103.92983422673925, -28.0, 8.0], [114.51181381324012, 106.81248635136951, -28.0, 8.0], [113.91468787192011, 108.60427392233765, -28.0, 8.0], [113.35224472625043, 110.25304603541916, -28.0, 8.0], [112.80161317674703, 111.79256604937885, -28.0, 8.0], [112.23992202392589, 113.25659732298138, -28.0, 8.0], [111.64430006830287, 114.67890321499152, -28.0, 8.0], [110.99187611039399, 116.093247084174, -28.0, 8.0], [110.25977895071517, 117.53339228929349, -28.0, 8.0], [109.42513738978235, 119.03310218911479, -28.0, 8.0], [108.46508022811146, 120.62614014240258, -28.0, 8.0], [106.84602832220688, 123.0919236750601, -28.0, 8.0], [104.95456319489652, 125.75021043097948, -28.0, 8.0], [102.84644332018566, 128.53080108906582, -28.0, 8.0], [100.57742717207942, 131.36349632822424, -28.0, 8.0], [98.20327322458301, 134.17809682735987, -28.0, 8.0], [95.77973995170163, 136.90440326537777, -28.0, 8.0], [93.36258582744048, 139.47221632118305, -28.0, 8.0], [91.00756932580475, 141.81133667368084, -28.0, 8.0], [88.77044892079965, 143.8515650017763, -28.0, 8.0], [87.19531839771284, 145.20785404853993, -28.0, 8.0], [85.67220469798767, 146.48935251480657, -28.0, 8.0], [84.17687042167566, 147.68945395076253, -28.0, 8.0], [82.68507816882848, 148.8015519065941, -28.0, 8.0], [81.17259053949768, 149.81903993248775, -28.0, 8.0], [79.61517013373481, 150.73531157862968, -28.0, 8.0], [77.98857955159143, 151.54376039520625, -28.0, 8.0], [76.26858139311918, 152.23777993240387, -28.0, 8.0], [74.4309382583696, 152.81076374040873, -28.0, 8.0], [71.99376527834265, 153.19719236001234, -28.0, 8.0], [69.34905139616761, 153.19271444901142, -28.0, 8.0], [66.54943064305996, 152.91307155630807, -28.0, 8.0], [63.64753705023509, 152.47400523080418, -28.0, 8.0], [60.69600464890842, 151.99125702140174, -28.0, 8.0], [57.74746747029538, 151.58056847700277, -28.0, 8.0], [54.85455954561138, 151.3576811465092, -28.0, 8.0], [52.06991490607185, 151.43833657882305, -28.0, 8.0], [49.44616758289221, 151.93827632284626, -28.0, 8.0], [46.972952334786186, 152.86380655215768, -28.0, 8.0], [44.59245250989524, 154.1023388046448, -28.0, 8.0], [42.286125023576346, 155.59127267567246, -28.0, 8.0], [40.035426791186495, 157.2680077606056, -28.0, 8.0], [37.82181472808268, 159.06994365480892, -28.0, 8.0], [35.62674574962186, 160.93447995364744, -28.0, 8.0], [33.43167677116107, 162.79901625248596, -28.0, 8.0], [31.218064708057256, 164.60095214668934, -28.0, 8.0], [28.967366475667408, 166.2776872316224, -28.0, 8.0]], "num_spline_nodes": 10, "road_bbox_size": [0.0, 0.0, 250.0, 250.0], "distance_to_boundary": -0.5823634115343972}, "seed": {"control_nodes": [[125.0, 0.0, -28.0, 8.0], [125.0, 25.0, -28.0, 8.0], [125.0, 50.0, -28.0, 8.0], [116.69070738193159, 68.90761889907589, -28.0, 8.0], [114.51181381324014, 106.81248635136953, -28.0, 8.0], [108.46508022811146, 116.62614014240258, -28.0, 8.0], [88.77044892079964, 143.85156500177627, -28.0, 8.0], [74.4309382583696, 152.81076374040876, -28.0, 8.0], [49.4461675828922, 151.93827632284624, -28.0, 8.0], [28.967366475667408, 166.2776872316224, -28.0, 8.0], [8.488565368442611, 180.61709814039855, -28.0, 8.0]],