{"name": "Road110", "members_distance": null, "m1": {"control_nodes": [[125.0, 0.0, -28.0, 8.0], [125.0, 25.0, -28.0, 8.0], [125.0, 50.0, -28.0, 8.0], [121.69070738193159, 76.90761889907589, -28.0, 8.0], [114.51181381324014, 106.81248635136953, -28.0, 8.0], [108.46508022811146, 120.62614014240258, -28.0, 8.0], [88.77044892079964, 143.85156500177627, -28.0, 8.0], [74.4309382583696, 152.81076374040876, -28.0, 8.0], [49.4461675828922, 151.93827632284624, -28.0, 8.0], [28.967366475667408, 166.2776872316224, -28.0, 8.0], [8.488565368442611, 180.61709814039855, -28.0, 8.0]], "sample_nodes": [[125.0, 25.0, -28.0, 8.0], [125.01708370665703, 27.773266838339165, -28.0, 8.0], [125.05979297329962, 30.5397672675204, -28.0, 8.0], [125.11531501993497, 33.30288449212268, -28.0, 8.0], [125.17083706657031, 36.06600171672497, -28.0, 8.0], [125.21354633321289, 38.832502145906204, -28.0, 8.0], [125.23063003986991, 41.60576898424536, -28.0, 8.0], [125.20927540654864, 44.38918543632141, -28.0, 8.0], [125.13666965325625, 47.18613470671331, -28.0, 8.0], [125.0, 50.0, -28.0, 8.0], [124.79873910389084, 52.94438590694773, -28.0, 8.0], [124.55535405660915, 55.89779222256627, -28.0, 8.0], [124.27006539254926, 58.86121193524126, -28.0, 8.0], [123.9430936461056, 61.83563803335845, -28.0, 8.0], [123.57465935167238, 64.82206350530348, -28.0, 8.0], [123.16498304364404, 67.82148133946207, -28.0, 8.0], [122.71428525641491, 70.83488452421986, -28.0, 8.0], [122.22278652437932, 73.86326604796258, -28.0, 8.0], [121.69070738193159, 76.90761889907589, -28.0, 8.0], [121.06791358281794, 80.23966053408296, -28.0, 8.0], [120.38166283897463, 83.6966766724889, -28.0, 8.0], [119.64041587223026, 87.22411267875647, -28.0, 8.0], [118.85263340441338, 90.7674139173484, -28.0, 8.0], [118.02677615735251, 94.27202575272744, -28.0, 8.0], [117.1713048528762, 97.68339354935632, -28.0, 8.0], [116.29468021281303, 100.94696267169783, -28.0, 8.0], [115.40536295899146, 104.00817848421462, -28.0, 8.0], [114.51181381324014, 106.81248635136953, -28.0, 8.0], [113.91224171933155, 108.59352883804983, -28.0, 8.0], [113.34849905509925, 110.23659262510351, -28.0, 8.0], [112.7974852942539, 111.7744337196432, -28.0, 8.0], [112.23609991050628, 113.2398081287817, -28.0, 8.0], [111.6412423775672, 114.66547185963177, -28.0, 8.0], [110.98981216914743, 116.08418091930616, -28.0, 8.0], [110.25870875895768, 117.52869131491758, -28.0, 8.0], [109.42483162070877, 119.03175905357881, -28.0, 8.0], [108.46508022811146, 120.62614014240256, -28.0, 8.0], [106.84602832220688, 123.0919236750601, -28.0, 8.0], [104.95456319489652, 125.75021043097948, -28.0, 8.0], [102.84644332018566, 128.53080108906582, -28.0, 8.0], [100.57742717207942, 131.36349632822424, -28.0, 8.0], [98.20327322458301, 134.17809682735987, -28.0, 8.0], [95.77973995170163, 136.90440326537777, -28.0, 8.0], [93.36258582744048, 139.47221632118305, -28.0, 8.0], [91.00756932580475, 141.81133667368084, -28.0, 8.0], [88.77044892079965, 143.8515650017763, -28.0, 8.0], [87.19531839771284, 145.20785404853993, -28.0, 8.0], [85.67220469798767, 146.48935251480657, -28.0, 8.0], [84.17687042167566, 147.68945395076253, -28.0, 8.0], [82.68507816882848, 148.8015519065941, -28.0, 8.0], [81.17259053949768, 149.81903993248775, -28.0, 8.0], [79.61517013373481, 150.73531157862968, -28.0, 8.0], [77.98857955159143, 151.54376039520625, -28.0, 8.0], [76.26858139311918, 152.23777993240387, -28.0, 8.0], [74.4309382583696, 152.81076374040873, -28.0, 8.0], [71.99376527834265, 153.19719236001234, -28.0, 8.0], [69.34905139616761, 153.19271444901142, -28.0, 8.0], [66.54943064305996, 152.91307155630807, -28.0, 8.0], [63.64753705023509, 152.47400523080418, -28.0, 8.0], [60.69600464890842, 151.99125702140174, -28.0, 8.0], [57.74746747029538, 151.58056847700277, -28.0, 8.0], [54.85455954561138, 151.3576811465092, -28.0, 8.0], [52.06991490607185, 151.43833657882305, -28.0, 8.0], [49.44616758289221, 151.93827632284626, -28.0, 8.0], [46.972952334786186, 152.86380655215768, -28.0, 8.0], [44.59245250989524, 154.1023388046448, -28.0, 8.0], [42.286125023576346, 155.59127267567246, -28.0, 8.0], [40.035426791186495, 157.2680077606056, -28.0, 8.0], [37.82181472808268, 159.06994365480892, -28.0, 8.0], [35.62674574962186, 160.93447995364744, -28.0, 8.0], [33.43167677116107, 162.79901625248596, -28.0, 8.0], [31.218064708057256, 164.60095214668934, -28.0, 8.0], [28.967366475667408, 166.2776872316224, -28.0, 8.0]], "num_spline_nodes": 10, "road_bbox_size": [0.0, 0.0, 250.0, 250.0], "distance_to_boundary": -0.5811213686844661}, "seed": {"control_nodes": [[125.0, 0.0, -28.0, 8.0], [125.0, 25.0, -28.0, 8.0], [125.0, 50.0, -28.0, 8.0], [116.69070738193159, 68.90761889907589, -28.0, 8.0], [114.51181381324014, 106.81248635136953, -28.0, 8.0], [108.46508022811146, 116.62614014240258, -28.0, 8.0], [88.77044892079964, 143.85156500177627, -28.0, 8.0], [74.4309382583696, 152.81076374040876, -28.0, 8.0], [49.4461675828922, 151.93827632284624, -28.0, 8.0], [28.967366475667408, 166.2776872316224, -28.0, 8.0], [8.488565368442611, 180.61709814039855, -28.0, 8.0]],