{"name": "Road468", "members_distance": null, "m1": {"control_nodes": [[125.0, 0.0, -28.0, 8.0], [125.0, 25.0, -28.0, 8.0], [125.0, 50.0, -28.0, 8.0], [118.69070738193159, 74.90761889907589, -28.0, 8.0], [112.51181381324014, 96.81248635136953, -28.0, 8.0], [107.46508022811146, 116.62614014240258, -28.0, 8.0], [89.77044892079964, 143.85156500177627, -28.0, 8.0], [74.4309382583696, 152.81076374040876, -28.0, 8.0], [49.4461675828922, 151.93827632284624, -28.0, 8.0], [28.967366475667408, 166.2776872316224, -28.0, 8.0], [8.488565368442611, 180.61709814039855, -28.0, 8.0]], "sample_nodes": [[125.0, 25.0, -28.0, 8.0], [125.03391411288499, 27.78012757385278, -28.0, 8.0], [125.11869939509748, 30.563779841818057, -28.0, 8.0], [125.22892026197371, 33.34919445683959, -28.0, 8.0], [125.33914112884992, 36.13460907186113, -28.0, 8.0], [125.42392641106241, 38.918261339826415, -28.0, 8.0], [125.45784052394737, 41.69838891367918, -28.0, 8.0], [125.41544788284118, 44.47322944636321, -28.0, 8.0], [125.27131290307995, 47.24102059082224, -28.0, 8.0], [125.0, 50.0, -28.0, 8.0], [124.57926177315633, 52.796067410005335, -28.0, 8.0], [124.0299835258622, 55.59692901989425, -28.0, 8.0], [123.37722230763836, 58.397470794109836, -28.0, 8.0], [122.64603516800551, 61.19257869709517, -28.0, 8.0], [121.86147915648435, 63.97713869329333, -28.0, 8.0], [121.04861132259565, 66.7460367471474, -28.0, 8.0], [120.23248871586014, 69.49415882310046, -28.0, 8.0], [119.43816838579853, 72.21639088559559, -28.0, 8.0], [118.69070738193159, 74.90761889907589, -28.0, 8.0], [118.00960131211627, 77.41256214335839, -28.0, 8.0], [117.31647049641184, 79.89528745309107, -28.0, 8.0], [116.6158857909094, 82.35770225562567, -28.0, 8.0], [115.91241805170007, 84.80171397831387, -28.0, 8.0], [115.21063813487501, 87.22923004850742, -28.0, 8.0], [114.51511689652537, 89.64215789355805, -28.0, 8.0], [113.83042519274223, 92.04240494081746, -28.0, 8.0], [113.16113387961678, 94.43187861763741, -28.0, 8.0], [112.51181381324014, 96.81248635136953, -28.0, 8.0], [111.96014552714945, 99.04581418453937, -28.0, 8.0], [111.49019854148203, 101.24711501219238, -28.0, 8.0], [111.06597659640994, 103.42670639969899, -28.0, 8.0], [110.65148343210514, 105.59490591242951, -28.0, 8.0], [110.21072278873967, 107.76203111575427, -28.0, 8.0], [109.70769840648555, 109.9383995750436, -28.0, 8.0], [109.10641402551481, 112.13432885566787, -28.0, 8.0], [108.37087338599945, 114.36013652299744, -28.0, 8.0], [107.46508022811145, 116.62614014240256, -28.0, 8.0], [106.07303860053905, 119.63606992619869, -28.0, 8.0], [104.44972583425736, 122.84077276790256, -28.0, 8.0], [102.63275507610417, 126.15839422371103, -28.0, 8.0], [100.65973947291732, 129.5070798498208, -28.0, 8.0], [98.56829217153452, 132.80497520242866, -28.0, 8.0], [96.39602631879356, 135.97022583773133, -28.0, 8.0], [94.18055506153226, 138.92097731192567, -28.0, 8.0], [91.95949154658832, 141.5753751812084, -28.0, 8.0], [89.77044892079964, 143.85156500177627, -28.0, 8.0], [88.17882081134962, 145.31293913184572, -28.0, 8.0], [86.59087470897282, 146.65172112366116, -28.0, 8.0], [84.99295097162144, 147.87053179323613, -28.0, 8.0], [83.37138995724764, 148.9719919565845, -28.0, 8.0], [81.71253202380365, 149.95872242972007, -28.0, 8.0], [80.00271752924166, 150.83334402865654, -28.0, 8.0], [78.22828683151386, 151.59847756940766, -28.0, 8.0], [76.37558028857242, 152.2567438679871, -28.0, 8.0], [74.4309382583696, 152.81076374040876, -28.0, 8.0], [71.95345594594245, 153.17821131370434, -28.0, 8.0], [69.28732773092985, 153.16364972185235, -28.0, 8.0], [66.48140864463466, 152.88104104066332, -28.0, 8.0], [63.584553718359814, 152.44434734594796, -28.0, 8.0], [60.64561798340819, 151.96753071351674, -28.0, 8.0], [57.71345647108273, 151.5645532191804, -28.0, 8.0], [54.8369242126863, 151.34937693874946, -28.0, 8.0], [52.06487623952182, 151.43596394803455, -28.0, 8.0], [49.446167582892194, 151.9382763228462, -28.0, 8.0], [46.972952334786186, 152.86380655215768, -28.0, 8.0], [44.59245250989524, 154.1023388046448, -28.0, 8.0], [42.286125023576346, 155.59127267567246, -28.0, 8.0], [40.035426791186495, 157.2680077606056, -28.0, 8.0], [37.82181472808268, 159.06994365480892, -28.0, 8.0], [35.62674574962186, 160.93447995364744, -28.0, 8.0], [33.43167677116107, 162.79901625248596, -28.0, 8.0], [31.218064708057256, 164.60095214668934, -28.0, 8.0], [28.967366475667408, 166.2776872316224, -28.0, 8.0]], "num_spline_nodes": 10, "road_bbox_size": [0.0, 0.0, 250.0, 250.0], "distance_to_boundary": -0.5019630922618212}, "seed": {"control_nodes": [[125.0, 0.0, -28.0, 8.0], [125.0, 25.0, -28.0, 8.0], [125.0, 50.0, -28.0, 8.0], [116.69070738193159, 72.90761889907589, -28.0, 8.0], [116.51181381324014, 100.81248635136953, -28.0, 8.0], [108.46508022811146, 116.62614014240258, -28.0, 8.0], [88.77044892079964, 143.85156500177627, -28.0, 8.0], [74.4309382583696, 152.81076374040876, -28.0, 8.0], [49.4461675828922, 151.93827632284624, -28.0, 8.0], [28.967366475667408, 166.2776872316224, -28.0, 8.0], [8.488565368442611, 180.61709814039855, -28.0, 8.0]],