{"name": "Road426", "members_distance": null, "m1": {"control_nodes": [[125.0, 0.0, -28.0, 8.0], [125.0, 25.0, -28.0, 8.0], [125.0, 50.0, -28.0, 8.0], [116.69070738193159, 81.90761889907589, -28.0, 8.0], [113.51181381324014, 95.81248635136953, -28.0, 8.0], [108.46508022811146, 118.62614014240258, -28.0, 8.0], [89.77044892079964, 143.85156500177627, -28.0, 8.0], [74.4309382583696, 152.81076374040876, -28.0, 8.0], [49.4461675828922, 151.93827632284624, -28.0, 8.0], [28.967366475667408, 166.2776872316224, -28.0, 8.0], [8.488565368442611, 180.61709814039855, -28.0, 8.0]], "sample_nodes": [[125.0, 25.0, -28.0, 8.0], [125.03695775278433, 27.763557950868893, -28.0, 8.0], [125.12935213474518, 30.505786161374452, -28.0, 8.0], [125.24946483129426, 33.237349501698354, -28.0, 8.0], [125.36957752784332, 35.968912842022256, -28.0, 8.0], [125.46197190980416, 38.71114105252782, -28.0, 8.0], [125.49892966258847, 41.47469900339671, -28.0, 8.0], [125.45273247160809, 44.27025156481059, -28.0, 8.0], [125.29566202227468, 47.10846360695114, -28.0, 8.0], [124.99999999999999, 50.0, -28.0, 8.0], [124.4436742995289, 53.466532301034405, -28.0, 8.0], [123.67004674732999, 57.11030426366266, -28.0, 8.0], [122.73293288326487, 60.863794463746515, -28.0, 8.0], [121.68614824719512, 64.65948147714776, -28.0, 8.0], [120.58350837898227, 68.42984387972812, -28.0, 8.0], [119.47882881848795, 72.10736024734933, -28.0, 8.0], [118.42592510557368, 75.62450915587323, -28.0, 8.0], [117.47861278010105, 78.9137691811615, -28.0, 8.0], [116.69070738193159, 81.90761889907589, -28.0, 8.0], [116.26153731594906, 83.68040266847908, -28.0, 8.0], [115.87521545674394, 85.3092591669554, -28.0, 8.0], [115.5215168231396, 86.83146452880288, -28.0, 8.0], [115.19021643395949, 88.28429488831952, -28.0, 8.0], [114.87108930802694, 89.70502637980329, -28.0, 8.0], [114.55391046416531, 91.13093513755217, -28.0, 8.0], [114.22845492119808, 92.59929729586419, -28.0, 8.0], [113.88449769794855, 94.14738898903731, -28.0, 8.0], [113.51181381324014, 95.81248635136953, -28.0, 8.0], [113.05558599604838, 98.10542444467573, -28.0, 8.0], [112.66123242389816, 100.52229377586123, -28.0, 8.0], [112.29103695331445, 103.03590013525488, -28.0, 8.0], [111.90728344082234, 105.61904931318549, -28.0, 8.0], [111.4722557429468, 108.24454709998193, -28.0, 8.0], [110.94823771621293, 110.885199285973, -28.0, 8.0], [110.29751321714572, 113.51381166148758, -28.0, 8.0], [109.48236610227023, 116.1031900168545, -28.0, 8.0], [108.46508022811147, 118.62614014240259, -28.0, 8.0], [107.00392545450813, 121.56987876504317, -28.0, 8.0], [105.27495290712909, 124.61173602672028, -28.0, 8.0], [103.32693879443923, 127.69456319231837, -28.0, 8.0], [101.20865932490328, 130.76121152672187, -28.0, 8.0], [98.96889070698603, 133.75453229481528, -28.0, 8.0], [96.65640914915227, 136.61737676148297, -28.0, 8.0], [94.31999085986676, 139.29259619160942, -28.0, 8.0], [92.00841204759429, 141.72304185007903, -28.0, 8.0], [89.77044892079965, 143.8515650017763, -28.0, 8.0], [88.14292998589944, 145.27313271425197, -28.0, 8.0], [86.53591688250222, 146.59076754672068, -28.0, 8.0], [84.93238520367423, 147.80335846354663, -28.0, 8.0], [83.31531054248171, 148.90979442909426, -28.0, 8.0], [81.66766849199091, 149.90896440772786, -28.0, 8.0], [79.97243464526807, 150.7997573638118, -28.0, 8.0], [78.21258459537938, 151.58106226171037, -28.0, 8.0], [76.37109393539114, 152.2517680657879, -28.0, 8.0], [74.4309382583696, 152.81076374040876, -28.0, 8.0], [71.95345594594245, 153.17821131370434, -28.0, 8.0], [69.28732773092985, 153.16364972185235, -28.0, 8.0], [66.48140864463466, 152.88104104066332, -28.0, 8.0], [63.584553718359814, 152.44434734594796, -28.0, 8.0], [60.64561798340819, 151.96753071351674, -28.0, 8.0], [57.71345647108273, 151.5645532191804, -28.0, 8.0], [54.8369242126863, 151.34937693874946, -28.0, 8.0], [52.06487623952182, 151.43596394803455, -28.0, 8.0], [49.446167582892194, 151.9382763228462, -28.0, 8.0], [46.972952334786186, 152.86380655215768, -28.0, 8.0], [44.59245250989524, 154.1023388046448, -28.0, 8.0], [42.286125023576346, 155.59127267567246, -28.0, 8.0], [40.035426791186495, 157.2680077606056, -28.0, 8.0], [37.82181472808268, 159.06994365480892, -28.0, 8.0], [35.62674574962186, 160.93447995364744, -28.0, 8.0], [33.43167677116107, 162.79901625248596, -28.0, 8.0], [31.218064708057256, 164.60095214668934, -28.0, 8.0], [28.967366475667408, 166.2776872316224, -28.0, 8.0]], "num_spline_nodes": 10, "road_bbox_size": [0.0, 0.0, 250.0, 250.0], "distance_to_boundary": -0.5000199882478982}, "seed": {"control_nodes": [[125.0, 0.0, -28.0, 8.0], [125.0, 25.0, -28.0, 8.0], [125.0, 50.0, -28.0, 8.0], [116.69070738193159, 81.90761889907589, -28.0, 8.0], [115.51181381324014, 97.81248635136953, -28.0, 8.0], [108.46508022811146, 116.62614014240258, -28.0, 8.0], [89.77044892079964, 143.85156500177627, -28.0, 8.0], [74.4309382583696, 152.81076374040876, -28.0, 8.0], [49.4461675828922, 151.93827632284624, -28.0, 8.0], [28.967366475667408, 166.2776872316224, -28.0, 8.0], [8.488565368442611, 180.61709814039855, -28.0, 8.0]],