{"name": "Road507", "members_distance": null, "m1": {"control_nodes": [[125.0, 0.0, -28.0, 8.0], [125.0, 25.0, -28.0, 8.0], [125.0, 50.0, -28.0, 8.0], [118.69070738193159, 74.90761889907589, -28.0, 8.0], [112.51181381324014, 102.81248635136953, -28.0, 8.0], [107.46508022811146, 116.62614014240258, -28.0, 8.0], [89.77044892079964, 143.85156500177627, -28.0, 8.0], [74.4309382583696, 152.81076374040876, -28.0, 8.0], [49.4461675828922, 151.93827632284624, -28.0, 8.0], [28.967366475667408, 166.2776872316224, -28.0, 8.0], [8.488565368442611, 180.61709814039855, -28.0, 8.0]], "sample_nodes": [[125.0, 25.0, -28.0, 8.0], [125.03391411288499, 27.78012757385278, -28.0, 8.0], [125.11869939509748, 30.563779841818057, -28.0, 8.0], [125.22892026197371, 33.34919445683959, -28.0, 8.0], [125.33914112884992, 36.13460907186113, -28.0, 8.0], [125.42392641106241, 38.918261339826415, -28.0, 8.0], [125.45784052394737, 41.69838891367918, -28.0, 8.0], [125.41544788284118, 44.47322944636321, -28.0, 8.0], [125.27131290307995, 47.24102059082224, -28.0, 8.0], [125.0, 50.0, -28.0, 8.0], [124.57540794950641, 52.77855171052191, -28.0, 8.0], [124.0164951430875, 55.53562407170226, -28.0, 8.0], [123.3512089980014, 58.27923982259672, -28.0, 8.0], [122.60749693150632, 61.01742170226095, -28.0, 8.0], [121.81330636086035, 63.75819244975054, -28.0, 8.0], [120.99658470332172, 66.50957480412117, -28.0, 8.0], [120.18527937614863, 69.27959150442854, -28.0, 8.0], [119.40733779659918, 72.07626528972821, -28.0, 8.0], [118.69070738193159, 74.90761889907589, -28.0, 8.0], [117.98821544027543, 77.98972212234179, -28.0, 8.0], [117.30397475774166, 81.1892629351135, -28.0, 8.0], [116.6318721031137, 84.45788639954216, -28.0, 8.0], [115.965794245175, 87.74723757777882, -28.0, 8.0], [115.29962795270899, 91.00896153197453, -28.0, 8.0], [114.62725999449904, 94.19470332428038, -28.0, 8.0], [113.94257713932865, 97.25610801684745, -28.0, 8.0], [113.2394661559812, 100.1448206718268, -28.0, 8.0], [112.51181381324017, 102.81248635136953, -28.0, 8.0], [112.0038875880178, 104.55491484362018, -28.0, 8.0], [111.53083652258817, 106.16085317954159, -28.0, 8.0], [111.07205462515765, 107.66655663280795, -28.0, 8.0], [110.60693590393255, 109.10828047709339, -28.0, 8.0], [110.11487436711926, 110.52227998607205, -28.0, 8.0], [109.57526402292413, 111.94481043341816, -28.0, 8.0], [108.96749887955353, 113.4121270928058, -28.0, 8.0], [108.27097294521387, 114.96048523790925, -28.0, 8.0], [107.46508022811147, 116.62614014240258, -28.0, 8.0], [106.05324003500232, 119.3949404119871, -28.0, 8.0], [104.41940928077926, 122.47154319926604, -28.0, 8.0], [102.59934499676095, 125.75148816847891, -28.0, 8.0], [100.62880421426618, 129.13031498386513, -28.0, 8.0], [98.54354396461363, 132.50356330966414, -28.0, 8.0], [96.37932127912195, 135.7667728101153, -28.0, 8.0], [94.17189318910992, 138.81548314945806, -28.0, 8.0], [91.95701672589627, 141.54523399193195, -28.0, 8.0], [89.77044892079964, 143.85156500177627, -28.0, 8.0], [88.17882081134962, 145.31293913184572, -28.0, 8.0], [86.59087470897282, 146.65172112366116, -28.0, 8.0], [84.99295097162144, 147.87053179323613, -28.0, 8.0], [83.37138995724764, 148.9719919565845, -28.0, 8.0], [81.71253202380365, 149.95872242972007, -28.0, 8.0], [80.00271752924166, 150.83334402865654, -28.0, 8.0], [78.22828683151386, 151.59847756940766, -28.0, 8.0], [76.37558028857242, 152.2567438679871, -28.0, 8.0], [74.4309382583696, 152.81076374040876, -28.0, 8.0], [71.95345594594245, 153.17821131370434, -28.0, 8.0], [69.28732773092985, 153.16364972185235, -28.0, 8.0], [66.48140864463466, 152.88104104066332, -28.0, 8.0], [63.584553718359814, 152.44434734594796, -28.0, 8.0], [60.64561798340819, 151.96753071351674, -28.0, 8.0], [57.71345647108273, 151.5645532191804, -28.0, 8.0], [54.8369242126863, 151.34937693874946, -28.0, 8.0], [52.06487623952182, 151.43596394803455, -28.0, 8.0], [49.446167582892194, 151.9382763228462, -28.0, 8.0], [46.972952334786186, 152.86380655215768, -28.0, 8.0], [44.59245250989524, 154.1023388046448, -28.0, 8.0], [42.286125023576346, 155.59127267567246, -28.0, 8.0], [40.035426791186495, 157.2680077606056, -28.0, 8.0], [37.82181472808268, 159.06994365480892, -28.0, 8.0], [35.62674574962186, 160.93447995364744, -28.0, 8.0], [33.43167677116107, 162.79901625248596, -28.0, 8.0], [31.218064708057256, 164.60095214668934, -28.0, 8.0], [28.967366475667408, 166.2776872316224, -28.0, 8.0]], "num_spline_nodes": 10, "road_bbox_size": [0.0, 0.0, 250.0, 250.0], "distance_to_boundary": -0.5416600929162483}, "seed": {"control_nodes": [[125.0, 0.0, -28.0, 8.0], [125.0, 25.0, -28.0, 8.0], [125.0, 50.0, -28.0, 8.0], [116.69070738193159, 72.90761889907589, -28.0, 8.0], [116.51181381324014, 100.81248635136953, -28.0, 8.0], [108.46508022811146, 116.62614014240258, -28.0, 8.0], [88.77044892079964, 143.85156500177627, -28.0, 8.0], [74.4309382583696, 152.81076374040876, -28.0, 8.0], [49.4461675828922, 151.93827632284624, -28.0, 8.0], [28.967366475667408, 166.2776872316224, -28.0, 8.0], [8.488565368442611, 180.61709814039855, -28.0, 8.0]],