{"name": "Road324", "members_distance": null, "m1": {"control_nodes": [[125.0, 0.0, -28.0, 8.0], [125.0, 25.0, -28.0, 8.0], [125.0, 50.0, -28.0, 8.0], [113.69070738193159, 73.90761889907589, -28.0, 8.0], [113.51181381324014, 100.81248635136953, -28.0, 8.0], [112.46508022811146, 118.62614014240258, -28.0, 8.0], [91.77044892079964, 141.85156500177627, -28.0, 8.0], [74.4309382583696, 152.81076374040876, -28.0, 8.0], [49.4461675828922, 151.93827632284624, -28.0, 8.0], [28.967366475667408, 166.2776872316224, -28.0, 8.0], [8.488565368442611, 180.61709814039855, -28.0, 8.0]], "sample_nodes": [[125.0, 25.0, -28.0, 8.0], [125.05948267498391, 27.78727658802979, -28.0, 8.0], [125.20818936244369, 30.588801391437592, -28.0, 8.0], [125.4015080561414, 33.39745030253441, -28.0, 8.0], [125.59482674983909, 36.206099213631234, -28.0, 8.0], [125.74353343729888, 39.00762401703904, -28.0, 8.0], [125.80301611228276, 41.79490060506882, -28.0, 8.0], [125.7286627685529, 44.56080487003159, -28.0, 8.0], [125.47586139987128, 47.298212704238324, -28.0, 8.0], [125.0, 50.0, -28.0, 8.0], [124.18600874610799, 52.72167357825851, -28.0, 8.0], [123.04481395116241, 55.38298544793127, -28.0, 8.0], [121.66922461688812, 58.00281154001634, -28.0, 8.0], [120.15204974501, 60.60002778551174, -28.0, 8.0], [118.58609833725285, 63.19351011541556, -28.0, 8.0], [117.0641793953416, 65.80213446072584, -28.0, 8.0], [115.67910192100105, 68.44477675244062, -28.0, 8.0], [114.52367491595612, 71.14031292155794, -28.0, 8.0], [113.69070738193159, 73.90761889907589, -28.0, 8.0], [113.18255120687003, 76.80443176182175, -28.0, 8.0], [112.91645052105011, 79.80456761961723, -28.0, 8.0], [112.84098287678326, 82.87366842324565, -28.0, 8.0], [112.904725826381, 85.97737612349023, -28.0, 8.0], [113.05625692215483, 89.08133267113426, -28.0, 8.0], [113.24415371641614, 92.15118001696094, -28.0, 8.0], [113.41699376147648, 95.15256011175352, -28.0, 8.0], [113.52335460964731, 98.05111490629528, -28.0, 8.0], [113.51181381324014, 100.81248635136953, -28.0, 8.0], [113.50019421294408, 102.9542911170143, -28.0, 8.0], [113.57569870169507, 105.0219962909386, -28.0, 8.0], [113.68977222725319, 107.02994706602534, -28.0, 8.0], [113.79385973737838, 108.99248863515746, -28.0, 8.0], [113.83940617983069, 110.92396619121797, -28.0, 8.0], [113.77785650237016, 112.83872492708977, -28.0, 8.0], [113.56065565275676, 114.75111003565584, -28.0, 8.0], [113.13924857875051, 116.6754667097991, -28.0, 8.0], [112.46508022811145, 118.62614014240256, -28.0, 8.0], [111.13443978466313, 121.28037843138827, -28.0, 8.0], [109.35754286886491, 124.01610479259622, -28.0, 8.0], [107.22184621510155, 126.79050624577037, -28.0, 8.0], [104.8148065577578, 129.56076981065496, -28.0, 8.0], [102.2238806312184, 132.28408250699397, -28.0, 8.0], [99.5365251698681, 134.91763135453147, -28.0, 8.0], [96.84019690809173, 137.41860337301168, -28.0, 8.0], [94.22235258027396, 139.74418558217852, -28.0, 8.0], [91.77044892079962, 141.85156500177627, -28.0, 8.0], [89.89247607858861, 143.44136906495305, -28.0, 8.0], [88.04604557853196, 144.9773952231053, -28.0, 8.0], [86.21242790396197, 146.44282165183938, -28.0, 8.0], [84.37289353821095, 147.82082652676138, -28.0, 8.0], [82.5087129646111, 149.0945880234776, -28.0, 8.0], [80.60115666649477, 150.24728431759422, -28.0, 8.0], [78.63149512719426, 151.26209358471743, -28.0, 8.0], [76.58099883004176, 152.1221940004536, -28.0, 8.0], [74.4309382583696, 152.81076374040873, -28.0, 8.0], [71.89925542837037, 153.22787326674722, -28.0, 8.0], [69.20433318839757, 153.2396945874492, -28.0, 8.0], [66.38994527123175, 152.96484558642317, -28.0, 8.0], [63.499865409653424, 152.52194414757744, -28.0, 8.0], [60.57786733644309, 152.02960815482038, -28.0, 8.0], [57.66772478438128, 151.60645549206032, -28.0, 8.0], [54.813211486248505, 151.37110404320575, -28.0, 8.0], [52.058101174825325, 151.44217169216492, -28.0, 8.0], [49.4461675828922, 151.93827632284624, -28.0, 8.0], [46.972952334786186, 152.86380655215768, -28.0, 8.0], [44.59245250989524, 154.1023388046448, -28.0, 8.0], [42.286125023576346, 155.59127267567246, -28.0, 8.0], [40.035426791186495, 157.2680077606056, -28.0, 8.0], [37.82181472808268, 159.06994365480892, -28.0, 8.0], [35.62674574962186, 160.93447995364744, -28.0, 8.0], [33.43167677116107, 162.79901625248596, -28.0, 8.0], [31.218064708057256, 164.60095214668934, -28.0, 8.0], [28.967366475667408, 166.2776872316224, -28.0, 8.0]], "num_spline_nodes": 10, "road_bbox_size": [0.0, 0.0, 250.0, 250.0], "distance_to_boundary": -0.6173135977521302}, "seed": {"control_nodes": [[125.0, 0.0, -28.0, 8.0], [125.0, 25.0, -28.0, 8.0], [125.0, 50.0, -28.0, 8.0], [113.69070738193159, 73.90761889907589, -28.0, 8.0], [113.51181381324014, 100.81248635136953, -28.0, 8.0], [112.46508022811146, 118.62614014240258, -28.0, 8.0], [91.77044892079964, 143.85156500177627, -28.0, 8.0], [74.4309382583696, 152.81076374040876, -28.0, 8.0], [49.4461675828922, 151.93827632284624, -28.0, 8.0], [28.967366475667408, 166.2776872316224, -28.0, 8.0], [8.488565368442611, 180.61709814039855, -28.0, 8.0]],