{"name": "Road29", "members_distance": null, "m1": {"control_nodes": [[125.0, 0.0, -28.0, 8.0], [125.0, 25.0, -28.0, 8.0], [125.0, 50.0, -28.0, 8.0], [114.69070738193159, 73.90761889907589, -28.0, 8.0], [113.51181381324014, 101.81248635136953, -28.0, 8.0], [112.46508022811146, 118.62614014240258, -28.0, 8.0], [90.77044892079964, 143.85156500177627, -28.0, 8.0], [74.4309382583696, 152.81076374040876, -28.0, 8.0], [49.4461675828922, 151.93827632284624, -28.0, 8.0], [28.967366475667408, 166.2776872316224, -28.0, 8.0], [8.488565368442611, 180.61709814039855, -28.0, 8.0]], "sample_nodes": [[125.0, 25.0, -28.0, 8.0], [125.05486779306979, 27.786319634657705, -28.0, 8.0], [125.1920372757443, 30.58545205463529, -28.0, 8.0], [125.37035760322112, 33.390990867272826, -28.0, 8.0], [125.54867793069795, 36.19652967991037, -28.0, 8.0], [125.68584741337244, 38.995662099887966, -28.0, 8.0], [125.74071520644222, 41.78198173454567, -28.0, 8.0], [125.672130465105, 44.54908219122353, -28.0, 8.0], [125.43894234455834, 47.29055707726163, -28.0, 8.0], [125.0, 50.0, -28.0, 8.0], [124.26221121499545, 52.711210264366386, -28.0, 8.0], [123.23598748056294, 55.3645252431386, -28.0, 8.0], [122.00126289939746, 57.97888489823528, -28.0, 8.0], [120.63797157419398, 60.57322919157518, -28.0, 8.0], [119.22604760764753, 63.1664980850769, -28.0, 8.0], [117.84542510245309, 65.77763154065917, -28.0, 8.0], [116.57603816130565, 68.42556952024064, -28.0, 8.0], [115.49782088690013, 71.12925198573998, -28.0, 8.0], [114.69070738193159, 73.90761889907589, -28.0, 8.0], [114.13648520557992, 76.9064182756168, -28.0, 8.0], [113.78270771516193, 80.02897985658564, -28.0, 8.0], [113.58881654549734, 83.23316356703023, -28.0, 8.0], [113.51425333140605, 86.47682933199849, -28.0, 8.0], [113.5184597077077, 89.71783707653822, -28.0, 8.0], [113.56087730922215, 92.91404672569733, -28.0, 8.0], [113.60094777076921, 96.02331820452369, -28.0, 8.0], [113.5981127271686, 99.00351143806512, -28.0, 8.0], [113.51181381324014, 101.81248635136953, -28.0, 8.0], [113.46619743585998, 103.86193349492244, -28.0, 8.0], [113.5167021296538, 105.81621034600494, -28.0, 8.0], [113.61455950472903, 107.69668309542635, -28.0, 8.0], [113.71100117119326, 109.52471793399624, -28.0, 8.0], [113.75725873915391, 111.32168105252396, -28.0, 8.0], [113.70456381871858, 113.10893864181904, -28.0, 8.0], [113.50414801999469, 114.90785689269083, -28.0, 8.0], [113.10724295308982, 116.7398019959489, -28.0, 8.0], [112.46508022811145, 118.62614014240256, -28.0, 8.0], [111.09276453692688, 121.43027177395855, -28.0, 8.0], [109.2355035091569, 124.39757222324485, -28.0, 8.0], [106.98989526421138, 127.4579719990362, -28.0, 8.0], [104.4525379215001, 130.54140161010736, -28.0, 8.0], [101.72002960043278, 133.57779156523304, -28.0, 8.0], [98.8889684204193, 136.49707237318805, -28.0, 8.0], [96.05595250086944, 139.2291745427471, -28.0, 8.0], [93.31757996119295, 141.7040285826849, -28.0, 8.0], [90.77044892079962, 143.85156500177624, -28.0, 8.0], [88.98543904619632, 145.26916166067423, -28.0, 8.0], [87.23850247397385, 146.58610947464842, -28.0, 8.0], [85.5100551484571, 147.80031543448226, -28.0, 8.0], [83.78051301397096, 148.90968653095916, -28.0, 8.0], [82.03029201484028, 149.91212975486252, -28.0, 8.0], [80.2398080953899, 150.80555209697573, -28.0, 8.0], [78.38947719994479, 151.58786054808223, -28.0, 8.0], [76.45971527282968, 152.2569620989654, -28.0, 8.0], [74.4309382583696, 152.81076374040876, -28.0, 8.0], [71.91560512466283, 153.1603788796672, -28.0, 8.0], [69.22936866084542, 153.13634380723303, -28.0, 8.0], [66.4175353837253, 152.85094880822567, -28.0, 8.0], [63.5254118101104, 152.41648416776496, -28.0, 8.0], [60.59830445680868, 151.9452401709704, -28.0, 8.0], [57.681519840628056, 151.54950710296157, -28.0, 8.0], [54.82036447837647, 151.34157524885825, -28.0, 8.0], [52.06014488686188, 151.43373489377993, -28.0, 8.0], [49.4461675828922, 151.93827632284624, -28.0, 8.0], [46.972952334786186, 152.86380655215768, -28.0, 8.0], [44.59245250989524, 154.1023388046448, -28.0, 8.0], [42.286125023576346, 155.59127267567246, -28.0, 8.0], [40.035426791186495, 157.2680077606056, -28.0, 8.0], [37.82181472808268, 159.06994365480892, -28.0, 8.0], [35.62674574962186, 160.93447995364744, -28.0, 8.0], [33.43167677116107, 162.79901625248596, -28.0, 8.0], [31.218064708057256, 164.60095214668934, -28.0, 8.0], [28.967366475667408, 166.2776872316224, -28.0, 8.0]], "num_spline_nodes": 10, "road_bbox_size": [0.0, 0.0, 250.0, 250.0], "distance_to_boundary": -0.5302935251328025}, "seed": {"control_nodes": [[125.0, 0.0, -28.0, 8.0], [125.0, 25.0, -28.0, 8.0], [125.0, 50.0, -28.0, 8.0], [113.69070738193159, 73.90761889907589, -28.0, 8.0], [113.51181381324014, 100.81248635136953, -28.0, 8.0], [112.46508022811146, 118.62614014240258, -28.0, 8.0], [90.77044892079964, 143.85156500177627, -28.0, 8.0], [74.4309382583696, 152.81076374040876, -28.0, 8.0], [49.4461675828922, 151.93827632284624, -28.0, 8.0], [28.967366475667408, 166.2776872316224, -28.0, 8.0], [8.488565368442611, 180.61709814039855, -28.0, 8.0]],