{"name": "Road403", "members_distance": null, "m1": {"control_nodes": [[125.0, 0.0, -28.0, 8.0], [125.0, 25.0, -28.0, 8.0], [125.0, 50.0, -28.0, 8.0], [116.69070738193159, 81.90761889907589, -28.0, 8.0], [113.51181381324014, 97.81248635136953, -28.0, 8.0], [112.46508022811146, 114.62614014240258, -28.0, 8.0], [89.77044892079964, 143.85156500177627, -28.0, 8.0], [74.4309382583696, 152.81076374040876, -28.0, 8.0], [49.4461675828922, 151.93827632284624, -28.0, 8.0], [28.967366475667408, 166.2776872316224, -28.0, 8.0], [8.488565368442611, 180.61709814039855, -28.0, 8.0]], "sample_nodes": [[125.0, 25.0, -28.0, 8.0], [125.03695775278433, 27.763557950868893, -28.0, 8.0], [125.12935213474518, 30.505786161374452, -28.0, 8.0], [125.24946483129426, 33.237349501698354, -28.0, 8.0], [125.36957752784332, 35.968912842022256, -28.0, 8.0], [125.46197190980416, 38.71114105252782, -28.0, 8.0], [125.49892966258847, 41.47469900339671, -28.0, 8.0], [125.45273247160809, 44.27025156481059, -28.0, 8.0], [125.29566202227468, 47.10846360695114, -28.0, 8.0], [124.99999999999999, 50.0, -28.0, 8.0], [124.44232467648499, 53.45479663499235, -28.0, 8.0], [123.66532306667631, 57.069229432515456, -28.0, 8.0], [122.72382292771849, 60.78457871796262, -28.0, 8.0], [121.67265201675603, 64.54212481672718, -28.0, 8.0], [120.56663809093344, 68.28314805420237, -28.0, 8.0], [119.4606089073952, 71.94892875578154, -28.0, 8.0], [118.40939222328579, 75.480747246858, -28.0, 8.0], [117.46781579574977, 78.81988385282503, -28.0, 8.0], [116.69070738193159, 81.90761889907589, -28.0, 8.0], [116.22993253986992, 83.90590886367337, -28.0, 8.0], [115.79655392632051, 85.78953330276882, -28.0, 8.0], [115.39035506251446, 87.58287574837395, -28.0, 8.0], [115.01111946968317, 89.31031973250063, -28.0, 8.0], [114.65863066905771, 90.99624878716061, -28.0, 8.0], [114.33267218186946, 92.66504644436567, -28.0, 8.0], [114.03302752934964, 94.34109623612767, -28.0, 8.0], [113.75948023272943, 96.04878169445834, -28.0, 8.0], [113.51181381324014, 97.81248635136953, -28.0, 8.0], [113.36140991972309, 99.64104035358221, -28.0, 8.0], [113.35117052881553, 101.46287637443925, -28.0, 8.0], [113.42467872816722, 103.28511959370158, -28.0, 8.0], [113.525517605428, 105.11489519113024, -28.0, 8.0], [113.59727024824765, 106.95932834648616, -28.0, 8.0], [113.58351974427603, 108.82554423953036, -28.0, 8.0], [113.42784918116291, 110.72066805002385, -28.0, 8.0], [113.0738416465581, 112.65182495772757, -28.0, 8.0], [112.46508022811145, 114.62614014240256, -28.0, 8.0], [111.04820410858714, 117.75327860157255, -28.0, 8.0], [109.10638214966913, 121.14468987945709, -28.0, 8.0], [106.7462251131025, 124.69998537192676, -28.0, 8.0], [104.07434376063219, 128.31877647485194, -28.0, 8.0], [101.19734885400315, 131.9006745841031, -28.0, 8.0], [98.22185115496042, 135.34529109555066, -28.0, 8.0], [95.25446142524892, 138.55223740506509, -28.0, 8.0], [92.40179042661367, 141.4211249085168, -28.0, 8.0], [89.77044892079965, 143.8515650017763, -28.0, 8.0], [88.08093713190341, 145.3013878365175, -28.0, 8.0], [86.4409903248208, 146.63403320268978, -28.0, 8.0], [84.82777226255595, 147.85103898236974, -28.0, 8.0], [83.21844670811294, 148.95394305763418, -28.0, 8.0], [81.59017742449589, 149.9442833105598, -28.0, 8.0], [79.92012817470892, 150.82359762322335, -28.0, 8.0], [78.18546272175612, 151.59342387770158, -28.0, 8.0], [76.36334482864164, 152.25529995607107, -28.0, 8.0], [74.4309382583696, 152.81076374040876, -28.0, 8.0], [71.95345594594245, 153.17821131370434, -28.0, 8.0], [69.28732773092985, 153.16364972185235, -28.0, 8.0], [66.48140864463466, 152.88104104066332, -28.0, 8.0], [63.584553718359814, 152.44434734594796, -28.0, 8.0], [60.64561798340819, 151.96753071351674, -28.0, 8.0], [57.71345647108273, 151.5645532191804, -28.0, 8.0], [54.8369242126863, 151.34937693874946, -28.0, 8.0], [52.06487623952182, 151.43596394803455, -28.0, 8.0], [49.446167582892194, 151.9382763228462, -28.0, 8.0], [46.972952334786186, 152.86380655215768, -28.0, 8.0], [44.59245250989524, 154.1023388046448, -28.0, 8.0], [42.286125023576346, 155.59127267567246, -28.0, 8.0], [40.035426791186495, 157.2680077606056, -28.0, 8.0], [37.82181472808268, 159.06994365480892, -28.0, 8.0], [35.62674574962186, 160.93447995364744, -28.0, 8.0], [33.43167677116107, 162.79901625248596, -28.0, 8.0], [31.218064708057256, 164.60095214668934, -28.0, 8.0], [28.967366475667408, 166.2776872316224, -28.0, 8.0]], "num_spline_nodes": 10, "road_bbox_size": [0.0, 0.0, 250.0, 250.0], "distance_to_boundary": -0.5025328677275009}, "seed": {"control_nodes": [[125.0, 0.0, -28.0, 8.0], [125.0, 25.0, -28.0, 8.0], [125.0, 50.0, -28.0, 8.0], [116.69070738193159, 81.90761889907589, -28.0, 8.0], [115.51181381324014, 97.81248635136953, -28.0, 8.0], [108.46508022811146, 116.62614014240258, -28.0, 8.0], [89.77044892079964, 143.85156500177627, -28.0, 8.0], [74.4309382583696, 152.81076374040876, -28.0, 8.0], [49.4461675828922, 151.93827632284624, -28.0, 8.0], [28.967366475667408, 166.2776872316224, -28.0, 8.0], [8.488565368442611, 180.61709814039855, -28.0, 8.0]],