{"name": "Road35", "members_distance": null, "m1": {"control_nodes": [[125.0, 0.0, -28.0, 8.0], [125.0, 25.0, -28.0, 8.0], [125.0, 50.0, -28.0, 8.0], [113.69070738193159, 77.90761889907589, -28.0, 8.0], [113.51181381324014, 101.81248635136953, -28.0, 8.0], [112.46508022811146, 118.62614014240258, -28.0, 8.0], [90.77044892079964, 143.85156500177627, -28.0, 8.0], [74.4309382583696, 152.81076374040876, -28.0, 8.0], [49.4461675828922, 151.93827632284624, -28.0, 8.0], [28.967366475667408, 166.2776872316224, -28.0, 8.0], [8.488565368442611, 180.61709814039855, -28.0, 8.0]], "sample_nodes": [[125.0, 25.0, -28.0, 8.0], [125.05391357226759, 27.77553530442695, -28.0, 8.0], [125.18869750293659, 30.54770689882765, -28.0, 8.0], [125.36391661280626, 33.31819663821523, -28.0, 8.0], [125.53913572267595, 36.08868637760282, -28.0, 8.0], [125.67391965334494, 38.860857972003515, -28.0, 8.0], [125.72783322561253, 41.63639327643047, -28.0, 8.0], [125.66044126027803, 44.41697414589677, -28.0, 8.0], [125.43130857814077, 47.20428243541559, -28.0, 8.0], [124.99999999999999, 50.0, -28.0, 8.0], [124.1984499369892, 53.08549689746459, -28.0, 8.0], [123.05668467504456, 56.19051036433056, -28.0, 8.0], [121.67175665595946, 59.30832076159126, -28.0, 8.0], [120.14071832152737, 62.43220845024018, -28.0, 8.0], [118.56062211354168, 65.55545379127062, -28.0, 8.0], [117.02852047379582, 68.671337145676, -28.0, 8.0], [115.64146584408326, 71.77313887444978, -28.0, 8.0], [114.49651066619738, 74.85413933858527, -28.0, 8.0], [113.69070738193159, 77.90761889907589, -28.0, 8.0], [113.26777679175908, 80.62658607754904, -28.0, 8.0], [113.04632162625954, 83.36160499266383, -28.0, 8.0], [112.98317958132154, 86.09906017212197, -28.0, 8.0], [113.03518835283356, 88.82533614362498, -28.0, 8.0], [113.15918563668399, 91.52681743487449, -28.0, 8.0], [113.31200912876139, 94.1898885735721, -28.0, 8.0], [113.45049652495423, 96.80093408741939, -28.0, 8.0], [113.53148552115097, 99.346338504118, -28.0, 8.0], [113.51181381324014, 101.81248635136953, -28.0, 8.0], [113.497084268815, 103.8058427838129, -28.0, 8.0], [113.56399759261619, 105.73032144461844, -28.0, 8.0], [113.66668103534066, 107.60203002042898, -28.0, 8.0], [113.75926184768548, 109.43707619788758, -28.0, 8.0], [113.7958672803477, 111.25156766363703, -28.0, 8.0], [113.73062458402438, 113.06161210432035, -28.0, 8.0], [113.51766100941252, 114.8833172065804, -28.0, 8.0], [113.11110380720919, 116.73279065706016, -28.0, 8.0], [112.46508022811145, 118.62614014240256, -28.0, 8.0], [111.09276453692688, 121.43027177395855, -28.0, 8.0], [109.2355035091569, 124.39757222324485, -28.0, 8.0], [106.98989526421138, 127.4579719990362, -28.0, 8.0], [104.4525379215001, 130.54140161010736, -28.0, 8.0], [101.72002960043278, 133.57779156523304, -28.0, 8.0], [98.8889684204193, 136.49707237318805, -28.0, 8.0], [96.05595250086944, 139.2291745427471, -28.0, 8.0], [93.31757996119295, 141.7040285826849, -28.0, 8.0], [90.77044892079962, 143.85156500177624, -28.0, 8.0], [88.98543904619632, 145.26916166067423, -28.0, 8.0], [87.23850247397385, 146.58610947464842, -28.0, 8.0], [85.5100551484571, 147.80031543448226, -28.0, 8.0], [83.78051301397096, 148.90968653095916, -28.0, 8.0], [82.03029201484028, 149.91212975486252, -28.0, 8.0], [80.2398080953899, 150.80555209697573, -28.0, 8.0], [78.38947719994479, 151.58786054808223, -28.0, 8.0], [76.45971527282968, 152.2569620989654, -28.0, 8.0], [74.4309382583696, 152.81076374040876, -28.0, 8.0], [71.91560512466283, 153.1603788796672, -28.0, 8.0], [69.22936866084542, 153.13634380723303, -28.0, 8.0], [66.4175353837253, 152.85094880822567, -28.0, 8.0], [63.5254118101104, 152.41648416776496, -28.0, 8.0], [60.59830445680868, 151.9452401709704, -28.0, 8.0], [57.681519840628056, 151.54950710296157, -28.0, 8.0], [54.82036447837647, 151.34157524885825, -28.0, 8.0], [52.06014488686188, 151.43373489377993, -28.0, 8.0], [49.4461675828922, 151.93827632284624, -28.0, 8.0], [46.972952334786186, 152.86380655215768, -28.0, 8.0], [44.59245250989524, 154.1023388046448, -28.0, 8.0], [42.286125023576346, 155.59127267567246, -28.0, 8.0], [40.035426791186495, 157.2680077606056, -28.0, 8.0], [37.82181472808268, 159.06994365480892, -28.0, 8.0], [35.62674574962186, 160.93447995364744, -28.0, 8.0], [33.43167677116107, 162.79901625248596, -28.0, 8.0], [31.218064708057256, 164.60095214668934, -28.0, 8.0], [28.967366475667408, 166.2776872316224, -28.0, 8.0]], "num_spline_nodes": 10, "road_bbox_size": [0.0, 0.0, 250.0, 250.0], "distance_to_boundary": -0.5365441692245674}, "seed": {"control_nodes": [[125.0, 0.0, -28.0, 8.0], [125.0, 25.0, -28.0, 8.0], [125.0, 50.0, -28.0, 8.0], [113.69070738193159, 73.90761889907589, -28.0, 8.0], [113.51181381324014, 100.81248635136953, -28.0, 8.0], [112.46508022811146, 118.62614014240258, -28.0, 8.0], [90.77044892079964, 143.85156500177627, -28.0, 8.0], [74.4309382583696, 152.81076374040876, -28.0, 8.0], [49.4461675828922, 151.93827632284624, -28.0, 8.0], [28.967366475667408, 166.2776872316224, -28.0, 8.0], [8.488565368442611, 180.61709814039855, -28.0, 8.0]],