{"name": "Road3", "members_distance": null, "m1": {"control_nodes": [[125.0, 0.0, -28.0, 8.0], [125.0, 25.0, -28.0, 8.0], [125.0, 50.0, -28.0, 8.0], [113.69070738193159, 73.90761889907589, -28.0, 8.0], [116.51181381324014, 98.81248635136953, -28.0, 8.0], [112.46508022811146, 123.62614014240258, -28.0, 8.0], [96.77044892079964, 143.85156500177627, -28.0, 8.0], [74.4309382583696, 152.81076374040876, -28.0, 8.0], [49.4461675828922, 151.93827632284624, -28.0, 8.0], [28.967366475667408, 166.2776872316224, -28.0, 8.0], [8.488565368442611, 180.61709814039855, -28.0, 8.0]], "sample_nodes": [[125.0, 25.0, -28.0, 8.0], [125.05948267498391, 27.78727658802979, -28.0, 8.0], [125.20818936244369, 30.588801391437592, -28.0, 8.0], [125.4015080561414, 33.39745030253441, -28.0, 8.0], [125.59482674983909, 36.206099213631234, -28.0, 8.0], [125.74353343729888, 39.00762401703904, -28.0, 8.0], [125.80301611228276, 41.79490060506882, -28.0, 8.0], [125.7286627685529, 44.56080487003159, -28.0, 8.0], [125.47586139987128, 47.298212704238324, -28.0, 8.0], [125.0, 50.0, -28.0, 8.0], [124.16782567029475, 52.7274766602948, -28.0, 8.0], [122.98117318581608, 55.40329623505827, -28.0, 8.0], [121.54648885514877, 58.041982343761276, -28.0, 8.0], [119.97021898687763, 60.658058605874615, -28.0, 8.0], [118.35880988958739, 63.26604864086916, -28.0, 8.0], [116.81870787186287, 65.88047606821571, -28.0, 8.0], [115.4563592422889, 68.51586450738513, -28.0, 8.0], [114.37821030945021, 71.18673757784823, -28.0, 8.0], [113.69070738193159, 73.90761889907589, -28.0, 8.0], [113.44283178190753, 76.60490630473932, -28.0, 8.0], [113.5321457611017, 79.33636555759855, -28.0, 8.0], [113.87428220022447, 82.09484301839501, -28.0, 8.0], [114.38487397998618, 84.87318504786998, -28.0, 8.0], [114.97955398109713, 87.66423800676482, -28.0, 8.0], [115.57395508426765, 90.46084825582085, -28.0, 8.0], [116.08371017020811, 93.25586215577943, -28.0, 8.0], [116.42445211962881, 96.04212606738186, -28.0, 8.0], [116.51181381324012, 98.81248635136953, -28.0, 8.0], [116.42691928126148, 101.60130905302336, -28.0, 8.0], [116.29478832740213, 104.42654792193716, -28.0, 8.0], [116.09658557535721, 107.26919423733463, -28.0, 8.0], [115.81347564882168, 110.11023927843942, -28.0, 8.0], [115.42662317149062, 112.93067432447525, -28.0, 8.0], [114.91719276705902, 115.7114906546658, -28.0, 8.0], [114.26634905922194, 118.43367954823474, -28.0, 8.0], [113.45525667167442, 121.07823228440579, -28.0, 8.0], [112.46508022811146, 123.62614014240258, -28.0, 8.0], [111.27413795221835, 126.14687628286255, -28.0, 8.0], [109.90458481760274, 128.65992636158035, -28.0, 8.0], [108.37372844438052, 131.13928440019825, -28.0, 8.0], [106.6988764526676, 133.55894442035859, -28.0, 8.0], [104.89733646257991, 135.89290044370355, -28.0, 8.0], [102.98641609423335, 138.11514649187552, -28.0, 8.0], [100.98342296774385, 140.1996765865168, -28.0, 8.0], [98.9056647032273, 142.1204847492696, -28.0, 8.0], [96.77044892079965, 143.8515650017763, -28.0, 8.0], [94.60789148380391, 145.36074114633524, -28.0, 8.0], [92.31879636136624, 146.73413939527478, -28.0, 8.0], [89.92315001713472, 147.97490995906998, -28.0, 8.0], [87.44093891475745, 149.08620304819578, -28.0, 8.0], [84.89214951788259, 150.07116887312714, -28.0, 8.0], [82.29676829015824, 150.9329576443391, -28.0, 8.0], [79.67478169523255, 151.6747195723067, -28.0, 8.0], [77.04617619675362, 152.2996048675049, -28.0, 8.0], [74.4309382583696, 152.8107637404088, -28.0, 8.0], [71.72838406853005, 153.07362133840402, -28.0, 8.0], [68.94268641864207, 153.00349632217376, -28.0, 8.0], [66.10159985150119, 152.70454545734404, -28.0, 8.0], [63.23287890990291, 152.28092550954125, -28.0, 8.0], [60.36427813664268, 151.8367932443914, -28.0, 8.0], [57.523552074516004, 151.47630542752077, -28.0, 8.0], [54.73845526631837, 151.3036188245556, -28.0, 8.0], [52.03674225484528, 151.42289020112202, -28.0, 8.0], [49.4461675828922, 151.93827632284624, -28.0, 8.0], [46.972952334786186, 152.86380655215768, -28.0, 8.0], [44.59245250989524, 154.1023388046448, -28.0, 8.0], [42.286125023576346, 155.59127267567246, -28.0, 8.0], [40.035426791186495, 157.2680077606056, -28.0, 8.0], [37.82181472808268, 159.06994365480892, -28.0, 8.0], [35.62674574962186, 160.93447995364744, -28.0, 8.0], [33.43167677116107, 162.79901625248596, -28.0, 8.0], [31.218064708057256, 164.60095214668934, -28.0, 8.0], [28.967366475667408, 166.2776872316224, -28.0, 8.0]], "num_spline_nodes": 10, "road_bbox_size": [0.0, 0.0, 250.0, 250.0], "distance_to_boundary": -0.5050810894614481}, "seed": {"control_nodes": [[125.0, 0.0, -28.0, 8.0], [125.0, 25.0, -28.0, 8.0], [125.0, 50.0, -28.0, 8.0], [113.69070738193159, 73.90761889907589, -28.0, 8.0], [116.51181381324014, 98.81248635136953, -28.0, 8.0], [112.46508022811146, 123.62614014240258, -28.0, 8.0], [96.77044892079964, 143.85156500177627, -28.0, 8.0], [74.4309382583696, 152.81076374040876, -28.0, 8.0], [49.4461675828922, 151.93827632284624, -28.0, 8.0], [28.967366475667408, 166.2776872316224, -28.0, 8.0], [8.488565368442611, 180.61709814039855, -28.0, 8.0]],