{"name": "Road509", "members_distance": null, "m1": {"control_nodes": [[125.0, 0.0, -28.0, 8.0], [125.0, 25.0, -28.0, 8.0], [125.0, 50.0, -28.0, 8.0], [117.86079613857109, 73.63796438998293, -28.0, 8.0], [91.43214710214681, 89.37097416622886, -28.0, 8.0], [70.89146751595521, 96.14119905064248, -28.0, 8.0], [49.13476579741595, 96.62052657464412, -28.0, 8.0], [29.85092325693669, 114.67048557620657, -28.0, 8.0], [20.485758421538886, 137.85008194037627, -28.0, 8.0], [22.229670265142015, 162.78918319687187, -28.0, 8.0], [23.973582108745145, 187.72828445336748, -28.0, 8.0]], "sample_nodes": [[125.0, 25.0, -28.0, 8.0], [125.03953764831877, 27.784466868608416, -28.0, 8.0], [125.13838176911572, 30.57896737346277, -28.0, 8.0], [125.26687912615174, 33.378484696440104, -28.0, 8.0], [125.39537648318776, 36.178002019417455, -28.0, 8.0], [125.4942206039847, 38.97250252427182, -28.0, 8.0], [125.53375825230347, 41.75696939288022, -28.0, 8.0], [125.48433619190502, 44.52638580711971, -28.0, 8.0], [125.3163011865502, 47.275734948867296, -28.0, 8.0], [125.0, 50.0, -28.0, 8.0], [124.60494794932474, 52.72877543840705, -28.0, 8.0], [124.19212557584774, 55.50699579256113, -28.0, 8.0], [123.7264852154679, 58.30250592528874, -28.0, 8.0], [123.17297920408421, 61.08315069941642, -28.0, 8.0], [122.49655987759562, 63.816774977770635, -28.0, 8.0], [121.66217957190102, 66.47122362317788, -28.0, 8.0], [120.63479062289946, 69.01434149846469, -28.0, 8.0], [119.37934536648982, 71.41397346645752, -28.0, 8.0], [117.86079613857109, 73.63796438998293, -28.0, 8.0], [115.7675394149146, 75.92485682292984, -28.0, 8.0], [113.2562859393496, 78.0492011610615, -28.0, 8.0], [110.41582790884264, 80.02293441977162, -28.0, 8.0], [107.33495752036035, 81.85799361445397, -28.0, 8.0], [104.10246697086913, 83.56631576050225, -28.0, 8.0], [100.80714845733566, 85.15983787331012, -28.0, 8.0], [97.53779417672645, 86.6504969682714, -28.0, 8.0], [94.38319632600796, 88.05023006077974, -28.0, 8.0], [91.43214710214681, 89.37097416622888, -28.0, 8.0], [89.09122765875392, 90.41486996394204, -28.0, 8.0], [86.79017750166349, 91.389923499178, -28.0, 8.0], [84.51819069155954, 92.29439053567694, -28.0, 8.0], [82.26446128912602, 93.12652683717904, -28.0, 8.0], [80.018183355047, 93.88458816742443, -28.0, 8.0], [77.76855095000639, 94.56683029015332, -28.0, 8.0], [75.50475813468822, 95.17150896910582, -28.0, 8.0], [73.2159989697765, 95.69687996802216, -28.0, 8.0], [70.89146751595521, 96.1411990506425, -28.0, 8.0], [68.50251033207425, 96.38890733024824, -28.0, 8.0], [66.05649581621309, 96.38197385766725, -28.0, 8.0], [63.57482845512979, 96.2086969196409, -28.0, 8.0], [61.078912735582406, 95.95737480291052, -28.0, 8.0], [58.590153144328966, 95.71630579421739, -28.0, 8.0], [56.12995416812755, 95.57378818030281, -28.0, 8.0], [53.71972029373621, 95.61812024790822, -28.0, 8.0], [51.38085600791298, 95.93760028377487, -28.0, 8.0], [49.13476579741595, 96.62052657464412, -28.0, 8.0], [46.722771765554754, 97.78759598294663, -28.0, 8.0], [44.33127312047608, 99.28445220045786, -28.0, 8.0], [41.98034450291923, 101.05959533664598, -28.0, 8.0], [39.6900605536235, 103.06152550097917, -28.0, 8.0], [37.48049591332818, 105.23874280292559, -28.0, 8.0], [35.37172522277254, 107.53974735195332, -28.0, 8.0], [33.383823122695894, 109.91303925753067, -28.0, 8.0], [31.53686425383751, 112.30711862912568, -28.0, 8.0], [29.85092325693669, 114.67048557620657, -28.0, 8.0], [28.342635714608605, 116.9930736228803, -28.0, 8.0], [26.933583497950995, 119.41521216934926, -28.0, 8.0], [25.63134936079028, 121.92133557217862, -28.0, 8.0], [24.443516056952845, 124.49587818793367, -28.0, 8.0], [23.37766634026509, 127.12327437317956, -28.0, 8.0], [22.44138296455342, 129.78795848448158, -28.0, 8.0], [21.64224868364423, 132.47436487840488, -28.0, 8.0], [20.98784625136392, 135.1669279115147, -28.0, 8.0], [20.48575842153889, 137.8500819403763, -28.0, 8.0], [20.191885178197083, 140.54385840844446, -28.0, 8.0], [20.126593759526074, 143.2738386808815, -28.0, 8.0], [20.24416780059171, 146.03278199681358, -28.0, 8.0], [20.49889093645983, 148.81344759536705, -28.0, 8.0], [20.845046802196265, 151.608594715668, -28.0, 8.0], [21.236919032866865, 154.41098259684273, -28.0, 8.0], [21.628791263537455, 157.21337047801748, -28.0, 8.0], [21.9749471292739, 160.00851759831846, -28.0, 8.0], [22.229670265142012, 162.78918319687187, -28.0, 8.0]], "num_spline_nodes": 10, "road_bbox_size": [0.0, 0.0, 250.0, 250.0], "distance_to_boundary": -1.189644042749038}, "seed": {"control_nodes": [[125.0, 0.0, -28.0, 8.0], [125.0, 25.0, -28.0, 8.0], [125.0, 50.0, -28.0, 8.0], [117.86079613857109, 73.63796438998293, -28.0, 8.0], [91.43214710214681, 89.37097416622886, -28.0, 8.0], [72.89146751595521, 94.14119905064248, -28.0, 8.0], [49.13476579741595, 97.62052657464412, -28.0, 8.0], [29.85092325693669, 114.67048557620657, -28.0, 8.0], [20.485758421538886, 137.85008194037627, -28.0, 8.0], [22.229670265142015, 162.78918319687187, -28.0, 8.0], [23.973582108745145, 187.72828445336748, -28.0, 8.0]],