{"name": "Road44", "members_distance": null, "m1": {"control_nodes": [[125.0, 0.0, -28.0, 8.0], [125.0, 25.0, -28.0, 8.0], [125.0, 50.0, -28.0, 8.0], [116.69070738193159, 70.90761889907589, -28.0, 8.0], [114.51181381324014, 106.81248635136953, -28.0, 8.0], [108.46508022811146, 120.62614014240258, -28.0, 8.0], [88.77044892079964, 143.85156500177627, -28.0, 8.0], [74.4309382583696, 152.81076374040876, -28.0, 8.0], [49.4461675828922, 151.93827632284624, -28.0, 8.0], [28.967366475667408, 166.2776872316224, -28.0, 8.0], [8.488565368442611, 180.61709814039855, -28.0, 8.0]], "sample_nodes": [[125.0, 25.0, -28.0, 8.0], [125.04932744152461, 27.79445056734804, -28.0, 8.0], [125.17264604533618, 30.61391031905146, -28.0, 8.0], [125.33296023029118, 33.44587466293258, -28.0, 8.0], [125.49327441524619, 36.277839006813714, -28.0, 8.0], [125.61659301905775, 39.09729875851714, -28.0, 8.0], [125.66592046058236, 41.89174932586516, -28.0, 8.0], [125.60426115867658, 44.64868611668012, -28.0, 8.0], [125.39461953219696, 47.355604538784306, -28.0, 8.0], [125.0, 50.0, -28.0, 8.0], [124.39995834568457, 52.40681517184816, -28.0, 8.0], [123.58557309481088, 54.70293116333167, -28.0, 8.0], [122.61407581579397, 56.926817651183455, -28.0, 8.0], [121.54269807704898, 59.11694431213658, -28.0, 8.0], [120.42867144699105, 61.311780822923964, -28.0, 8.0], [119.32922749403525, 63.549796860278605, -28.0, 8.0], [118.30159778659667, 65.8694621009335, -28.0, 8.0], [117.4030138930904, 68.30924622162159, -28.0, 8.0], [116.69070738193159, 70.90761889907589, -28.0, 8.0], [116.08805930568546, 74.52994579927568, -28.0, 8.0], [115.74831910830977, 78.51542047373727, -28.0, 8.0], [115.59744221216391, 82.74774060671156, -28.0, 8.0], [115.56138403960722, 87.1106038824493, -28.0, 8.0], [115.56610001299913, 91.48770798520138, -28.0, 8.0], [115.537545554699, 95.76275059921859, -28.0, 8.0], [115.4016760870662, 99.81942940875183, -28.0, 8.0], [115.08444703246013, 103.54144209805185, -28.0, 8.0], [114.51181381324012, 106.8124863513695, -28.0, 8.0], [114.03531789304616, 108.66134083140496, -28.0, 8.0], [113.53695944609966, 110.34042973992854, -28.0, 8.0], [113.0051763373972, 111.88886645842999, -28.0, 8.0], [112.42840643193529, 113.3457643683991, -28.0, 8.0], [111.7950875947104, 114.75023685132567, -28.0, 8.0], [111.09365769071906, 116.14139728869952, -28.0, 8.0], [110.31255458495778, 117.55835906201044, -28.0, 8.0], [109.44021614242308, 119.04023555274819, -28.0, 8.0], [108.46508022811145, 120.62614014240256, -28.0, 8.0], [106.84602832220688, 123.0919236750601, -28.0, 8.0], [104.95456319489652, 125.75021043097948, -28.0, 8.0], [102.84644332018566, 128.53080108906582, -28.0, 8.0], [100.57742717207942, 131.36349632822424, -28.0, 8.0], [98.20327322458301, 134.17809682735987, -28.0, 8.0], [95.77973995170163, 136.90440326537777, -28.0, 8.0], [93.36258582744048, 139.47221632118305, -28.0, 8.0], [91.00756932580475, 141.81133667368084, -28.0, 8.0], [88.77044892079965, 143.8515650017763, -28.0, 8.0], [87.19531839771284, 145.20785404853993, -28.0, 8.0], [85.67220469798767, 146.48935251480657, -28.0, 8.0], [84.17687042167566, 147.68945395076253, -28.0, 8.0], [82.68507816882848, 148.8015519065941, -28.0, 8.0], [81.17259053949768, 149.81903993248775, -28.0, 8.0], [79.61517013373481, 150.73531157862968, -28.0, 8.0], [77.98857955159143, 151.54376039520625, -28.0, 8.0], [76.26858139311918, 152.23777993240387, -28.0, 8.0], [74.4309382583696, 152.81076374040873, -28.0, 8.0], [71.99376527834265, 153.19719236001234, -28.0, 8.0], [69.34905139616761, 153.19271444901142, -28.0, 8.0], [66.54943064305996, 152.91307155630807, -28.0, 8.0], [63.64753705023509, 152.47400523080418, -28.0, 8.0], [60.69600464890842, 151.99125702140174, -28.0, 8.0], [57.74746747029538, 151.58056847700277, -28.0, 8.0], [54.85455954561138, 151.3576811465092, -28.0, 8.0], [52.06991490607185, 151.43833657882305, -28.0, 8.0], [49.44616758289221, 151.93827632284626, -28.0, 8.0], [46.972952334786186, 152.86380655215768, -28.0, 8.0], [44.59245250989524, 154.1023388046448, -28.0, 8.0], [42.286125023576346, 155.59127267567246, -28.0, 8.0], [40.035426791186495, 157.2680077606056, -28.0, 8.0], [37.82181472808268, 159.06994365480892, -28.0, 8.0], [35.62674574962186, 160.93447995364744, -28.0, 8.0], [33.43167677116107, 162.79901625248596, -28.0, 8.0], [31.218064708057256, 164.60095214668934, -28.0, 8.0], [28.967366475667408, 166.2776872316224, -28.0, 8.0]], "num_spline_nodes": 10, "road_bbox_size": [0.0, 0.0, 250.0, 250.0], "distance_to_boundary": -0.5048213838464193}, "seed": {"control_nodes": [[125.0, 0.0, -28.0, 8.0], [125.0, 25.0, -28.0, 8.0], [125.0, 50.0, -28.0, 8.0], [116.69070738193159, 68.90761889907589, -28.0, 8.0], [114.51181381324014, 106.81248635136953, -28.0, 8.0], [108.46508022811146, 116.62614014240258, -28.0, 8.0], [88.77044892079964, 143.85156500177627, -28.0, 8.0], [74.4309382583696, 152.81076374040876, -28.0, 8.0], [49.4461675828922, 151.93827632284624, -28.0, 8.0], [28.967366475667408, 166.2776872316224, -28.0, 8.0], [8.488565368442611, 180.61709814039855, -28.0, 8.0]],