{"name": "Road90", "members_distance": null, "m1": {"control_nodes": [[125.0, 0.0, -28.0, 8.0], [125.0, 25.0, -28.0, 8.0], [125.0, 50.0, -28.0, 8.0], [121.69070738193159, 70.90761889907589, -28.0, 8.0], [119.51181381324014, 100.81248635136953, -28.0, 8.0], [108.46508022811146, 118.62614014240258, -28.0, 8.0], [88.77044892079964, 143.85156500177627, -28.0, 8.0], [74.4309382583696, 152.81076374040876, -28.0, 8.0], [49.4461675828922, 151.93827632284624, -28.0, 8.0], [28.967366475667408, 166.2776872316224, -28.0, 8.0], [8.488565368442611, 180.61709814039855, -28.0, 8.0]], "sample_nodes": [[125.0, 25.0, -28.0, 8.0], [125.02055363747237, 27.790799977423333, -28.0, 8.0], [125.07193773115333, 30.601133254314988, -28.0, 8.0], [125.13873705293857, 33.42123318094082, -28.0, 8.0], [125.20553637472378, 36.24133310756665, -28.0, 8.0], [125.25692046840473, 39.051666384458315, -28.0, 8.0], [125.2774741058771, 41.84246636188165, -28.0, 8.0], [125.25178205903664, 44.60396639010248, -28.0, 8.0], [125.16442909977906, 47.32639981938666, -28.0, 8.0], [124.99999999999999, 50.0, -28.0, 8.0], [124.76411724610742, 52.39013781033951, -28.0, 8.0], [124.45186041887052, 54.707218044491384, -28.0, 8.0], [124.08183807551973, 56.97536512327433, -28.0, 8.0], [123.67265877328555, 59.21870346750717, -28.0, 8.0], [123.24293106939851, 61.461357498008596, -28.0, 8.0], [122.8112635210891, 63.72745163559742, -28.0, 8.0], [122.39626468558784, 66.04111030109243, -28.0, 8.0], [122.01654312012514, 68.42645791531231, -28.0, 8.0], [121.69070738193159, 70.90761889907589, -28.0, 8.0], [121.43060107881931, 74.04222291197902, -28.0, 8.0], [121.3087618321274, 77.36621148085513, -28.0, 8.0], [121.26786165528668, 80.81857969286061, -28.0, 8.0], [121.25057256172792, 84.3383226351519, -28.0, 8.0], [121.19956656488186, 87.86443539488536, -28.0, 8.0], [121.0575156781793, 91.33591305921746, -28.0, 8.0], [120.76709191505098, 94.69175071530461, -28.0, 8.0], [120.27096728892766, 97.87094345030314, -28.0, 8.0], [119.51181381324015, 100.81248635136953, -28.0, 8.0], [118.67720222173409, 103.06644312421176, -28.0, 8.0], [117.70574050259296, 105.16651435242737, -28.0, 8.0], [116.61399264787964, 107.14922292223076, -28.0, 8.0], [115.41852264965718, 109.05109171983635, -28.0, 8.0], [114.1358944999885, 110.90864363145863, -28.0, 8.0], [112.78267219093665, 112.75840154331195, -28.0, 8.0], [111.3754197145645, 114.63688834161077, -28.0, 8.0], [109.93070106293511, 116.58062691256951, -28.0, 8.0], [108.46508022811147, 118.62614014240258, -28.0, 8.0], [106.57030997578288, 121.35498103686395, -28.0, 8.0], [104.53836770792404, 124.27988990447051, -28.0, 8.0], [102.396592633139, 127.32476448065074, -28.0, 8.0], [100.17232396003166, 130.41350250083326, -28.0, 8.0], [97.892900897206, 133.47000170044643, -28.0, 8.0], [95.585662653266, 136.4181598149188, -28.0, 8.0], [93.27794843681563, 139.18187457967892, -28.0, 8.0], [90.99709745645883, 141.68504373015523, -28.0, 8.0], [88.77044892079964, 143.85156500177627, -28.0, 8.0], [87.20880637810266, 145.2414314864686, -28.0, 8.0], [85.69285816795957, 146.54076796663483, -28.0, 8.0], [84.1996313885835, 147.74611587726707, -28.0, 8.0], [82.70615313818757, 148.85401665335763, -28.0, 8.0], [81.18945051498496, 149.86101172989854, -28.0, 8.0], [79.62655061718871, 150.76364254188195, -28.0, 8.0], [77.99448054301197, 151.55845052430004, -28.0, 8.0], [76.27026739066791, 152.24197711214495, -28.0, 8.0], [74.4309382583696, 152.81076374040873, -28.0, 8.0], [71.99376527834265, 153.19719236001234, -28.0, 8.0], [69.34905139616761, 153.19271444901142, -28.0, 8.0], [66.54943064305996, 152.91307155630807, -28.0, 8.0], [63.64753705023509, 152.47400523080418, -28.0, 8.0], [60.69600464890842, 151.99125702140174, -28.0, 8.0], [57.74746747029538, 151.58056847700277, -28.0, 8.0], [54.85455954561138, 151.3576811465092, -28.0, 8.0], [52.06991490607185, 151.43833657882305, -28.0, 8.0], [49.44616758289221, 151.93827632284626, -28.0, 8.0], [46.972952334786186, 152.86380655215768, -28.0, 8.0], [44.59245250989524, 154.1023388046448, -28.0, 8.0], [42.286125023576346, 155.59127267567246, -28.0, 8.0], [40.035426791186495, 157.2680077606056, -28.0, 8.0], [37.82181472808268, 159.06994365480892, -28.0, 8.0], [35.62674574962186, 160.93447995364744, -28.0, 8.0], [33.43167677116107, 162.79901625248596, -28.0, 8.0], [31.218064708057256, 164.60095214668934, -28.0, 8.0], [28.967366475667408, 166.2776872316224, -28.0, 8.0]], "num_spline_nodes": 10, "road_bbox_size": [0.0, 0.0, 250.0, 250.0], "distance_to_boundary": -0.5197019430260057}, "seed": {"control_nodes": [[125.0, 0.0, -28.0, 8.0], [125.0, 25.0, -28.0, 8.0], [125.0, 50.0, -28.0, 8.0], [116.69070738193159, 70.90761889907589, -28.0, 8.0], [119.51181381324014, 100.81248635136953, -28.0, 8.0], [108.46508022811146, 118.62614014240258, -28.0, 8.0], [88.77044892079964, 143.85156500177627, -28.0, 8.0], [74.4309382583696, 152.81076374040876, -28.0, 8.0], [49.4461675828922, 151.93827632284624, -28.0, 8.0], [28.967366475667408, 166.2776872316224, -28.0, 8.0], [8.488565368442611, 180.61709814039855, -28.0, 8.0]],