{"name": "Road126", "members_distance": null, "m1": {"control_nodes": [[125.0, 0.0, -28.0, 8.0], [125.0, 25.0, -28.0, 8.0], [125.0, 50.0, -28.0, 8.0], [121.69070738193159, 76.90761889907589, -28.0, 8.0], [114.51181381324014, 101.81248635136953, -28.0, 8.0], [108.46508022811146, 120.62614014240258, -28.0, 8.0], [88.77044892079964, 143.85156500177627, -28.0, 8.0], [74.4309382583696, 152.81076374040876, -28.0, 8.0], [49.4461675828922, 151.93827632284624, -28.0, 8.0], [28.967366475667408, 166.2776872316224, -28.0, 8.0], [8.488565368442611, 180.61709814039855, -28.0, 8.0]], "sample_nodes": [[125.0, 25.0, -28.0, 8.0], [125.01708370665703, 27.773266838339165, -28.0, 8.0], [125.05979297329962, 30.5397672675204, -28.0, 8.0], [125.11531501993497, 33.30288449212268, -28.0, 8.0], [125.17083706657031, 36.06600171672497, -28.0, 8.0], [125.21354633321289, 38.832502145906204, -28.0, 8.0], [125.23063003986991, 41.60576898424536, -28.0, 8.0], [125.20927540654864, 44.38918543632141, -28.0, 8.0], [125.13666965325625, 47.18613470671331, -28.0, 8.0], [125.0, 50.0, -28.0, 8.0], [124.80288352121877, 52.95857363661533, -28.0, 8.0], [124.5698595172569, 55.94744927640287, -28.0, 8.0], [124.2980402095128, 58.95697911049758, -28.0, 8.0], [123.98453781938493, 61.97751533003448, -28.0, 8.0], [123.62646456827154, 64.99941012614852, -28.0, 8.0], [123.22093267757114, 68.0130156899747, -28.0, 8.0], [122.76505436868212, 71.008684212648, -28.0, 8.0], [122.25594186300277, 73.9767678853034, -28.0, 8.0], [121.69070738193159, 76.90761889907589, -28.0, 8.0], [121.06270731720942, 79.75547606827783, -28.0, 8.0], [120.35225309505026, 82.6042666244129, -28.0, 8.0], [119.57650491404382, 85.44494950795588, -28.0, 8.0], [118.75262297277993, 88.26848365938159, -28.0, 8.0], [117.89776746984832, 91.06582801916483, -28.0, 8.0], [117.02909860383878, 93.82794152778044, -28.0, 8.0], [116.16377657334107, 96.54578312570321, -28.0, 8.0], [115.31896157694493, 99.21031175340798, -28.0, 8.0], [114.51181381324014, 101.81248635136953, -28.0, 8.0], [113.87895536039743, 104.02341689361887, -28.0, 8.0], [113.32246039051049, 106.17885284478885, -28.0, 8.0], [112.80542303577045, 108.28966425475623, -28.0, 8.0], [112.29093742836821, 110.36672117339769, -28.0, 8.0], [111.7420977004949, 112.42089365059002, -28.0, 8.0], [111.12199798434153, 114.46305173620993, -28.0, 8.0], [110.39373241209914, 116.50406548013417, -28.0, 8.0], [109.52039511595879, 118.55480493223946, -28.0, 8.0], [108.46508022811147, 120.62614014240259, -28.0, 8.0], [106.86658836897486, 123.28345420259062, -28.0, 8.0], [104.98604576651005, 126.0434915512606, -28.0, 8.0], [102.88113839910663, 128.8540088542736, -28.0, 8.0], [100.6095522451544, 131.66276277749068, -28.0, 8.0], [98.22897328304299, 134.417509986773, -28.0, 8.0], [95.7970874911621, 137.06600714798162, -28.0, 8.0], [93.37158084790147, 139.55601092697765, -28.0, 8.0], [91.01013933165076, 141.83527798962217, -28.0, 8.0], [88.77044892079962, 143.85156500177624, -28.0, 8.0], [87.19531839771284, 145.20785404853993, -28.0, 8.0], [85.67220469798767, 146.48935251480657, -28.0, 8.0], [84.17687042167566, 147.68945395076253, -28.0, 8.0], [82.68507816882848, 148.8015519065941, -28.0, 8.0], [81.17259053949768, 149.81903993248775, -28.0, 8.0], [79.61517013373481, 150.73531157862968, -28.0, 8.0], [77.98857955159143, 151.54376039520625, -28.0, 8.0], [76.26858139311918, 152.23777993240387, -28.0, 8.0], [74.4309382583696, 152.81076374040873, -28.0, 8.0], [71.99376527834265, 153.19719236001234, -28.0, 8.0], [69.34905139616761, 153.19271444901142, -28.0, 8.0], [66.54943064305996, 152.91307155630807, -28.0, 8.0], [63.64753705023509, 152.47400523080418, -28.0, 8.0], [60.69600464890842, 151.99125702140174, -28.0, 8.0], [57.74746747029538, 151.58056847700277, -28.0, 8.0], [54.85455954561138, 151.3576811465092, -28.0, 8.0], [52.06991490607185, 151.43833657882305, -28.0, 8.0], [49.44616758289221, 151.93827632284626, -28.0, 8.0], [46.972952334786186, 152.86380655215768, -28.0, 8.0], [44.59245250989524, 154.1023388046448, -28.0, 8.0], [42.286125023576346, 155.59127267567246, -28.0, 8.0], [40.035426791186495, 157.2680077606056, -28.0, 8.0], [37.82181472808268, 159.06994365480892, -28.0, 8.0], [35.62674574962186, 160.93447995364744, -28.0, 8.0], [33.43167677116107, 162.79901625248596, -28.0, 8.0], [31.218064708057256, 164.60095214668934, -28.0, 8.0], [28.967366475667408, 166.2776872316224, -28.0, 8.0]], "num_spline_nodes": 10, "road_bbox_size": [0.0, 0.0, 250.0, 250.0], "distance_to_boundary": -0.5031988174331574}, "seed": {"control_nodes": [[125.0, 0.0, -28.0, 8.0], [125.0, 25.0, -28.0, 8.0], [125.0, 50.0, -28.0, 8.0], [116.69070738193159, 68.90761889907589, -28.0, 8.0], [114.51181381324014, 106.81248635136953, -28.0, 8.0], [108.46508022811146, 116.62614014240258, -28.0, 8.0], [88.77044892079964, 143.85156500177627, -28.0, 8.0], [74.4309382583696, 152.81076374040876, -28.0, 8.0], [49.4461675828922, 151.93827632284624, -28.0, 8.0], [28.967366475667408, 166.2776872316224, -28.0, 8.0], [8.488565368442611, 180.61709814039855, -28.0, 8.0]],