{"control_nodes": [[-4.592425496802574e-15, -25.0, -28.0, 8.0], [0.0, 0.0, -28.0, 8.0], [0.43631016093208996, 24.996192378909782, -28.0, 8.0], [0.8726203218641799, 49.992384757819565, -28.0, 8.0], [25.564828836742624, 53.90324638382533, -28.0, 8.0], [34.52402757537513, 77.24275704625538, -28.0, 8.0], [19.47865199657392, 97.2086447974377, -28.0, 8.0], [12.169359378505504, 121.11626369651358, -28.0, 8.0], [6.971567108061521, 145.56995371485874, -28.0, 8.0], [28.837059786546416, 157.69019422101718, -28.0, 8.0], [53.65071357757947, 154.6434606358885, -28.0, 8.0], [78.46436736861251, 151.5967270507598, -28.0, 8.0]], "sample_nodes": [[0.0, 0.0, -28.0, 8.0], [0.012658656076029565, 1.3156790032662282, -28.0, 8.0], [0.02754370894935066, 2.6313385770619515, -28.0, 8.0], [0.044464324608766974, 3.9469803867703668, -28.0, 8.0], [0.06322966904308198, 5.262606097774648, -28.0, 8.0], [0.08364890824109937, 6.578217375457992, -28.0, 8.0], [0.10553120819162266, 7.893815885203578, -28.0, 8.0], [0.12868573488345536, 9.20940329239459, -28.0, 8.0], [0.15292165430540106, 10.524981262414212, -28.0, 8.0], [0.17804813244626355, 11.840551460645646, -28.0, 8.0], [0.20387433529484628, 13.156115552472063, -28.0, 8.0], [0.2302094288399526, 14.471675203276643, -28.0, 8.0], [0.2568625790703865, 15.78723207844259, -28.0, 8.0], [0.28364295197495115, 17.10278784335307, -28.0, 8.0], [0.31035971354245045, 18.418344163391282, -28.0, 8.0], [0.33682202976168785, 19.733902703940412, -28.0, 8.0], [0.36283906662146675, 21.049465130383634, -28.0, 8.0], [0.38821999011059116, 22.36503310810415, -28.0, 8.0], [0.41277396621786433, 23.68060830248514, -28.0, 8.0], [0.43631016093208996, 24.996192378909782, -28.0, 8.0], [0.42744660690248903, 26.3394484549504, -28.0, 8.0], [0.3620012809435774, 27.7318903149313, -28.0, 8.0], [0.25058326529210095, 29.164295624363696, -28.0, 8.0], [0.10380164218480548, 30.627442048758766, -28.0, 8.0], [-0.06773450614156373, 32.11210725362773, -28.0, 8.0], [-0.25341609745026067, 33.60906890448175, -28.0, 8.0], [-0.44263404950453894, 35.109104666832046, -28.0, 8.0], [-0.6247792800676532, 36.602992206189796, -28.0, 8.0], [-0.7892427069028588, 38.08150918806622, -28.0, 8.0], [-0.9254152477734088, 39.5354332779725, -28.0, 8.0], [-1.0226878204425571, 40.95554214141981, -28.0, 8.0], [-1.0704513426735596, 42.332613443919385, -28.0, 8.0], [-1.0580967322296686, 43.65742485098237, -28.0, 8.0], [-0.9750149068741403, 44.920754028120015, -28.0, 8.0], [-0.8105967843702265, 46.11337864084348, -28.0, 8.0], [-0.5542332824811853, 47.226076354663974, -28.0, 8.0], [-0.19531531897026744, 48.249624835092696, -28.0, 8.0], [0.27676618839927264, 49.17480174764083, -28.0, 8.0], [0.8726203218641799, 49.992384757819565, -28.0, 8.0], [1.6199637871678734, 50.67073244518372, -28.0, 8.0], [2.527780295015382, 51.19616499026262, -28.0, 8.0], [3.5785794350858837, 51.58640246002934, -28.0, 8.0], [4.7548707970585395, 51.85916492145686, -28.0, 8.0], [6.039163970612528, 52.03217244151823, -28.0, 8.0], [7.413968545427013, 52.12314508718646, -28.0, 8.0], [8.861794111181162, 52.149802925434585, -28.0, 8.0], [10.365150257554143, 52.12986602323565, -28.0, 8.0], [11.906546574225139, 52.081054447562636, -28.0, 8.0], [13.468492650873308, 52.0210882653886, -28.0, 8.0], [15.03349807717781, 51.967687543686566, -28.0, 8.0], [16.584072442817845, 51.938572349429556, -28.0, 8.0], [18.102725337472542, 51.9514627495906, -28.0, 8.0], [19.571966350821103, 52.02407881114271, -28.0, 8.0], [20.974305072542688, 52.17414060105893, -28.0, 8.0], [22.292251092316455, 52.41936818631226, -28.0, 8.0], [23.508313999821596, 52.77748163387578, -28.0, 8.0], [24.605003384737262, 53.266201010722455, -28.0, 8.0], [25.564828836742624, 53.90324638382533, -28.0, 8.0], [26.439454802226674, 54.67719080887824, -28.0, 8.0], [27.289794114687, 55.55814510167491, -28.0, 8.0], [28.112228944465713, 56.53613596933848, -28.0, 8.0], [28.9031414619049, 57.60119011899194, -28.0, 8.0], [29.65891383734666, 58.74333425775836, -28.0, 8.0], [30.37592824113309, 59.952595092760795, -28.0, 8.0], [31.050566843606283, 61.21899933112226, -28.0, 8.0], [31.679211815108328, 62.53257367996584, -28.0, 8.0], [32.25824532598134, 63.88334484641458, -28.0, 8.0], [32.7840495465674, 65.26133953759151, -28.0, 8.0], [33.25300664720861, 66.65658446061965, -28.0, 8.0], [33.66149879824706, 68.05910632262211, -28.0, 8.0], [34.005908170024846, 69.4589318307219, -28.0, 8.0], [34.282616932884075, 70.84608769204208, -28.0, 8.0], [34.48800725716684, 72.21060061370565, -28.0, 8.0], [34.618461313215235, 73.54249730283574, -28.0, 8.0], [34.67036127137135, 74.83180446655537, -28.0, 8.0], [34.640089301977284, 76.06854881198757, -28.0, 8.0], [34.52402757537513, 77.24275704625538, -28.0, 8.0], [34.288969361179255, 78.36810138354477, -28.0, 8.0], [33.91337500053607, 79.46703596718785, -28.0, 8.0], [33.41112727108589, 80.54276039802694, -28.0, 8.0], [32.79610895046892, 81.59847427690437, -28.0, 8.0], [32.08220281632543, 82.63737720466244, -28.0, 8.0], [31.28329164629567, 83.66266878214347, -28.0, 8.0], [30.413258218019898, 84.67754861018975, -28.0, 8.0], [29.485985309138375, 85.68521628964362, -28.0, 8.0], [28.51535569729134, 86.68887142134737, -28.0, 8.0], [27.51525216011905, 87.69171360614334, -28.0, 8.0], [26.49955747526176, 88.69694244487378, -28.0, 8.0], [25.48215442035972, 89.7077575383811, -28.0, 8.0], [24.476925773053203, 90.72735848750753, -28.0, 8.0], [23.497754310982433, 91.75894489309545, -28.0, 8.0], [22.558522811787686, 92.80571635598709, -28.0, 8.0], [21.67311405310921, 93.87087247702485, -28.0, 8.0], [20.85541081258726, 94.957612857051, -28.0, 8.0], [20.119295867862075, 96.06913709690784, -28.0, 8.0], [19.47865199657392, 97.2086447974377, -28.0, 8.0], [18.908466316753245, 98.37312582040524, -28.0, 8.0], [18.372830702257488, 99.55644682766605, -28.0, 8.0], [17.869285064467423, 100.75712262019913, -28.0, 8.0], [17.39536931476382, 101.97366799898327, -28.0, 8.0], [16.948623364527435, 103.2045977649974, -28.0, 8.0], [16.526587125139038, 104.44842671922038, -28.0, 8.0], [16.1268005079794, 105.70366966263106, -28.0, 8.0], [15.746803424429286, 106.96884139620835, -28.0, 8.0], [15.384135785869454, 108.24245672093113, -28.0, 8.0], [15.036337503680677, 109.52303043777827, -28.0, 8.0], [14.70094848924372, 110.80907734772862, -28.0, 8.0], [14.375508653939345, 112.09911225176113, -28.0, 8.0], [14.057557909148331, 113.3916499508546, -28.0, 8.0], [13.744636166251427, 114.68520524598796, -28.0, 8.0], [13.434283336629406, 115.97829293814006, -28.0, 8.0], [13.124039331663042, 117.26942782828979, -28.0, 8.0], [12.811444062733093, 118.55712471741606, -28.0, 8.0], [12.494037441220325, 119.8398984064977, -28.0, 8.0], [12.169359378505504, 121.11626369651358, -28.0, 8.0], [11.81040973125579, 122.40658584564768, -28.0, 8.0], [11.399104048575836, 123.72846473503095, -28.0, 8.0], [10.946355780502664, 125.07626710006308, -28.0, 8.0], [10.463078377073288, 126.4443596761435, -28.0, 8.0], [9.960185288324732, 127.82710919867186, -28.0, 8.0], [9.448589964294015, 129.21888240304773, -28.0, 8.0], [8.939205855018152, 130.61404602467067, -28.0, 8.0], [8.442946410534164, 132.00696679894023, -28.0, 8.0], [7.970725080879074, 133.39201146125598, -28.0, 8.0], [7.533455316089894, 134.76354674701747, -28.0, 8.0], [7.142050566203649, 136.1159393916243, -28.0, 8.0], [6.807424281257353, 137.443556130476, -28.0, 8.0], [6.540489911288027, 138.74076369897216, -28.0, 8.0], [6.352160906332692, 140.0019288325124, -28.0, 8.0], [6.253350716428364, 141.2214182664962, -28.0, 8.0], [6.254972791612066, 142.39359873632316, -28.0, 8.0], [6.367940581920812, 143.51283697739285, -28.0, 8.0], [6.603167537391625, 144.57349972510485, -28.0, 8.0], [6.971567108061521, 145.56995371485874, -28.0, 8.0], [7.479317107360784, 146.5190612247755, -28.0, 8.0], [8.118288041987606, 147.44061382180902, -28.0, 8.0], [8.877932401880882, 148.33337217460831, -28.0, 8.0], [9.747702676979499, 149.19609695182203, -28.0, 8.0], [10.717051357222353, 150.02754882209928, -28.0, 