{"name": "Road8", "members_distance": null, "m1": {"control_nodes": [[125.0, 0.0, -28.0, 8.0], [125.0, 25.0, -28.0, 8.0], [125.0, 50.0, -28.0, 8.0], [116.69070738193159, 81.90761889907589, -28.0, 8.0], [116.51181381324014, 95.81248635136953, -28.0, 8.0], [108.46508022811146, 116.62614014240258, -28.0, 8.0], [92.77044892079964, 143.85156500177627, -28.0, 8.0], [74.4309382583696, 152.81076374040876, -28.0, 8.0], [49.4461675828922, 151.93827632284624, -28.0, 8.0], [28.967366475667408, 166.2776872316224, -28.0, 8.0], [8.488565368442611, 180.61709814039855, -28.0, 8.0]], "sample_nodes": [[125.0, 25.0, -28.0, 8.0], [125.03695775278433, 27.763557950868893, -28.0, 8.0], [125.12935213474518, 30.505786161374452, -28.0, 8.0], [125.24946483129426, 33.237349501698354, -28.0, 8.0], [125.36957752784332, 35.968912842022256, -28.0, 8.0], [125.46197190980416, 38.71114105252782, -28.0, 8.0], [125.49892966258847, 41.47469900339671, -28.0, 8.0], [125.45273247160809, 44.27025156481059, -28.0, 8.0], [125.29566202227468, 47.10846360695114, -28.0, 8.0], [124.99999999999999, 50.0, -28.0, 8.0], [124.41323525093264, 53.46509383170126, -28.0, 8.0], [123.56351007724314, 57.105269620996644, -28.0, 8.0], [122.52746930524022, 60.85408479574777, -28.0, 8.0], [121.38175776123268, 64.64509678381629, -28.0, 8.0], [120.20302027152923, 68.41186301306377, -28.0, 8.0], [119.06790166243866, 72.08794091135184, -28.0, 8.0], [118.0530467602697, 75.60688790654216, -28.0, 8.0], [117.23510039133109, 78.9022614264963, -28.0, 8.0], [116.69070738193159, 81.90761889907589, -28.0, 8.0], [116.52037247700625, 83.6760060316772, -28.0, 8.0], [116.4794033168837, 85.31560104747791, -28.0, 8.0], [116.52847792254897, 86.85766465437929, -28.0, 8.0], [116.62827431498695, 88.33345756028253, -28.0, 8.0], [116.73947051518257, 89.77424047308887, -28.0, 8.0], [116.82274454412078, 91.21127410069951, -28.0, 8.0], [116.83877442278649, 92.67581915101567, -28.0, 8.0], [116.74823817216462, 94.1991363319386, -28.0, 8.0], [116.51181381324014, 95.81248635136953, -28.0, 8.0], [116.02738959895922, 97.95746375550252, -28.0, 8.0], [115.40210493380629, 100.15999785480423, -28.0, 8.0], [114.65243672938601, 102.4133840793671, -28.0, 8.0], [113.79486189730304, 104.71091785928354, -28.0, 8.0], [112.84585734916206, 107.04589462464588, -28.0, 8.0], [111.82189999656771, 109.41160980554653, -28.0, 8.0], [110.73946675112474, 111.80135883207798, -28.0, 8.0], [109.61503452443776, 114.20843713433253, -28.0, 8.0], [108.46508022811146, 116.62614014240258, -28.0, 8.0], [107.05693860388799, 119.62873337429858, -28.0, 8.0], [105.5759126016621, 122.83456655734724, -28.0, 8.0], [104.0172698514194, 126.15894263834394, -28.0, 8.0], [102.37627798314534, 129.5171645640841, -28.0, 8.0], [100.64820462682556, 132.82453528136318, -28.0, 8.0], [98.82831741244556, 135.9963577369765, -28.0, 8.0], [96.91188396999087, 138.94793487771952, -28.0, 8.0], [94.89417192944704, 141.59456965038765, -28.0, 8.0], [92.77044892079964, 143.8515650017763, -28.0, 8.0], [90.97775031740782, 145.40643175763404, -28.0, 8.0], [89.11363691035686, 146.7990430784365, -28.0, 8.0], [87.18246238654943, 148.03900126892054, -28.0, 8.0], [85.18858043288822, 149.13590863382322, -28.0, 8.0], [83.13634473627593, 150.0993674778814, -28.0, 8.0], [81.03010898361524, 150.93898010583212, -28.0, 8.0], [78.87422686180881, 151.66434882241225, -28.0, 8.0], [76.67305205775936, 152.2850759323588, -28.0, 8.0], [74.4309382583696, 152.81076374040873, -28.0, 8.0], [71.84633702612697, 153.12788243947185, -28.0, 8.0], [69.1233018849624, 153.08658363318386, -28.0, 8.0], [66.30064546744603, 152.79611106539605, -28.0, 8.0], [63.417180406148134, 152.36570847995972, -28.0, 8.0], [60.51171933363885, 151.90461962072618, -28.0, 8.0], [57.623074882488424, 151.52208823154677, -28.0, 8.0], [54.79005968526703, 151.32735805627277, -28.0, 8.0], [52.05148637454489, 151.4296728387555, -28.0, 8.0], [49.44616758289221, 151.93827632284626, -28.0, 8.0], [46.972952334786186, 152.86380655215768, -28.0, 8.0], [44.59245250989524, 154.1023388046448, -28.0, 8.0], [42.286125023576346, 155.59127267567246, -28.0, 8.0], [40.035426791186495, 157.2680077606056, -28.0, 8.0], [37.82181472808268, 159.06994365480892, -28.0, 8.0], [35.62674574962186, 160.93447995364744, -28.0, 8.0], [33.43167677116107, 162.79901625248596, -28.0, 8.0], [31.218064708057256, 164.60095214668934, -28.0, 8.0], [28.967366475667408, 166.2776872316224, -28.0, 8.0]], "num_spline_nodes": 10, "road_bbox_size": [0.0, 0.0, 250.0, 250.0], "distance_to_boundary": -0.5610786917984352}, "seed": {"control_nodes": [[125.0, 0.0, -28.0, 8.0], [125.0, 25.0, -28.0, 8.0], [125.0, 50.0, -28.0, 8.0], [116.69070738193159, 81.90761889907589, -28.0, 8.0], [116.51181381324014, 95.81248635136953, -28.0, 8.0], [108.46508022811146, 116.62614014240258, -28.0, 8.0], [92.77044892079964, 143.85156500177627, -28.0, 8.0], [74.4309382583696, 152.81076374040876, -28.0, 8.0], [49.4461675828922, 151.93827632284624, -28.0, 8.0], [28.967366475667408, 166.2776872316224, -28.0, 8.0], [8.488565368442611, 180.61709814039855, -28.0, 8.0]],