{"name": "Road4", "members_distance": null, "m1": {"control_nodes": [[125.0, 0.0, -28.0, 8.0], [125.0, 25.0, -28.0, 8.0], [125.0, 50.0, -28.0, 8.0], [116.69070738193159, 82.90761889907589, -28.0, 8.0], [115.51181381324014, 97.81248635136953, -28.0, 8.0], [109.46508022811146, 116.62614014240258, -28.0, 8.0], [91.77044892079964, 143.85156500177627, -28.0, 8.0], [74.4309382583696, 152.81076374040876, -28.0, 8.0], [49.4461675828922, 151.93827632284624, -28.0, 8.0], [28.967366475667408, 166.2776872316224, -28.0, 8.0], [8.488565368442611, 180.61709814039855, -28.0, 8.0]], "sample_nodes": [[125.0, 25.0, -28.0, 8.0], [125.0361447943048, 27.76134205630671, -28.0, 8.0], [125.12650678006682, 30.498030530406805, -28.0, 8.0], [125.24397736155743, 33.2223922134036, -28.0, 8.0], [125.36144794304803, 35.94675389640041, -28.0, 8.0], [125.45180992881006, 38.683442370500515, -28.0, 8.0], [125.48795472311485, 41.44478442680722, -28.0, 8.0], [125.44277373023385, 44.243106856423836, -28.0, 8.0], [125.28915835443843, 47.09073645045366, -28.0, 8.0], [125.0, 50.0, -28.0, 8.0], [124.4262195931211, 53.54682922325279, -28.0, 8.0], [123.60378468134036, 57.28073591559709, -28.0, 8.0], [122.60181780299482, 61.1332839699199, -28.0, 8.0], [121.48944149642148, 65.0360372791082, -28.0, 8.0], [120.33577829995727, 68.92055973604893, -28.0, 8.0], [119.20995075193913, 72.71841523362907, -28.0, 8.0], [118.18108139070422, 76.36116766473566, -28.0, 8.0], [117.31829275458934, 79.7803809222556, -28.0, 8.0], [116.69070738193159, 82.90761889907589, -28.0, 8.0], [116.42868650031566, 84.79919981466514, -28.0, 8.0], [116.26909989094703, 86.56572680389543, -28.0, 8.0], [116.1820863700751, 88.23556392106332, -28.0, 8.0], [116.13778475394926, 89.8370752204654, -28.0, 8.0], [116.1063338588189, 91.39862475639828, -28.0, 8.0], [116.0578725009334, 92.94857658315853, -28.0, 8.0], [115.96253949654218, 94.51529475504276, -28.0, 8.0], [115.79047366189462, 96.12714332634755, -28.0, 8.0], [115.51181381324014, 97.81248635136953, -28.0, 8.0], [115.09753145970588, 99.81243438879878, -28.0, 8.0], [114.6359582397054, 101.83181766843747, -28.0, 8.0], [114.1197641388276, 103.87199872284076, -28.0, 8.0], [113.54161914266126, 105.93434008456369, -28.0, 8.0], [112.89419323679527, 108.02020428616143, -28.0, 8.0], [112.17015640681848, 110.1309538601891, -28.0, 8.0], [111.36217863831965, 112.26795133920174, -28.0, 8.0], [110.4629299168877, 114.43255925575454, -28.0, 8.0], [109.46508022811147, 116.62614014240259, -28.0, 8.0], [108.01827811458286, 119.59470340445935, -28.0, 8.0], [106.38490728442957, 122.78043855227001, -28.0, 8.0], [104.5892898985199, 126.09632377171229, -28.0, 8.0], [102.65574811772206, 129.45533724866374, -28.0, 8.0], [100.60860410290434, 132.77045716900204, -28.0, 8.0], [98.47218001493498, 135.95466171860477, -28.0, 8.0], [96.27079801468223, 138.92092908334965, -28.0, 8.0], [94.02878026301434, 141.58223744911427, -28.0, 8.0], [91.77044892079962, 143.85156500177627, -28.0, 8.0], [90.0070444421462, 145.36289066418226, -28.0, 8.0], [88.21513676818725, 146.7310192101847, -28.0, 8.0], [86.3894550022138, 147.96205021082523, -28.0, 8.0], [84.524728247517, 149.06208323714577, -28.0, 8.0], [82.61568560738786, 150.03721786018795, -28.0, 8.0], [80.65705618511748, 150.89355365099357, -28.0, 8.0], [78.64356908399694, 151.6371901806044, -28.0, 8.0], [76.56995340731727, 152.2742270200622, -28.0, 8.0], [74.4309382583696, 152.81076374040876, -28.0, 8.0], [71.87997006746981, 153.14362636011134, -28.0, 8.0], [69.17480247951859, 153.11069151166308, -28.0, 8.0], [66.35740122471205, 152.82267893147514, -28.0, 8.0], [63.46973203324629, 152.3903083559589, -28.0, 8.0], [60.55376063531739, 151.92429952152554, -28.0, 8.0], [57.65145276112143, 151.5353721645863, -28.0, 8.0], [54.80477414085451, 151.33424602155256, -28.0, 8.0], [52.05569050471275, 151.43164082883544, -28.0, 8.0], [49.4461675828922, 151.93827632284624, -28.0, 8.0], [46.972952334786186, 152.86380655215768, -28.0, 8.0], [44.59245250989524, 154.1023388046448, -28.0, 8.0], [42.286125023576346, 155.59127267567246, -28.0, 8.0], [40.035426791186495, 157.2680077606056, -28.0, 8.0], [37.82181472808268, 159.06994365480892, -28.0, 8.0], [35.62674574962186, 160.93447995364744, -28.0, 8.0], [33.43167677116107, 162.79901625248596, -28.0, 8.0], [31.218064708057256, 164.60095214668934, -28.0, 8.0], [28.967366475667408, 166.2776872316224, -28.0, 8.0]], "num_spline_nodes": 10, "road_bbox_size": [0.0, 0.0, 250.0, 250.0], "distance_to_boundary": -0.495939432041685}, "seed": {"control_nodes": [[125.0, 0.0, -28.0, 8.0], [125.0, 25.0, -28.0, 8.0], [125.0, 50.0, -28.0, 8.0], [116.69070738193159, 82.90761889907589, -28.0, 8.0], [115.51181381324014, 97.81248635136953, -28.0, 8.0], [109.46508022811146, 116.62614014240258, -28.0, 8.0], [91.77044892079964, 143.85156500177627, -28.0, 8.0], [74.4309382583696, 152.81076374040876, -28.0, 8.0], [49.4461675828922, 151.93827632284624, -28.0, 8.0], [28.967366475667408, 166.2776872316224, -28.0, 8.0], [8.488565368442611, 180.61709814039855, -28.0, 8.0]],