{"name": "Road2", "members_distance": null, "m1": {"control_nodes": [[125.0, 0.0, -28.0, 8.0], [125.0, 25.0, -28.0, 8.0], [125.0, 50.0, -28.0, 8.0], [117.69070738193159, 74.90761889907589, -28.0, 8.0], [112.51181381324014, 96.81248635136953, -28.0, 8.0], [107.46508022811146, 121.62614014240258, -28.0, 8.0], [89.77044892079964, 143.85156500177627, -28.0, 8.0], [74.4309382583696, 152.81076374040876, -28.0, 8.0], [49.4461675828922, 151.93827632284624, -28.0, 8.0], [28.967366475667408, 166.2776872316224, -28.0, 8.0], [8.488565368442611, 180.61709814039855, -28.0, 8.0]], "sample_nodes": [[125.0, 25.0, -28.0, 8.0], [125.03898888528481, 27.780801465221828, -28.0, 8.0], [125.13646109849682, 30.566138461609725, -28.0, 8.0], [125.26317497567243, 33.35374322358066, -28.0, 8.0], [125.38988885284806, 36.14134798555161, -28.0, 8.0], [125.48736106606006, 38.926684981939516, -28.0, 8.0], [125.52634995134483, 41.70748644716133, -28.0, 8.0], [125.47761384473887, 44.48148461563405, -28.0, 8.0], [125.31191108227843, 47.246411721774614, -28.0, 8.0], [125.0, 50.0, -28.0, 8.0], [124.50178784923989, 52.800495378395155, -28.0, 8.0], [123.83686780884602, 55.60101610699916, -28.0, 8.0], [123.04305060221817, 58.39801751778819, -28.0, 8.0], [122.1581469527563, 61.18795494273849, -28.0, 8.0], [121.21996758386024, 63.967283713826255, -28.0, 8.0], [120.26632321892987, 66.73245916302766, -28.0, 8.0], [119.33502458136506, 69.47993662231893, -28.0, 8.0], [118.46388239456567, 72.20617142367628, -28.0, 8.0], [117.69070738193159, 74.90761889907589, -28.0, 8.0], [117.04413994279923, 77.3881229621766, -28.0, 8.0], [116.42650585683188, 79.83114744038579, -28.0, 8.0], [115.83302670342901, 82.24775895204253, -28.0, 8.0], [115.25892406199019, 84.64902411548587, -28.0, 8.0], [114.69941951191493, 87.04600954905492, -28.0, 8.0], [114.14973463260279, 89.44978187108875, -28.0, 8.0], [113.60509100345323, 91.87140769992638, -28.0, 8.0], [113.06071020386584, 94.32195365390696, -28.0, 8.0], [112.51181381324012, 96.81248635136953, -28.0, 8.0], [111.9930331838761, 99.51856097795569, -28.0, 8.0], [111.5769026493062, 102.2887311546008, -28.0, 8.0], [111.21493278889427, 105.10099143308622, -28.0, 8.0], [110.85863418200407, 107.93333636519336, -28.0, 8.0], [110.4595174079994, 110.76376050270356, -28.0, 8.0], [109.96909304624401, 113.57025839739822, -28.0, 8.0], [109.33887167610172, 116.3308246010587, -28.0, 8.0], [108.52036387693627, 119.02345366546636, -28.0, 8.0], [107.46508022811147, 121.62614014240259, -28.0, 8.0], [106.06710965727675, 124.34562515120643, -28.0, 8.0], [104.42339789057905, 127.07937738535671, -28.0, 8.0], [102.57839477184297, 129.79449731708743, -28.0, 8.0], [100.57655014489316, 132.4580854186329, -28.0, 8.0], [98.4623138535542, 135.03724216222722, -28.0, 8.0], [96.28013574165078, 137.49906802010457, -28.0, 8.0], [94.07446565300746, 139.8106634644991, -28.0, 8.0], [91.88975343144887, 141.93912896764496, -28.0, 8.0], [89.77044892079965, 143.8515650017763, -28.0, 8.0], [88.14700690744164, 145.22970039498549, -28.0, 8.0], [86.5421596686137, 146.5242618078438, -28.0, 8.0], [84.93926500877672, 147.73006642478444, -28.0, 8.0], [83.3216807323914, 148.84193143024038, -28.0, 8.0], [81.67276464391865, 149.85467400864476, -28.0, 8.0], [79.9758745478193, 150.7631113444307, -28.0, 8.0], [78.21436824855411, 151.56206062203125, -28.0, 8.0], [76.37160355058391, 152.2463390258796, -28.0, 8.0], [74.43093825836961, 152.8107637404088, -28.0, 8.0], [71.95345594594245, 153.17821131370434, -28.0, 8.0], [69.28732773092985, 153.16364972185235, -28.0, 8.0], [66.48140864463466, 152.88104104066332, -28.0, 8.0], [63.584553718359814, 152.44434734594796, -28.0, 8.0], [60.64561798340819, 151.96753071351674, -28.0, 8.0], [57.71345647108273, 151.5645532191804, -28.0, 8.0], [54.8369242126863, 151.34937693874946, -28.0, 8.0], [52.06487623952182, 151.43596394803455, -28.0, 8.0], [49.446167582892194, 151.9382763228462, -28.0, 8.0], [46.972952334786186, 152.86380655215768, -28.0, 8.0], [44.59245250989524, 154.1023388046448, -28.0, 8.0], [42.286125023576346, 155.59127267567246, -28.0, 8.0], [40.035426791186495, 157.2680077606056, -28.0, 8.0], [37.82181472808268, 159.06994365480892, -28.0, 8.0], [35.62674574962186, 160.93447995364744, -28.0, 8.0], [33.43167677116107, 162.79901625248596, -28.0, 8.0], [31.218064708057256, 164.60095214668934, -28.0, 8.0], [28.967366475667408, 166.2776872316224, -28.0, 8.0]], "num_spline_nodes": 10, "road_bbox_size": [0.0, 0.0, 250.0, 250.0], "distance_to_boundary": -0.513418710653303}, "seed": {"control_nodes": [[125.0, 0.0, -28.0, 8.0], [125.0, 25.0, -28.0, 8.0], [125.0, 50.0, -28.0, 8.0], [117.69070738193159, 74.90761889907589, -28.0, 8.0], [112.51181381324014, 96.81248635136953, -28.0, 8.0], [107.46508022811146, 121.62614014240258, -28.0, 8.0], [89.77044892079964, 143.85156500177627, -28.0, 8.0], [74.4309382583696, 152.81076374040876, -28.0, 8.0], [49.4461675828922, 151.93827632284624, -28.0, 8.0], [28.967366475667408, 166.2776872316224, -28.0, 8.0], [8.488565368442611, 180.61709814039855, -28.0, 8.0]],