{"name": "Road13", "members_distance": null, "m1": {"control_nodes": [[125.0, 0.0, -28.0, 8.0], [125.0, 25.0, -28.0, 8.0], [125.0, 50.0, -28.0, 8.0], [114.69070738193159, 73.90761889907589, -28.0, 8.0], [115.51181381324014, 100.81248635136953, -28.0, 8.0], [112.46508022811146, 118.62614014240258, -28.0, 8.0], [104.77044892079964, 139.85156500177627, -28.0, 8.0], [74.4309382583696, 152.81076374040876, -28.0, 8.0], [49.4461675828922, 151.93827632284624, -28.0, 8.0], [28.967366475667408, 166.2776872316224, -28.0, 8.0], [8.488565368442611, 180.61709814039855, -28.0, 8.0]], "sample_nodes": [[125.0, 25.0, -28.0, 8.0], [125.05486779306979, 27.786319634657705, -28.0, 8.0], [125.1920372757443, 30.58545205463529, -28.0, 8.0], [125.37035760322112, 33.390990867272826, -28.0, 8.0], [125.54867793069795, 36.19652967991037, -28.0, 8.0], [125.68584741337244, 38.995662099887966, -28.0, 8.0], [125.74071520644222, 41.78198173454567, -28.0, 8.0], [125.672130465105, 44.54908219122353, -28.0, 8.0], [125.43894234455834, 47.29055707726163, -28.0, 8.0], [125.0, 50.0, -28.0, 8.0], [124.25115937818936, 52.7136766746515, -28.0, 8.0], [123.19730605174165, 55.37315767913651, -28.0, 8.0], [121.9266630009564, 57.995533167659815, -28.0, 8.0], [120.52745320613315, 60.597893294426356, -28.0, 8.0], [119.08789964757148, 63.197328213640866, -28.0, 8.0], [117.69622530557095, 65.81092807950826, -28.0, 8.0], [116.44065316043111, 68.45578304623334, -28.0, 8.0], [115.40940619245144, 71.14898326802091, -28.0, 8.0], [114.69070738193159, 73.90761889907589, -28.0, 8.0], [114.30901410175987, 76.81330764818392, -28.0, 8.0], [114.20291013144531, 79.81958010914687, -28.0, 8.0], [114.3049565519164, 82.89230122343547, -28.0, 8.0], [114.54771444410176, 85.99733593252053, -28.0, 8.0], [114.86374488892983, 89.10054917787281, -28.0, 8.0], [115.18560896732916, 92.16780590096306, -28.0, 8.0], [115.44586776022832, 95.16497104326209, -28.0, 8.0], [115.57708234855582, 98.05790954624068, -28.0, 8.0], [115.51181381324014, 100.81248635136953, -28.0, 8.0], [115.34023818536865, 102.9530069177047, -28.0, 8.0], [115.12955577828403, 105.00594991095467, -28.0, 8.0], [114.8786391052885, 106.99157439451335, -28.0, 8.0], [114.58636067968425, 108.93013943177448, -28.0, 8.0], [114.25159301477358, 110.84190408613199, -28.0, 8.0], [113.87320862385872, 112.7471274209797, -28.0, 8.0], [113.4500800202419, 114.66606849971146, -28.0, 8.0], [112.9810797172254, 116.61898638572114, -28.0, 8.0], [112.46508022811146, 118.62614014240258, -28.0, 8.0], [111.89533206375177, 120.97577978198483, -28.0, 8.0], [111.3621186841628, 123.43226771168983, -28.0, 8.0], [110.81922401696575, 125.95074833221653, -28.0, 8.0], [110.22043198978179, 128.486366044264, -28.0, 8.0], [109.5195265302321, 130.99426524853112, -28.0, 8.0], [108.67029156593786, 133.42959034571692, -28.0, 8.0], [107.62651102452024, 135.7474857365204, -28.0, 8.0], [106.34196883360045, 137.9030958216405, -28.0, 8.0], [104.77044892079965, 139.8515650017763, -28.0, 8.0], [102.40057035704494, 141.98350764889278, -28.0, 8.0], [99.54247038267843, 143.95232022857024, -28.0, 8.0], [96.29811765476421, 145.7537693758372, -28.0, 8.0], [92.76948083036648, 147.38362172572204, -28.0, 8.0], [89.05852856654934, 148.83764391325315, -28.0, 8.0], [85.26722952037693, 150.11160257345895, -28.0, 8.0], [81.49755234891344, 151.2012643413679, -28.0, 8.0], [77.85146570922294, 152.10239585200836, -28.0, 8.0], [74.4309382583696, 152.81076374040873, -28.0, 8.0], [71.57187243962962, 153.12690680594122, -28.0, 8.0], [68.70302798688827, 153.08508969434013, -28.0, 8.0], [65.83748647773169, 152.7944646838131, -28.0, 8.0], [62.988329489745965, 152.36418405256813, -28.0, 8.0], [60.168638600517134, 151.90340007881287, -28.0, 8.0], [57.39149538763125, 151.52126504075528, -28.0, 8.0], [54.66998142867442, 151.32693121660313, -28.0, 8.0], [52.017178301232725, 151.42955088456418, -28.0, 8.0], [49.4461675828922, 151.93827632284624, -28.0, 8.0], [46.972952334786186, 152.86380655215768, -28.0, 8.0], [44.59245250989524, 154.1023388046448, -28.0, 8.0], [42.286125023576346, 155.59127267567246, -28.0, 8.0], [40.035426791186495, 157.2680077606056, -28.0, 8.0], [37.82181472808268, 159.06994365480892, -28.0, 8.0], [35.62674574962186, 160.93447995364744, -28.0, 8.0], [33.43167677116107, 162.79901625248596, -28.0, 8.0], [31.218064708057256, 164.60095214668934, -28.0, 8.0], [28.967366475667408, 166.2776872316224, -28.0, 8.0]], "num_spline_nodes": 10, "road_bbox_size": [0.0, 0.0, 250.0, 250.0], "distance_to_boundary": -0.6024186892755696}, "seed": {"control_nodes": [[125.0, 0.0, -28.0, 8.0], [125.0, 25.0, -28.0, 8.0], [125.0, 50.0, -28.0, 8.0], [114.69070738193159, 73.90761889907589, -28.0, 8.0], [115.51181381324014, 100.81248635136953, -28.0, 8.0], [112.46508022811146, 118.62614014240258, -28.0, 8.0], [100.77044892079964, 139.85156500177627, -28.0, 8.0], [74.4309382583696, 152.81076374040876, -28.0, 8.0], [49.4461675828922, 151.93827632284624, -28.0, 8.0], [28.967366475667408, 166.2776872316224, -28.0, 8.0], [8.488565368442611, 180.61709814039855, -28.0, 8.0]],