{"name": "Road12", "members_distance": null, "m1": {"control_nodes": [[125.0, 0.0, -28.0, 8.0], [125.0, 25.0, -28.0, 8.0], [125.0, 50.0, -28.0, 8.0], [116.69070738193159, 76.90761889907589, -28.0, 8.0], [115.51181381324014, 100.81248635136953, -28.0, 8.0], [112.46508022811146, 118.62614014240258, -28.0, 8.0], [88.77044892079964, 143.85156500177627, -28.0, 8.0], [74.4309382583696, 152.81076374040876, -28.0, 8.0], [49.4461675828922, 151.93827632284624, -28.0, 8.0], [28.967366475667408, 166.2776872316224, -28.0, 8.0], [8.488565368442611, 180.61709814039855, -28.0, 8.0]], "sample_nodes": [[125.0, 25.0, -28.0, 8.0], [125.04167911279951, 27.775901996365803, -28.0, 8.0], [125.14587689479833, 30.54899032061364, -28.0, 8.0], [125.28133401139678, 33.3206718088025, -28.0, 8.0], [125.4167911279952, 36.09235329699136, -28.0, 8.0], [125.52098890999403, 38.865441621239206, -28.0, 8.0], [125.5626680227935, 41.641343617605, -28.0, 8.0], [125.51056913179414, 44.42146612214775, -28.0, 8.0], [125.33343290239617, 47.20721597092643, -28.0, 8.0], [125.0, 50.0, -28.0, 8.0], [124.4121987101282, 52.9784123558972, -28.0, 8.0], [123.58812009367904, 55.97311960993188, -28.0, 8.0], [122.59308442145681, 58.97835142118794, -28.0, 8.0], [121.49241196426587, 61.988337448749405, -28.0, 8.0], [120.35142299291056, 64.99730735170019, -28.0, 8.0], [119.23543777819515, 67.99949078912428, -28.0, 8.0], [118.20977659092398, 70.98911742010561, -28.0, 8.0], [117.33975970190136, 73.96041690372817, -28.0, 8.0], [116.69070738193159, 76.90761889907589, -28.0, 8.0], [116.30044228966652, 79.62165210731645, -28.0, 8.0], [116.05861639551702, 82.34788775660039, -28.0, 8.0], [115.92939257007275, 85.07488871241064, -28.0, 8.0], [115.87693368392344, 87.79121784023016, -28.0, 8.0], [115.86540260765874, 90.48543800554185, -28.0, 8.0], [115.85896221186837, 93.1461120738287, -28.0, 8.0], [115.82177536714207, 95.76180291057366, -28.0, 8.0], [115.7180049440694, 98.3210733812596, -28.0, 8.0], [115.51181381324014, 100.81248635136953, -28.0, 8.0], [115.32063208617008, 102.91064081738811, -28.0, 8.0], [115.18795180879545, 104.94931917917002, -28.0, 8.0], [115.0729140498004, 106.94127623849369, -28.0, 8.0], [114.934659877869, 108.89926679713747, -28.0, 8.0], [114.73233036168537, 110.8360456568798, -28.0, 8.0], [114.42506656993373, 112.76436761949908, -28.0, 8.0], [113.97200957129809, 114.6969874867737, -28.0, 8.0], [113.33230043446262, 116.64666006048205, -28.0, 8.0], [112.46508022811146, 118.62614014240256, -28.0, 8.0], [110.804501039321, 121.47984439458679, -28.0, 8.0], [108.64779260991658, 124.46748118847351, -28.0, 8.0], [106.1034220119685, 127.5261995132106, -28.0, 8.0], [103.27985631754703, 130.59314835794606, -28.0, 8.0], [100.28556259872252, 133.60547671182778, -28.0, 8.0], [97.22900792756522, 136.50033356400377, -28.0, 8.0], [94.21865937614545, 139.21486790362184, -28.0, 8.0], [91.36298401653347, 141.68622871983, -28.0, 8.0], [88.77044892079962, 143.85156500177627, -28.0, 8.0], [87.12764820790552, 145.20818868253582, -28.0, 8.0], [85.56858471984523, 146.48986492311278, -28.0, 8.0], [84.06267697637587, 147.69001864563057, -28.0, 8.0], [82.57934349725458, 148.8020747722127, -28.0, 8.0], [81.08800280223855, 149.81945822498258, -28.0, 8.0], [79.55807341108489, 150.73559392606373, -28.0, 8.0], [77.95897384355075, 151.54390679757947, -28.0, 8.0], [76.26012261939326, 152.23782176165332, -28.0, 8.0], [74.4309382583696, 152.81076374040876, -28.0, 8.0], [71.99376527834265, 153.19719236001234, -28.0, 8.0], [69.34905139616761, 153.19271444901142, -28.0, 8.0], [66.54943064305996, 152.91307155630807, -28.0, 8.0], [63.64753705023509, 152.47400523080418, -28.0, 8.0], [60.69600464890842, 151.99125702140174, -28.0, 8.0], [57.74746747029538, 151.58056847700277, -28.0, 8.0], [54.85455954561138, 151.3576811465092, -28.0, 8.0], [52.06991490607185, 151.43833657882305, -28.0, 8.0], [49.44616758289221, 151.93827632284626, -28.0, 8.0], [46.972952334786186, 152.86380655215768, -28.0, 8.0], [44.59245250989524, 154.1023388046448, -28.0, 8.0], [42.286125023576346, 155.59127267567246, -28.0, 8.0], [40.035426791186495, 157.2680077606056, -28.0, 8.0], [37.82181472808268, 159.06994365480892, -28.0, 8.0], [35.62674574962186, 160.93447995364744, -28.0, 8.0], [33.43167677116107, 162.79901625248596, -28.0, 8.0], [31.218064708057256, 164.60095214668934, -28.0, 8.0], [28.967366475667408, 166.2776872316224, -28.0, 8.0]], "num_spline_nodes": 10, "road_bbox_size": [0.0, 0.0, 250.0, 250.0], "distance_to_boundary": -0.5357183954025553}, "seed": {"control_nodes": [[125.0, 0.0, -28.0, 8.0], [125.0, 25.0, -28.0, 8.0], [125.0, 50.0, -28.0, 8.0], [116.69070738193159, 76.90761889907589, -28.0, 8.0], [115.51181381324014, 100.81248635136953, -28.0, 8.0], [112.46508022811146, 118.62614014240258, -28.0, 8.0], [88.77044892079964, 143.85156500177627, -28.0, 8.0], [74.4309382583696, 152.81076374040876, -28.0, 8.0], [49.4461675828922, 151.93827632284624, -28.0, 8.0], [28.967366475667408, 166.2776872316224, -28.0, 8.0], [8.488565368442611, 180.61709814039855, -28.0, 8.0]],